fecha;exportaciones_petroleras_musd_fob;exportaciones_no_petroleras_musd_fob;importaciones_musd_fob;remesas_musd
2016-01;870.96;941.36;1200.48;331.26
2016-01;744.94;1250.71;1266.36;385.39
2016-01;735.78;1272.33;1519.62;206.23
2016-01;884.01;1430.07;900.81;212.32
2016-01;598.69;900.08;1374.39;245.91
2016-01;508.82;1376.46;1801.8;261.47
2016-01;547.66;877.36;NA;219.01
2016-01;520.55;831.72;1842.42;452.17
2016-01;723.51;1289.26;1815.55;417.95
2016-01;666.85;1395.97;1146.25;274.82
2016-01;917.7;1431.43;1550;222.39
2016-01;472.69;1026.9;1173.17;200.94
2016-01;783.45;938.28;1833.06;325.28
2016-01;685.16;936.17;1103.3;430.04
2016-01;778.61;1346.91;1882.65;230.63
2016-01;796.09;1109.34;1710.4;413.51
2016-01;527;899.06;NA;457
2016-01;757.52;1497.69;1551.33;233.95
2016-01;675.8;822.38;1142.08;289.45
2016-01;713.38;758.69;1019.38;246.93
2016-01;618.1;1287.28;1902.01;327.4
2016-01;811.66;1143.46;1647.1;422.96
2016-01;654.16;1489.95;1860.49;258.58
2016-01;404.81;1379.67;1542.12;374.36
2016-01;744.13;1459.15;1186.31;362.6
2016-01;641.32;1077.37;1366.29;449.05
2016-01;479.76;1285.4;1358.11;446.72
2016-01;771.22;923.57;1458.73;283.03
2016-01;673.07;1057;1837.92;288.12
2016-01;556.56;1076.18;941.6;251.92
2016-01;903.58;1304.65;1676.83;367.19
2016-02;656.28;1318.86;1098.78;380.05
2016-02;652.44;1084.93;1040.24;473.42
2016-02;648.31;1374.22;1681.83;414.64
2016-02;568.35;836.44;915.23;410.74
2016-02;409.25;1016.14;1386;353.14
2016-02;670.38;879.08;1465.23;424.67
2016-02;728.38;1079.58;1174.04;387.01
2016-02;595.18;1322.5;1529.46;295.13
2016-02;870.08;797.87;1562.87;399.32
2016-02;425.47;775.81;1170.52;394.48
2016-02;911.12;814.1;1121.03;450.04
2016-02;652.29;1233.62;922.63;244.99
2016-02;535.11;954.71;1398.72;444.83
2016-02;681.84;1297.93;1522.38;434.63
2016-02;745.16;764.25;1830.77;261.71
2016-02;572.9;992.3;1723.13;436.16
2016-02;564.53;874.28;1169.97;457.3
2016-02;687.12;1481.2;1404.72;238.62
2016-02;430.24;1471.13;924.42;340.26
2016-02;351.87;1286.06;1519.17;413.16
2016-02;678.56;1403.01;1834.7;439.38
2016-02;775.07;1270.91;1615.97;278.22
2016-02;536.55;781.35;1395.39;464.51
2016-02;445.44;976.8;1759.3;415.99
2016-02;775.72;1321.95;1564.27;438.58
2016-02;693.88;960.47;1423.14;378.12
2016-02;882.82;1302.95;1618.94;296.14
2016-02;924.89;1195.62;1850.09;380.67
2016-02;581.99;869.08;1612.85;466.16
2016-03;550.32;1223.92;1225.14;426.2
2016-03;831.06;1155.99;NA;414.06
2016-03;781.76;805.61;1763.31;392.15
2016-03;615.29;1122.83;1944.13;223.34
2016-03;444.14;1244.24;1140.05;426.76
2016-03;562.61;1244.87;1702.68;206.99
2016-03;884.64;1370.83;1031.1;467.93
2016-03;869.66;1048.81;1741.95;238.27
2016-03;922.84;1152.68;1370.45;378.89
2016-03;639.09;1074.24;1201.25;259.2
2016-03;717.8;1493.95;1174.7;323.85
2016-03;509.12;1089.91;1564.9;282.03
2016-03;401.32;1348.95;1057.81;249.13
2016-03;604.05;825.54;1302.89;348.21
2016-03;485.73;774.14;1499;308.35
2016-03;907.82;773.52;1578.49;391.93
2016-03;812.41;1326.88;NA;457.79
2016-03;682.72;844.8;1133.75;309.84
2016-03;667;895.08;1308.01;218.4
2016-03;672.13;949.12;908.57;398.62
2016-03;923.51;1171.99;1370.45;265.33
2016-03;914.1;1161.98;1937.97;292.48
2016-03;621.68;1450.95;1301.79;203.45
2016-03;432.21;1050.64;1361.45;201.56
2016-03;782.38;1002.47;1575.5;344.12
2016-03;621.3;782.96;1223.66;200.75
2016-03;359.99;905.53;1383.95;417.79
2016-03;397.39;1481.4;1220.3;262.27
2016-03;900.19;1360.68;1502.03;237.02
2016-03;593.53;994.78;1656.3;265.7
2016-03;693.44;1232.27;977.77;368.7
2016-04;893.91;1163.61;1742.02;444.24
2016-04;816.52;1080.27;927.29;247.37
2016-04;423.23;1086.03;1906.47;466.67
2016-04;437.44;1180.28;1106.34;301.08
2016-04;450.72;941.73;1344.64;200.78
2016-04;780.96;843.23;1506.05;275.71
2016-04;875.57;981.35;1576.62;202.01
2016-04;929.34;932.57;1613.16;242.22
2016-04;940.67;1115.21;1621.82;359.29
2016-04;677.45;1432.49;1841.75;263.69
2016-04;706.38;1005.71;1823.49;234.38
2016-04;924.49;1464.46;914.15;451.11
2016-04;551.06;1312.13;1072.2;373.22
2016-04;740.57;1346.82;1644.07;454.88
2016-04;544.58;1076.56;1427.31;294.59
2016-04;770.36;789.9;1443.61;345.35
2016-04;415.84;1426.29;1816.88;265.21
2016-04;917;1330.29;1597.51;247.18
2016-04;458.62;1426.78;1761.52;333.64
2016-04;767.59;784.67;1175.52;362.74
2016-04;840.31;1475.68;1664.8;443.59
2016-04;844.11;1293.48;1727.19;383.6
2016-04;738.53;1482.08;1335.47;455.8
2016-04;570.81;830.74;1885.12;282.05
2016-04;882.99;1119.42;1053.76;380.95
2016-04;939.47;1416.31;1418.43;378.72
2016-04;688.2;1125.43;1687.14;212.79
2016-04;886.28;838.63;1941.46;447.34
2016-04;849.63;1264.44;1775.59;221.41
2016-04;580.03;1376.49;1812.27;457.67
2016-05;782.4;1121.98;1261.23;427.04
2016-05;919.69;902.89;1809.63;436.81
2016-05;756.22;1245.52;1820.88;337.6
2016-05;400.98;1461.5;1093.85;235.25
2016-05;475.7;904.76;1094.53;425.01
2016-05;497.37;910.72;1088.92;434.49
2016-05;837.91;1343.55;1751.43;382.43
2016-05;666.97;1462.51;1599.43;225.95
2016-05;658.59;1246.51;1366.44;448.77
2016-05;517.28;1043.85;1764.84;356.74
2016-05;437.17;1018.76;1293.95;427.68
2016-05;418.92;964.91;1457.11;206.21
2016-05;850.37;1415.54;NA;476.67
2016-05;446.87;1292.31;1530.02;451.24
2016-05;636.6;1242.01;1391.72;357.23
2016-05;356.77;835.55;1178.76;200.34
2016-05;869.49;1246.3;1680.64;265.38
2016-05;606.87;1255.86;1428.62;322.48
2016-05;867.64;1240.67;1706.42;409.66
2016-05;539.59;995.42;1868.66;375.12
2016-05;818.46;1240.34;1805.83;314.53
2016-05;646.27;935.35;1947.24;336.69
2016-05;854.08;1462.68;1206.33;328.44
2016-05;477.15;773.45;1180.85;275.48
2016-05;426.44;1175.14;1494.75;246.33
2016-05;741.89;1499.93;904.09;239.82
2016-05;899.63;814.43;1523.12;238.71
2016-05;766.36;978.24;1699.91;358.02
2016-05;588.96;898.92;1705.34;203.96
2016-05;638.14;1398.92;1015.77;460.06
2016-05;739.7;780.95;1092.74;336.98
2016-06;826.27;1247.29;1119.92;222.32
2016-06;598.67;1437.5;1195.55;231.67
2016-06;675.75;1138.29;1558.61;424.3
2016-06;614.23;1074.21;1471.73;337.8
2016-06;856.56;1008.69;1589.34;449.83
2016-06;409.96;1486.07;1606.79;428.7
2016-06;872.01;1467.74;1517.75;266.9
2016-06;714.09;1176;1810.97;300.82
2016-06;845.68;976.01;1942.13;272.68
2016-06;717.68;1431.74;1562.44;423.57
2016-06;737.83;1130.49;1579.82;365.78
2016-06;384.12;803.25;1742.66;200.08
2016-06;503.82;1230.16;1855.59;328.35
2016-06;788.76;1141.18;1603.08;448.35
2016-06;577.24;884.66;1669.72;285.94
2016-06;822.81;785.41;1246.55;392.26
2016-06;787.62;827.79;1417.41;249.72
2016-06;939.96;768.75;1422.81;374.83
2016-06;509.34;807.37;1914.22;381.06
2016-06;610.01;1156.47;1877.37;307.77
2016-06;662.48;1097.9;1150.26;313.96
2016-06;742.63;1444.23;1347.41;314.36
2016-06;473.72;1382.28;1049.5;238.71
2016-06;644.09;1494.73;993.16;282.27
2016-06;939.94;979.02;1901.06;382.19
2016-06;904.12;1177.04;1441.08;230.68
2016-06;774.22;1224.62;1476.33;226.06
2016-06;500.66;1298.44;1527.06;377.12
2016-06;582;921.27;901.23;234.52
2016-06;695.82;865.76;1918.07;381.58
2016-07;948.31;1209.81;1926.25;368.83
2016-07;390.07;889.89;1479.58;434.75
2016-07;386.57;868.58;1313.36;263.18
2016-07;385.19;1072.4;1736.46;206.2
2016-07;888.75;868.23;1386.67;390.21
2016-07;382.03;920.97;1272.85;421.45
2016-07;668.98;878.2;1829.4;221.47
2016-07;610.56;1437.08;1736.23;268.16
2016-07;725.03;947.58;1219.12;308.1
2016-07;649.49;844.18;1945.4;331.63
2016-07;529.01;1031.31;1759.73;261.5
2016-07;694.51;1378.47;1561.55;369.01
2016-07;707.52;760.21;1428.24;273.12
2016-07;784.62;1123.54;1585.81;426.49
2016-07;487.18;1473.31;1528.21;383.09
2016-07;370.31;1146.21;1854.1;439.42
2016-07;615.26;905.94;963.74;351.8
2016-07;514.14;789.01;952.6;271.75
2016-07;548.72;992.61;1923.55;381.93
2016-07;354.24;1155.76;1159.75;365.89
2016-07;936.83;1259.57;1021.59;281.42
2016-07;598.99;1393.71;1459.75;209.51
2016-07;799.84;1356.17;1287.33;204.25
2016-07;732.83;1288.39;1555.83;331.27
2016-07;921.53;1242.87;926.67;402.37
2016-07;647.56;1208.16;1891.86;465.87
2016-07;393.71;848.89;1841.18;294.21
2016-07;752.92;1078.32;1283.82;406.37
2016-07;453.59;1402.35;NA;275.3
2016-07;586.77;829.33;1389.5;330.88
2016-07;435.37;1496.23;1222.97;378.22
2016-08;720.94;1281.24;1252.4;431.15
2016-08;566.81;1409.59;1664.79;269.44
2016-08;672.01;1438.47;1666.8;257.5
2016-08;750.28;1294.07;1144.3;300.93
2016-08;942.32;1054.23;1303.94;344.42
2016-08;514.23;1094.09;1809.49;217.62
2016-08;563.82;1360.85;1126.65;245.06
2016-08;677.5;1152.34;1630.61;384.32
2016-08;706.05;1161.72;1945.74;352.02
2016-08;518.89;930.28;1470.12;350.02
2016-08;726.84;835.09;1551.7;203.54
2016-08;778.14;900.22;1379.38;417.75
2016-08;610.63;857.31;951.36;264.17
2016-08;895.28;864.3;1445.99;368.96
2016-08;478.53;1271.44;1855.78;471.56
2016-08;794.07;1423.62;1711.95;474.87
2016-08;737.11;974.91;1468.73;331.65
2016-08;692.87;936.35;1921.98;238.65
2016-08;927.01;1336.65;1736.97;250.16
2016-08;839.13;1284.28;1473.56;360.15
2016-08;414.86;1272.71;1030.55;394.01
2016-08;536.23;1139.78;1782.75;470.07
2016-08;411.39;804.85;1854.48;205.44
2016-08;432.41;1129.59;1250.96;415.25
2016-08;668.39;1063.86;1308.62;360.62
2016-08;359.21;1456.5;NA;309.3
2016-08;850.12;840.38;1686.51;233.33
2016-08;672.52;1177.51;1693;350.22
2016-08;722.1;1267.92;1289.45;296.91
2016-08;684.2;1387.09;1917.83;477.91
2016-08;697.86;997.43;1351.93;408.89
2016-09;564.01;977.97;1136.95;307.01
2016-09;545.51;1204.7;982.89;412.55
2016-09;459.2;868.91;931.22;456.95
2016-09;780.71;835.15;1356.33;261.86
2016-09;544.75;892.9;1088.96;450.03
2016-09;590.13;1042.7;1828.92;462.32
2016-09;798.48;1009.72;1924.9;209.7
2016-09;909.66;1272.61;1268.39;383.57
2016-09;621.33;759.69;1261.16;323.05
2016-09;692.95;1392.08;1162.75;447.09
2016-09;401.29;1337.93;1420.8;461.75
2016-09;498.95;890.85;1142.59;438.97
2016-09;462.16;1267.39;1118.27;348.32
2016-09;692.5;1113.76;996.66;280.92
2016-09;483.19;1131.86;1896.6;366.37
2016-09;744.24;1156.29;996.91;427.48
2016-09;495.52;1150.38;1119.24;294.15
2016-09;833.16;850.15;NA;420.27
2016-09;844.96;829.09;1936.45;463.92
2016-09;867.28;1212.75;1116.26;417.66
2016-09;452.11;800.32;1877.41;300.51
2016-09;894.81;1107.07;1014.71;334.33
2016-09;474.38;756.78;1775.87;235.44
2016-09;428.23;1188.51;1896.61;336.85
2016-09;524.15;1309.27;1033.67;346.13
2016-09;539.85;1151.84;1900.44;386.55
2016-09;489.23;1388.18;1033.02;277.3
2016-09;858.17;1041.56;1138.12;259.5
2016-09;447.08;1253.92;1059.59;410.44
2016-09;633.68;1425.13;1361.87;457.51
2016-10;412.06;1147.45;1507.53;464.31
2016-10;484.22;1459.31;1214.69;243.57
2016-10;785.5;950.48;1580.11;229.19
2016-10;666.16;1117.01;1855.72;384.65
2016-10;898.36;1314.33;1913.86;317.41
2016-10;857.64;1441.55;1286.75;450.28
2016-10;390.36;1000.2;1234.8;316.14
2016-10;598.52;1016.17;1573.24;395.52
2016-10;799.78;1055.93;1232.15;286.79
2016-10;499.11;1352.98;NA;418.27
2016-10;797.59;1318.67;1909.47;387.03
2016-10;555.49;1343.71;1046.35;317.36
2016-10;932.49;974.66;1149.28;341.18
2016-10;799.79;967.89;1761.41;395.06
2016-10;763.79;1069.62;1025.06;232.57
2016-10;397.28;1341.42;1463.33;389.17
2016-10;617.67;836.32;1231.62;208.56
2016-10;819.69;1456.05;NA;330.68
2016-10;551.41;867.95;1035.35;393.68
2016-10;592.69;1403.5;1126.46;306.53
2016-10;661.49;1027.08;1784.54;242.04
2016-10;763.76;754.58;1679.73;448.58
2016-10;712.19;1278.13;1883.44;425.78
2016-10;715.83;1017.67;1199.06;265.35
2016-10;427.79;1011.6;1159.62;311.3
2016-10;764.2;945.21;1755.16;217.58
2016-10;355.63;815.24;1223.13;324.07
2016-10;537.61;1451.63;914.42;426.67
2016-10;843.16;1284.12;1132.39;223.96
2016-10;842.38;930.85;1206.7;354.99
2016-10;413.83;1080.22;1801.89;332.69
2016-11;417.2;816.91;932.83;411.4
2016-11;429.84;999.8;1152.88;239
2016-11;741.83;1429.42;1550.49;367.39
2016-11;807.43;1222.54;1025.83;234.13
2016-11;804.52;1286.09;1096.27;231.49
2016-11;675.8;1175.97;1533.77;385.75
2016-11;648.41;956.09;1518.68;352.3
2016-11;823.3;1131.64;1155.37;451.78
2016-11;754.69;772.05;1121.68;267.34
2016-11;509.63;789.47;1737.34;387.45
2016-11;640.32;1132.34;1484.08;384
2016-11;573.38;1348.2;1041.2;470.08
2016-11;641.16;985.3;1282.55;468.2
2016-11;797.4;766.84;1212.31;369.11
2016-11;412.23;1436.35;1251.39;272.07
2016-11;771.23;1304.95;1782.48;296.25
2016-11;357.13;1071.56;1031.47;286.44
2016-11;498.92;1359.26;1470.91;274.18
2016-11;682.49;1033.65;1588.97;418.48
2016-11;776.44;1187.39;1746.79;349.2
2016-11;818.05;1317.98;1905.81;288.88
2016-11;699.4;1348.35;1069.48;409.08
2016-11;489.76;1042.11;1000.25;310.2
2016-11;477.75;1448.24;1445.32;301.4
2016-11;746.21;1296.1;1153.87;405.64
2016-11;747;1254.99;1171.52;272.78
2016-11;870.88;1081.21;1856.87;330.32
2016-11;680.65;939.89;1861.38;446.05
2016-11;812.31;828.28;1355.54;431.82
2016-11;940.35;1250.84;1002.54;271.74
2016-12;368.56;816.23;1801.63;301.04
2016-12;782.08;857.98;1427.34;220.49
2016-12;794.62;1141.33;1511.89;394.69
2016-12;445.31;1401.59;1906.56;270.31
2016-12;374.6;1122.24;1483.68;329.49
2016-12;614.25;1401.24;1674.5;326.77
2016-12;410.01;1300.38;1471.35;318.01
2016-12;447.12;1052.21;1246.79;376.21
2016-12;945.66;1397.88;1315.33;305.19
2016-12;565.21;990.01;1920.01;315.4
2016-12;505.1;1290.15;1732.09;449.6
2016-12;692.07;1359.33;1661.92;376.21
2016-12;370.29;1131.09;1206.03;429.57
2016-12;462.91;1369.31;1945.37;273.39
2016-12;760.59;943.55;1598.54;423.38
2016-12;363.77;1361.85;1595.44;278.27
2016-12;482.21;1245.56;1059.49;414.9
2016-12;374.16;1058.38;1213.81;256.3
2016-12;406.3;1347.76;1399.98;380.88
2016-12;666.43;822.44;1050.66;248.6
2016-12;365.95;861.01;1796.4;451.98
2016-12;625.22;894.94;1841.93;416.27
2016-12;556.71;874.67;1761.84;294.3
2016-12;556.5;762.27;1297.48;292.64
2016-12;771.19;877.7;1499.93;351.77
2016-12;595.17;1405.19;1758.15;447.03
2016-12;943.43;890.81;1930.55;215.56
2016-12;653.65;912.06;1219.63;203.46
2016-12;715.31;786.45;1427.11;369.14
2016-12;456.57;1296.75;1775.21;347.06
2016-12;734.89;1298.22;1639.6;232.76
2017-01;526.74;1111.09;1634.93;213.06
2017-01;604.65;1219.64;1622.53;212.6
2017-01;782.59;1472.32;1239.91;313.48
2017-01;386.24;1325.71;979.33;427.27
2017-01;351.97;866.69;1422.43;294.74
2017-01;737.47;783.05;1062.36;238.28
2017-01;571.84;1397.29;1631.34;334.61
2017-01;916.63;1109.22;1638.93;472.7
2017-01;397.15;1368.92;1585.46;263.32
2017-01;843.29;1111.33;1170.57;444.68
2017-01;686.01;968.07;1707.1;377.77
2017-01;944.78;1194.69;1248.22;260.74
2017-01;888.33;996.3;1562.07;292.23
2017-01;702.09;1120.12;956.56;274.58
2017-01;866.89;1098.57;1617.49;330.4
2017-01;832.52;1405.05;1236.45;346.72
2017-01;476.58;1255.28;1603.6;399.57
2017-01;565.02;1103;1047.87;273.22
2017-01;800.06;1476.37;937.96;313.8
2017-01;381.15;1407.39;1638.2;471.24
2017-01;598.83;823.97;1357.1;419.57
2017-01;807.82;850.99;1217.15;275.05
2017-01;747.55;1410.14;1382.5;324.82
2017-01;360.45;1336.02;966.41;408.78
2017-01;946.71;1195.29;1085.17;478.7
2017-01;737.27;1183.86;1020.27;366.04
2017-01;859.18;1357.49;NA;470.51
2017-01;588.87;1237.14;910.75;228.04
2017-01;653.17;759.26;1262.24;346.06
2017-01;474.86;815.24;1478.08;331.72
2017-01;633.38;1227.99;1694.96;316.89
2017-02;435.71;1271.12;1296.08;383.45
2017-02;574.04;958.91;1329.99;223.8
2017-02;403.06;824.81;1722.48;216.76
2017-02;406.18;915.26;1708.94;231.58
2017-02;498.69;1242.89;1004.71;243.57
2017-02;485.97;1016.89;1138.79;378.36
2017-02;844.91;1145.86;1874.49;309.45
2017-02;495.84;1418.93;1846.03;259.81
2017-02;899.39;1336.56;1153.14;282.87
2017-02;545.86;1123.85;1615.2;467.48
2017-02;656.14;1480.22;1100.18;342.51
2017-02;786.24;1059.32;1859.29;225.67
2017-02;850.16;1432.66;1880.57;254.21
2017-02;576.1;1391.38;1567.31;296.91
2017-02;645.47;1018.31;1888.5;346.66
2017-02;732.28;1382.24;1215.81;402.52
2017-02;712.09;987.24;1581.89;443.05
2017-02;402.88;887.85;1375.84;361.54
2017-02;785.82;1108.24;1804.8;317.32
2017-02;665.15;955.25;1053.06;422.05
2017-02;584.72;991.42;1642.9;405.15
2017-02;905.76;1040.05;1083.41;330.05
2017-02;683.09;1256.87;1670.51;341.22
2017-02;371.91;1013.03;1732.59;385.58
2017-02;878.7;836.63;1363.56;251.03
2017-02;525.3;1313.05;1707.93;284.49
2017-02;698.44;987.28;1672.91;323.75
2017-02;640.89;830.38;1697.23;299.43
2017-03;786.28;1262.1;1237.59;476.29
2017-03;404.57;866.66;1590.69;376.95
2017-03;414.38;1101.29;1591.29;283.11
2017-03;619.85;774.1;1145.2;222.7
2017-03;885.07;845.3;1355.21;431.94
2017-03;591.82;907.61;1272.5;420.48
2017-03;559.9;931.31;1159.25;449.04
2017-03;613.97;776.81;NA;211.85
2017-03;887.63;1400.28;1150.02;259.48
2017-03;774.08;1330.89;1222.44;434.39
2017-03;798.11;1315.6;1811.13;428.29
2017-03;510.95;1353.8;1806.5;460.83
2017-03;611.17;937.06;1869.27;464.09
2017-03;651.63;1498.83;1528.78;415.83
2017-03;902.53;1459.96;1171.63;239.36
2017-03;812.52;1073.18;1788.31;274.61
2017-03;711.84;1061.72;1032.81;260.79
2017-03;636.98;1486.7;990.69;400.22
2017-03;939.75;1085.56;1732.57;254.83
2017-03;353.38;1359.32;1918.94;375.55
2017-03;427.31;792.18;1265.43;289.86
2017-03;861.59;1249.56;1023.3;384.63
2017-03;679.36;1112.6;1883.98;438.41
2017-03;583.58;1425.09;1137.95;208.43
2017-03;455.96;1404.29;1423.31;455.19
2017-03;749.42;853.22;1563.86;414.18
2017-03;489.32;1021.3;1607.91;253.73
2017-03;590.1;926.29;NA;388.36
2017-03;393.64;1487.76;1263.79;334.39
2017-03;393.7;956.45;1498.33;468.11
2017-03;538.89;1211.99;946.48;458.31
2017-04;585.97;1045.77;1146.64;342.27
2017-04;821.25;1138.66;1298.57;221.56
2017-04;398.14;1074.08;1388.67;359.04
2017-04;630.63;938.64;1878.73;370.72
2017-04;928.67;774.98;1723.23;356.5
2017-04;659.63;1177.02;1380.51;444.34
2017-04;459.72;1041.35;1002.26;375.52
2017-04;597.56;1332.72;1872.86;380.95
2017-04;357.88;772.24;1071.08;392.79
2017-04;381.13;1426.39;1069.99;425.55
2017-04;503.51;1380.2;1212.19;267.39
2017-04;557.17;960.88;1786.12;240.51
2017-04;567.94;1337.95;1210.04;217.47
2017-04;751.01;1256.66;984.27;209.07
2017-04;733.2;1281.27;1032.95;282.92
2017-04;807.72;817.86;1031.06;294.6
2017-04;398.98;1364.35;1339.59;213.48
2017-04;762.27;1362.72;NA;260.81
2017-04;728.64;913.01;913.21;206.84
2017-04;657.14;1212.1;1617.52;344.07
2017-04;941.96;955.69;931.27;335.25
2017-04;471.22;951.88;1053.55;232.68
2017-04;741.15;1240.55;1078.81;297.23
2017-04;911.38;1436.55;1619.85;352.7
2017-04;433.06;932.43;1125.58;202.46
2017-04;407.66;1253.89;1854.64;222.26
2017-04;894.62;1074.55;1156.31;473.9
2017-04;364.96;1138.68;1615.91;430.2
2017-04;664.66;858.62;1590.27;394.05
2017-04;541.26;1104.45;1007.25;298.79
2017-05;949.68;909.45;1304.37;411.99
2017-05;420.48;1140.27;1800.81;447.95
2017-05;924.41;1464.52;1755.57;258.16
2017-05;604.89;1226.41;904.17;401.45
2017-05;773.86;1161.03;1448.34;313.47
2017-05;755.84;1298.38;1498.45;442.44
2017-05;764.64;1477.76;1351.02;319.25
2017-05;821.58;1144.07;1099.45;220.31
2017-05;860.27;1198.09;1469.58;473.23
2017-05;794.81;1405.8;1795.76;272.31
2017-05;753.06;988.32;1057.8;262.28
2017-05;722.19;1263.62;1185.3;438.48
2017-05;718.65;1385.74;1500.66;307.94
2017-05;932.81;1080.92;1116.53;415.5
2017-05;358.41;953.46;963.59;422.6
2017-05;783.16;1449.53;1163.06;406.46
2017-05;873.86;923.47;1311.77;422.57
2017-05;353.24;925.45;1017.41;344.32
2017-05;814.75;1295.65;1670.94;299.14
2017-05;387.51;1105.47;1791.17;382.46
2017-05;869.6;1167.97;976.92;234.27
2017-05;891.14;1209.62;961.82;355.41
2017-05;762.63;1267.59;1244.82;382.33
2017-05;627.91;808.35;1159.81;475.74
2017-05;826.84;1263.94;1091.54;358.97
2017-05;625.51;1482.87;1893.89;424.62
2017-05;404.77;1140.44;1697.67;424.82
2017-05;823.4;880.37;1188.92;252.53
2017-05;643.74;935.88;1686.21;296.89
2017-05;618.15;759.41;1385.46;446.99
2017-05;872.27;844.83;1740.55;337.19
2017-06;678.5;1445.27;1913.13;411.03
2017-06;428.83;1151.47;1710.45;294.3
2017-06;634.21;955.09;1071.85;289.63
2017-06;725.49;1287.43;NA;288.12
2017-06;484.12;1495.98;1229.9;287.09
2017-06;614.67;945.59;1624.65;391.29
2017-06;523.61;1296.31;1380.51;217.95
2017-06;698.14;1466.29;1006.12;457.82
2017-06;358.42;947.46;1380.47;407.59
2017-06;828.75;882.49;1490.95;318.77
2017-06;542.94;1157.24;1806.43;316.39
2017-06;851.03;1466.06;1412.89;281.5
2017-06;388.91;1421.12;943.66;440.59
2017-06;453.96;1330.04;1427.76;312.18
2017-06;841.05;1402.25;1735.94;473.8
2017-06;765.66;1419.56;1922.73;379.44
2017-06;729.65;1277.08;1268.46;413.81
2017-06;782.81;1372.33;1664.72;407.63
2017-06;452.97;1408.25;1171.56;386.88
2017-06;903.06;1311.97;1372.53;327.93
2017-06;629.83;996.4;1261.8;435.71
2017-06;527.09;946.45;1074.47;262.37
2017-06;596.29;890.49;1003.71;304.1
2017-06;687.69;1166.68;NA;203.27
2017-06;600.68;1167.05;1930.42;436.95
2017-06;632.74;912.19;1620.89;405.54
2017-06;638.23;829.79;1427.52;312.98
2017-06;751.64;1195.26;1592.51;360.48
2017-06;686.42;1172.1;1390.29;300.22
2017-06;903.73;1190.12;1187.6;330.93
2017-07;380.05;1418.98;1076.11;255.33
2017-07;886.32;953.4;1189.22;276.33
2017-07;613.8;957.13;1392.28;299.96
2017-07;356.34;926.85;1769.51;246.52
2017-07;820.26;1087.23;1112.16;352.02
2017-07;917.01;848.64;1327.84;269.08
2017-07;486.58;847.17;1115.48;320.71
2017-07;740.61;1264.54;961.44;223.99
2017-07;878.7;1404.78;904.94;300.44
2017-07;816.65;1111.64;1797;408.74
2017-07;909.07;778.34;1262.83;464.33
2017-07;646.63;866.01;1040.71;218.1
2017-07;800.55;901.63;1918.83;360.56
2017-07;672.02;1073.17;1686.56;465.07
2017-07;935.92;1138.35;1884.71;360.47
2017-07;836.12;838.58;986.35;340.82
2017-07;462.69;1331.18;1552.24;398.54
2017-07;405.16;893.76;1435.74;403.61
2017-07;437.29;1159.68;1796.96;271.63
2017-07;459.98;1220.84;1320.54;362.22
2017-07;729.7;1007.24;1002.8;305.71
2017-07;920.87;942.41;991.04;394.62
2017-07;570.67;1178.82;1206.41;351.09
2017-07;436.16;1324.45;1205.31;336.91
2017-07;912.55;1467.45;1538.58;402.87
2017-07;837.75;1205.69;1383.61;233.72
2017-07;848.93;1214.01;1062.25;308.4
2017-07;465.95;1380.62;1146.97;359.85
2017-07;499.58;956.79;1634.47;365.13
2017-07;713.19;928.38;1753.6;384.01
2017-07;501.19;1173.48;1667.69;386.63
2017-08;711.9;1076.17;1118.77;471.71
2017-08;432.04;1113.74;1435.2;389.08
2017-08;535.03;1095.85;1462.76;297.52
2017-08;361.41;1239;1245.45;280.91
2017-08;938.11;769.8;1877.24;318.19
2017-08;779.44;1007.95;1163.4;243.9
2017-08;370.46;1086.55;1731.78;421.11
2017-08;924.99;1238.64;1776.38;350.51
2017-08;914.62;975.65;1378.38;231.79
2017-08;681.66;1389.47;1536.49;459.16
2017-08;488.56;1441.16;1630.85;463.18
2017-08;737.65;941.62;951.35;436.29
2017-08;885.88;888.81;962.94;422.03
2017-08;426.45;763.89;1130.33;278.48
2017-08;573.94;1468.93;1025.34;249.93
2017-08;550.39;1100.64;1698.2;273.33
2017-08;893.91;988.03;1544.06;476.06
2017-08;642.03;1334.39;1640.72;204.39
2017-08;923.52;1411.17;1351.37;358.12
2017-08;714.39;1037.33;1880.16;456.48
2017-08;415.1;962.26;955.18;416.78
2017-08;410.56;1487.37;938.58;405.72
2017-08;453;918.87;1034.21;379.9
2017-08;855.6;824.03;1239.89;476.16
2017-08;893.42;1417.8;1874.54;448.22
2017-08;800.59;766.28;1609.61;477.05
2017-08;818.21;1294.21;1691.37;365.03
2017-08;890.23;1012.85;983.92;358.32
2017-08;716.82;972.24;1663.97;364.1
2017-08;763.46;848.18;1255.28;218.23
2017-08;551.12;911.85;1205.25;216.1
2017-09;900.58;885.62;1079.49;306.32
2017-09;375.62;901.53;1463.21;306.82
2017-09;846.74;1303.73;1521.81;295.46
2017-09;462.62;1381.57;1322.1;387.38
2017-09;355.84;1310.57;1098.88;405.86
2017-09;721.97;1388.05;1040.34;460.99
2017-09;775.45;1313.84;942.11;202.63
2017-09;446.23;926.13;1646.43;371.82
2017-09;669.14;752.91;1408.27;449.34
2017-09;560.83;1388.72;934.23;283.74
2017-09;883.68;1163.05;1200.73;218.55
2017-09;630.43;965.88;1157.56;201.13
2017-09;661.31;984.4;1330.86;363.61
2017-09;754.69;946.28;1166.2;476.28
2017-09;628.07;977.68;1043.01;423.38
2017-09;864.22;1047.39;958.86;456.97
2017-09;578.05;1106.58;NA;221.34
2017-09;650.13;1236.21;1822.03;251.05
2017-09;468.2;949.92;1607.89;435.46
2017-09;385.61;1414.5;1706.66;437.95
2017-09;807.45;799.22;1800.76;405.71
2017-09;373.46;1470.81;1921;356.89
2017-09;770.83;1371.25;1257.14;340.61
2017-09;943.52;1411.3;918.46;445.16
2017-09;519.35;1060.79;1167.4;344.45
2017-09;547.36;1165.28;1721.81;269.67
2017-09;411.92;815.4;1024.04;431.15
2017-09;464.06;1182.01;1208.31;379.64
2017-09;662.1;789.4;990.6;446.34
2017-09;795.46;1200.24;1621.94;447.4
2017-10;551.58;1426.83;1812.99;279.89
2017-10;443.26;764.05;1275.19;241.38
2017-10;808.17;1141.23;1122.92;256.5
2017-10;938.1;1064.72;1196.51;385.17
2017-10;933.17;1414.81;1100.22;250.75
2017-10;556.21;1236.68;1187.04;343.01
2017-10;938.19;1429;1552.61;210.92
2017-10;391.05;776.66;1561.56;227.6
2017-10;442.3;914.96;997.03;335.54
2017-10;504.46;1115.41;1659.04;234.14
2017-10;381.9;905.6;1622.24;339.99
2017-10;441.7;843.63;1116.06;346.46
2017-10;684.87;1346.44;1686.04;433.17
2017-10;475.42;1256.38;1629.58;210.68
2017-10;443.89;1053.29;1164.64;345.36
2017-10;505.63;973.83;1485.78;200.23
2017-10;695.03;1079.96;1510.07;437.37
2017-10;682.4;781.04;1437.7;445.46
2017-10;880.3;1372.77;1545.01;453.51
2017-10;564.95;1094.76;1932.61;415.68
2017-10;916.16;1010.66;1361.76;308.99
2017-10;511.81;1497.97;1108;326.28
2017-10;861.8;1119;1865.78;341.14
2017-10;487.58;1019.99;1749.77;376.4
2017-10;753.41;869.31;1037.83;241.71
2017-10;939.18;1047.51;1136.12;204.47
2017-10;764.08;1255.47;1392.6;466.54
2017-10;519.4;1408.49;1920.96;428.75
2017-10;533.13;1277.28;1715.5;209.73
2017-10;912.76;884.52;1537.93;337.35
2017-10;648.25;1381.47;1142.54;389.4
2017-11;360.21;1480.3;1115;297.76
2017-11;671.87;1390.96;1770.26;262.85
2017-11;429.85;1054.21;1438.52;224.34
2017-11;521.93;752.09;1039.46;266.49
2017-11;488.9;1442.6;1685.44;332.88
2017-11;808.87;1150.61;1420.22;323.98
2017-11;372.44;828.71;1689.34;455.94
2017-11;723.1;1304.16;1393.6;209.27
2017-11;663.43;1375.99;1788.8;321.69
2017-11;542.5;891.53;1064.13;290.78
2017-11;796.39;968.88;1436.28;376.02
2017-11;636.88;1332.84;1710.46;226.96
2017-11;706.11;1458.6;913.12;260.98
2017-11;350.66;849.9;1030.32;465.46
2017-11;769.14;1255.15;1494.52;348.22
2017-11;726.44;752.08;1258.71;270.06
2017-11;547.17;765.31;1682.12;212.09
2017-11;512.68;1028.64;1341.13;319.02
2017-11;861.69;1025.26;1171.63;252.55
2017-11;873.9;1020.02;1189.89;471.84
2017-11;402.05;1209.9;1731.67;302.11
2017-11;783.68;1485.66;1928.71;289.24
2017-11;385.57;1436.99;1226.66;450.01
2017-11;726.65;866.65;NA;247.78
2017-11;483.55;1258.02;1275.41;428.5
2017-11;747.38;812.37;1108.01;370.08
2017-11;532.09;1175.86;1888.84;288.44
2017-11;520.71;1119.49;1755.78;426.09
2017-11;371.15;1497.14;1330.05;478.16
2017-11;453.83;863.27;1499.23;309.99
2017-12;929.48;1378.04;908.64;256.9
2017-12;946.93;903.74;1898.69;281.82
2017-12;519.76;1254.38;1770.74;454.28
2017-12;690.24;1231.72;1896.78;463.36
2017-12;655.25;1440.33;1147.49;341.1
2017-12;880.53;987.75;1391.15;449.14
2017-12;913.8;1490.92;1520.38;410.5
2017-12;408.29;963.22;1221.89;435.67
2017-12;592.62;1305.06;1929.1;335.22
2017-12;891.26;1247.18;909;262.03
2017-12;554.21;1314.04;1724.98;229.12
2017-12;425.28;1492.02;1881.59;308.14
2017-12;475.34;822.22;1930.72;386.22
2017-12;848.63;1365.27;1948.32;456.03
2017-12;729.65;787.3;1790.35;233.4
2017-12;619.89;1060.1;1249.53;254.01
2017-12;676.98;1157.84;1898.82;386.91
2017-12;512.57;864.83;941.99;284.82
2017-12;807.19;1196.79;1686.13;460.33
2017-12;524.55;1183.29;1815.01;231.86
2017-12;904.84;794.14;1171.73;244.77
2017-12;521.8;1280.57;1777.41;359.57
2017-12;676.44;1494.96;1275.37;401.79
2017-12;774.32;1130.83;NA;332.61
2017-12;472.89;1280.36;1483.23;200.36
2017-12;609.96;1190.99;1922.73;397.93
2017-12;804.16;1030.11;1347.5;433.4
2017-12;430.23;820.46;1245.56;401.68
2017-12;435.24;1312.15;1271.31;436.91
2017-12;619.3;820.64;1703.72;214.02
2017-12;373;1009.9;1709.3;450.4
2018-01;548.04;989.5;1823.22;407.83
2018-01;804.24;1158.65;1539.45;381.16
2018-01;851.05;1114.55;998.69;201.71
2018-01;937.12;816.19;1890.27;423.09
2018-01;356.14;1115.19;1057.12;317.17
2018-01;451.15;1160.77;1330.43;264.18
2018-01;877.01;1370.22;1479.49;417.08
2018-01;683.41;942.58;1027.43;251.82
2018-01;478.59;1228.23;1300.38;277.51
2018-01;431.21;1164.19;976.37;267.47
2018-01;496.09;863.1;1379.15;444.06
2018-01;585.19;1392.94;1368.03;461.65
2018-01;700.6;920.59;948.75;430.09
2018-01;818.5;1459.73;1204.54;308.59
2018-01;582.78;801.57;1891.72;215.61
2018-01;692.49;1023.08;1863.97;365.05
2018-01;947.4;819.83;1107.3;306.98
2018-01;541.9;1266.42;1925.1;205.54
2018-01;557.49;1336.21;1006.55;421.19
2018-01;712.52;1128.83;1337.03;446.65
2018-01;676.4;1021.49;1616.72;277.85
2018-01;533.29;1355.71;1100.31;426.57
2018-01;389.68;1182.9;1778.48;376.93
2018-01;514.85;1143.73;1373.66;208.97
2018-01;475.46;1182.75;1557.34;374.59
2018-01;502.3;781.92;904.93;227.52
2018-01;910.31;880.87;1003.37;349.05
2018-01;535.92;1123.41;1232.93;295.39
2018-01;567.39;965.96;1481.51;353.53
2018-01;589.26;875.88;1283.33;305.81
2018-01;798.66;1335.19;1599.48;341.62
2018-02;574.32;1365.97;1061.61;316.76
2018-02;725.66;1220.57;1898.6;218.6
2018-02;486.38;1419.09;1410.7;214.87
2018-02;946.51;1287.09;1598.69;205.46
2018-02;767.95;1378.3;1651.67;471.32
2018-02;801.39;1077.26;1377.21;378.79
2018-02;639.58;939.73;NA;390.24
2018-02;598.28;1498.38;1212.81;448.63
2018-02;844.11;1385.12;1802.52;263.12
2018-02;876.72;1062.96;NA;278
2018-02;895.8;960.69;1806.57;339.36
2018-02;463.12;1462.99;1205.33;316.4
2018-02;864.06;1110.87;938.29;242.53
2018-02;590.71;1103.04;1925.7;271.5
2018-02;426.53;871.79;1365.74;463.88
2018-02;702.62;1131.07;1074.92;457.08
2018-02;502.98;958.56;1435;302.93
2018-02;550.64;1152.44;1800.77;232.1
2018-02;938.15;1249.25;1934.01;420.12
2018-02;563.71;797.37;1492.27;362.85
2018-02;493.68;1131.14;1504.55;340.84
2018-02;948.44;917.01;1147.1;316.38
2018-02;667.7;1037.63;1555.24;292.78
2018-02;500.1;1226.55;1409.41;410.13
2018-02;397.63;1475.11;1313.97;281.25
2018-02;855.14;1355.37;1308.24;421.91
2018-02;677.62;806.55;1616.23;287.33
2018-02;471.64;1309.04;1893.27;264.13
2018-03;933.33;1287.99;1440.92;334.95
2018-03;758.22;1174.39;1507.71;263.65
2018-03;571.01;1156.9;1036.13;329.68
2018-03;893.13;1337.63;1714.77;461.33
2018-03;757.5;924.39;944.81;326.21
2018-03;829.79;877.22;1286.85;231.28
2018-03;645.97;787.46;1560.1;257.12
2018-03;658.37;1285.79;1766.9;373.77
2018-03;398.08;1499.8;1229.21;404.5
2018-03;717.62;980.53;1521.98;221.94
2018-03;816.05;1115.45;1027.42;275.29
2018-03;754.69;1470.5;1570.4;409.92
2018-03;763.32;1112.33;950.03;421.52
2018-03;518.03;1089.88;1072.9;271.69
2018-03;912.69;1087.02;1171.86;412.76
2018-03;872.96;1273.72;1805.98;355.94
2018-03;467.64;798.42;1767.88;205.4
2018-03;684.2;916.05;1886.62;464.76
2018-03;807.79;1072.16;979.59;384.86
2018-03;393.78;932.77;1636.73;303.61
2018-03;634.7;1482.62;923.99;287.77
2018-03;831.03;878.57;1310.98;392.16
2018-03;419.2;1370.75;1584.33;365.1
2018-03;563.44;754.97;1198.11;262.34
2018-03;816.05;1129.46;1051.99;332.67
2018-03;607.84;1276.6;1179.21;342.47
2018-03;490.08;898.04;1650.89;441.43
2018-03;861.3;837.15;1454.19;269.41
2018-03;500.5;1326.8;1493.42;451.99
2018-03;399.07;939.16;1304.36;322.5
2018-03;394.48;1029.33;1762.76;459.1
2018-04;777.2;1155.36;1611.99;297.47
2018-04;389.03;1037.18;906.23;240.41
2018-04;712.02;1132.74;1360.58;311.75
2018-04;860.96;1344.84;1167.31;230.75
2018-04;807.83;929.13;1924.72;243.18
2018-04;811.02;1228.28;1564.85;380.72
2018-04;878.58;995.65;1319.08;346.77
2018-04;605.3;1017.11;1045.06;372.51
2018-04;604.52;1361.68;1087.44;203.07
2018-04;546.56;936.75;1817.19;387.65
2018-04;853.62;1247.6;1716.49;379.3
2018-04;568.83;1440.15;1047.47;423.21
2018-04;725.58;1233.44;1853.77;233.35
2018-04;823.83;856.25;1680.46;220.17
2018-04;769.82;1025.55;1769.28;296.9
2018-04;461.93;1164.07;954.17;426.94
2018-04;745.8;1146.06;1628.57;410.26
2018-04;583.1;1124;1673.52;398.55
2018-04;823.51;893.39;965.8;439.71
2018-04;850.79;772.7;964.66;241.81
2018-04;718.46;1249.72;1542;382.48
2018-04;712.2;825.27;1433.1;448.65
2018-04;912.26;1299.47;1618.66;262.59
2018-04;882.47;815.69;1552.91;421.43
2018-04;854.45;1394.43;1531.45;445.04
2018-04;370.07;1337.94;1405.83;331.71
2018-04;592.29;1329.28;941.85;382.53
2018-04;880.99;941.93;1252.33;201.38
2018-04;705.04;1165.07;1552.26;370.18
2018-04;351.13;1173.69;1116.09;454.32
2018-05;507.1;1094.37;1562.78;331.22
2018-05;454.25;841.63;1806.14;407.83
2018-05;708.44;1409.75;1781.96;469.47
2018-05;365.21;1336.37;1496.4;350.56
2018-05;516.5;853.46;1025.46;291.33
2018-05;390.93;1416.46;1115.49;246.94
2018-05;737.02;775.52;1165.09;395.11
2018-05;682.04;1311.7;1554.03;207.72
2018-05;403.85;1357.97;938.56;200.6
2018-05;897.73;1070.3;1428.39;276.2
2018-05;715.96;1279.55;1648.7;423.38
2018-05;397.98;949.7;1519.23;285.1
2018-05;839.29;791.36;1585.65;209.32
2018-05;702.07;1163.51;1901.82;207.28
2018-05;794.26;1228.79;1525.5;201.45
2018-05;676.69;1290.92;1659.63;225.59
2018-05;560.4;1241.07;1122.74;244.36
2018-05;481.19;1107.61;1369.21;233.22
2018-05;820.84;1309.29;1725.79;420.4
2018-05;671.9;1360.18;1050.86;304.5
2018-05;712.22;1372.29;904.98;396.24
2018-05;922.51;1454.47;994.37;223.73
2018-05;731.84;1307.21;1460.28;381.72
2018-05;644.7;1054.37;1441.33;229.68
2018-05;403.09;1292.97;1410.15;282.46
2018-05;771.62;1265.68;904.76;358.06
2018-05;363.42;988.59;942.66;397.16
2018-05;443.22;1372.53;969.61;327.51
2018-05;947.56;919.49;1616.76;238.29
2018-05;905.38;1223.36;919.03;445.07
2018-05;880.89;937.88;991.43;436.9
2018-06;820.48;1418.34;1712.5;305.9
2018-06;467.95;1482.88;1237.12;381.73
2018-06;625.92;1429.42;1722.5;430.33
2018-06;481.94;1283.38;1680.49;443.9
2018-06;511.41;1165.94;1005.94;389.42
2018-06;494.05;1302.07;1692.32;258.71
2018-06;812.35;1320.9;1345.57;212.88
2018-06;718.32;855.37;1516.95;361.3
2018-06;559.66;1475.7;1859.81;368.8
2018-06;520.58;1379.1;1675.95;299.28
2018-06;657.71;1174.59;1049.64;239.64
2018-06;697.39;1023.4;1127.49;238.95
2018-06;760.14;1342.95;1910.85;430.88
2018-06;408.31;869.37;1559.37;206.75
2018-06;375.22;874.19;1141.61;438.48
2018-06;509.18;1022.22;1520.22;363.87
2018-06;794.05;1480.02;990.49;320.79
2018-06;745.54;752.42;1206.03;208.9
2018-06;768.77;765.8;1139.01;259.76
2018-06;719.61;1390.8;1659.05;267.31
2018-06;428.02;1058.6;1585.52;362.55
2018-06;491.9;1435.85;1872.05;232.5
2018-06;593.55;1145.13;1317.12;254.23
2018-06;773.3;1317.35;1341.06;234.08
2018-06;902.92;1283.18;1630.67;400.79
2018-06;422.14;865.02;1699.4;253.79
2018-06;859.16;1339.51;1334.89;312.98
2018-06;791.15;1231.09;1224.85;448.11
2018-06;771.1;1087.36;1034.3;407.79
2018-06;795.2;764.67;1023.93;466.35
2018-07;665.73;933.73;1160.28;251.37
2018-07;422.46;903.37;1792.61;401.01
2018-07;548.34;1490.77;1717.72;279.35
2018-07;875.67;1142.3;1938.34;404.81
2018-07;918.07;1356.48;1742.18;391.22
2018-07;550.31;1223.2;1845.34;212.86
2018-07;826.72;856.06;1361.26;329.9
2018-07;863.84;1389.18;990.2;439.04
2018-07;949.89;955.85;1221.54;452.4
2018-07;455.68;1263.89;1223.28;441.07
2018-07;820.8;1120.48;1106.89;259.03
2018-07;574.95;1165.47;1468.49;343.88
2018-07;415.18;1473.84;1507.81;355.52
2018-07;896.72;1146.89;1924.95;215.69
2018-07;926.78;959.21;1714;427.29
2018-07;543.76;1310.51;1392.87;251.41
2018-07;820.18;962.22;1423.42;372.83
2018-07;370.13;1114.81;1522.29;338.68
2018-07;816.43;857.51;1843.76;353.12
2018-07;927;1346.05;1327.17;476.78
2018-07;749.71;1036.35;1910.39;246.41
2018-07;584.03;1116.36;1880.27;463.98
2018-07;426.53;1136.8;1102.52;293.71
2018-07;902.03;944.2;1710.28;246.05
2018-07;363.73;1132.23;1338.26;439.4
2018-07;394.74;1429.35;962.16;212.7
2018-07;754.69;1151.85;1567.01;205.39
2018-07;415.01;758.45;1762.42;427.82
2018-07;900.79;841.78;1271.87;257.42
2018-07;531.21;1119.18;989.4;411.98
2018-07;846.61;1487.2;1371.02;475.07
2018-08;441.03;1279.75;1095.39;408.09
2018-08;688.69;991.4;1263.61;202.41
2018-08;750.88;1106.32;1110.37;365.67
2018-08;545.28;868.25;1364.52;209.55
2018-08;549.59;1495.14;NA;226.96
2018-08;365.61;835.13;1796.57;226.76
2018-08;630.66;1140.02;1531.39;269.3
2018-08;376.15;846.7;998.66;359.73
2018-08;556.18;1407.2;1344.19;256.95
2018-08;869.66;1448.99;992.27;251.37
2018-08;814.79;1404.7;1504.11;432.07
2018-08;763.66;1409.49;1537.12;326.85
2018-08;579.51;1458.02;1167.13;435.22
2018-08;582.49;1039.99;966.01;402.83
2018-08;923.18;1327.07;1371.68;390.67
2018-08;573.79;1278.02;1265.03;201.04
2018-08;910.36;803.71;1457.52;378.15
2018-08;491.46;1409.95;1344.54;319.92
2018-08;811.09;1053.56;980.74;261.75
2018-08;809.17;1218.02;1531.34;312.2
2018-08;896.08;956.9;1872.52;372.9
2018-08;476.15;974.73;1173.82;230.12
2018-08;890.57;1112.6;1582.53;338.24
2018-08;843.6;877.56;958.51;208.05
2018-08;691.8;1179.2;1337.34;476.07
2018-08;487.8;1479.89;1476.12;404.64
2018-08;415.9;1179.53;1625.62;339.71
2018-08;865.35;1374.57;1691.96;364.18
2018-08;457.36;1036.52;1160.39;252.7
2018-08;691.34;1382.48;1138.63;279.48
2018-08;825.33;1261.39;1693.9;223.67
2018-09;840.51;1411.52;1193.31;385.76
2018-09;368.05;1112.09;1171.65;224.32
2018-09;629.41;1216.48;1789.74;451.14
2018-09;904.04;1204.67;1807.39;326
2018-09;418.17;882.17;1705.56;330.16
2018-09;821.37;1215.28;1060.5;379.04
2018-09;856.15;1340.71;1083.27;350.62
2018-09;627.88;1493.52;1900.46;422.9
2018-09;636.48;1129.64;1072.77;430.35
2018-09;667.6;1238.49;1618.69;239.08
2018-09;379.72;882.7;1806.29;359.59
2018-09;703.63;995.03;1697.67;243.62
2018-09;370.79;1107.47;906.59;269.49
2018-09;445.51;809.7;1470.71;434.73
2018-09;620.42;1494.27;1291.74;244.56
2018-09;510.04;1091.04;1641.94;229.37
2018-09;920.19;1080.21;1412.43;408.08
2018-09;671.26;1275.52;995.31;232.66
2018-09;598.95;916.72;1763.98;347.02
2018-09;589.35;1293.82;1356.19;435.42
2018-09;871.11;1174.03;1305.86;388.56
2018-09;949.08;815.24;1284.36;361.05
2018-09;708.05;1321.7;1079.02;254.54
2018-09;497.87;848.98;1928.92;235.48
2018-09;829.32;1287.87;1134.85;216.85
2018-09;557.08;1469.71;1918.45;250.96
2018-09;533.08;1135.38;1238.87;364.53
2018-09;512.79;1450.56;1945.35;272.98
2018-09;440.63;1246.18;1644.72;454.93
2018-09;409.85;1496.87;1820.56;334.93
2018-10;409.18;1073.22;972.21;438.71
2018-10;631.73;1228.64;1183.9;210.01
2018-10;938.49;1493.11;1788.44;317.93
2018-10;391.94;914.57;1568.44;272.93
2018-10;354.03;1200.55;1348.85;415.12
2018-10;361.31;876.17;1230.11;432.76
2018-10;900.09;1222.66;1818.02;437.45
2018-10;703.95;933.49;967.91;428.65
2018-10;691.64;1299.59;1073.21;203.64
2018-10;638.48;1226.41;1573.23;270.24
2018-10;710.14;1070.07;1042.44;451.28
2018-10;881.08;947.09;1420.27;378.37
2018-10;374.28;1296.22;1911.95;326.31
2018-10;592.35;1218.25;1843.23;407.89
2018-10;682.96;1006.08;1516.08;432.95
2018-10;612;1411.24;1469.66;322.22
2018-10;932.64;1164.08;1598.36;401.55
2018-10;454.7;970.45;1141.73;223.37
2018-10;422.53;753.99;1595.47;278.44
2018-10;776.87;1029.58;906.88;477.27
2018-10;481.25;1258.86;971.38;376.94
2018-10;589.25;787.32;1556.24;391.89
2018-10;934.78;1300.26;1656.38;301.27
2018-10;392.55;1193.31;1193.55;303.39
2018-10;447.6;1331.7;1252.27;385.35
2018-10;460.11;1283.36;1931.8;429.92
2018-10;707.49;1170.2;1411.56;430.87
2018-10;834.36;1409.9;1911.22;245.59
2018-10;514.56;1011.21;1268.97;379.92
2018-10;815.31;847.89;1736.26;448.62
2018-10;429.35;1335.48;924.11;288.46
2018-11;379.51;1145.23;1857.78;331.03
2018-11;716.97;1057.5;1311.64;426
2018-11;486.11;882.86;1015.05;453.33
2018-11;632.07;824.27;1175.95;266.94
2018-11;499.57;1363.44;1878.63;476.05
2018-11;579.56;1193.16;942.7;250.56
2018-11;844.37;888.57;1086.47;215.45
2018-11;739.77;807.55;1591.53;227.09
2018-11;526.86;1359.41;1385.11;356.49
2018-11;527.92;1196.23;962.76;235.3
2018-11;716.09;833.47;1313.16;332.1
2018-11;587.05;894.7;1580.86;203.1
2018-11;845.27;1253.72;992.52;341.84
2018-11;479.26;1410.76;1380.63;283.33
2018-11;357.07;1316.86;1742.53;372.89
2018-11;627.22;827.61;1455.48;381.65
2018-11;897.87;1348.21;1439.21;420.02
2018-11;584.99;1121.92;1830.56;451.69
2018-11;787.31;929.75;1554.5;329.41
2018-11;773;988.35;1416.41;333.94
2018-11;726.85;1473.05;1257.51;469.61
2018-11;862.25;937.99;1136.84;312.76
2018-11;817.88;1382.31;1443.61;312.07
2018-11;942.06;1204.06;1076.93;468.13
2018-11;469.64;829.71;1538.02;306.61
2018-11;667.02;832.82;1527.75;314.03
2018-11;931.13;1476.59;1260.75;339.93
2018-11;367.99;1272.78;969.26;472.33
2018-11;624.46;1439.88;1859.28;400.96
2018-11;826.23;1387.53;1807.6;377.68
2018-12;815.52;924.97;1702.34;285.63
2018-12;666.88;1056.43;1094.55;253.06
2018-12;788.38;918.38;1693.88;370.18
2018-12;473.43;1412.41;1420.82;290.81
2018-12;667.39;1189.22;1081.93;465.98
2018-12;780.38;832.64;1804.97;233.34
2018-12;634.83;1172.26;1730.29;449.29
2018-12;487.99;989.92;1662.7;462
2018-12;603.98;1098.19;1541.76;431.46
2018-12;815.47;1240.04;1923.83;301.17
2018-12;781.46;1178.3;1789.9;293.6
2018-12;509.5;895.18;1017.4;331
2018-12;517.2;791.3;1471.41;213.97
2018-12;524.96;1230.65;1860.68;232.33
2018-12;905.22;1395.26;1347.08;221.89
2018-12;818.41;1028.76;1612.31;255.87
2018-12;687.67;1245.41;1710.15;341.11
2018-12;876.99;1086.79;916.16;292.67
2018-12;601.37;1230.65;1474.09;245.95
2018-12;903.24;1072.59;1594.22;316.29
2018-12;471.48;1117.4;1228.74;453.19
2018-12;770.25;857.2;1502.16;444.79
2018-12;518.42;922.6;1775.24;217.93
2018-12;536.94;958.5;1477.71;413.43
2018-12;555.3;1028.14;1501.4;451.39
2018-12;399.89;1216.47;1883.45;361.99
2018-12;825.13;1266.37;1435.4;271.81
2018-12;916.7;997.8;1671.69;203.11
2018-12;942.06;788.54;1502.76;241.29
2018-12;634.92;772.66;1578.05;353.33
2018-12;638.91;1394.7;1759.18;354.94
2019-01;365.17;755.95;1818.37;254.35
2019-01;439.94;1341.98;1264.85;254.86
2019-01;420.51;941.82;1691.01;210.09
2019-01;854.53;1327.5;939.22;361.87
2019-01;562.76;1446.66;1708.74;386.83
2019-01;765.64;1349.9;1582.65;367.76
2019-01;913.6;1387.25;1239.35;293.01
2019-01;540.86;1247.35;1115.51;371.98
2019-01;656.33;1398.63;1710.42;406.15
2019-01;768.01;885.83;1166.68;457.08
2019-01;873.27;912.53;1748.09;394.9
2019-01;899.62;1152.88;1201.27;340.78
2019-01;439.76;1174.5;1910.09;472.91
2019-01;450.74;1137.47;1169.77;384.83
2019-01;822.66;1190.32;1677.28;395.18
2019-01;726.81;1395.64;1075.27;285.83
2019-01;640.5;922.03;1419.81;345.36
2019-01;919.29;1266.74;1213.36;325.19
2019-01;668.97;1048.98;1684.52;295.06
2019-01;763.56;1321.68;1273.98;367.32
2019-01;596.01;1481.28;1815.47;308.35
2019-01;753.38;1139.71;1793.19;309.94
2019-01;630.15;1375.12;1098.88;219.89
2019-01;757.14;765.03;1166.02;269.68
2019-01;588.53;1071.62;924.53;326.18
2019-01;581.49;1038.52;1698.95;318.81
2019-01;525.9;1318.22;1470.61;247.34
2019-01;436.42;1467.27;1918.06;352.17
2019-01;408.7;1012.52;1414.01;333.74
2019-01;750.84;1453.7;1463.95;303.97
2019-01;714.87;1038.68;1362.47;296.15
2019-02;431.53;793.7;1188.07;446.75
2019-02;478.24;907.89;NA;256.68
2019-02;607.28;1482.89;1592.64;256.45
2019-02;911.3;1153.37;1186.47;445.16
2019-02;933.52;1498.45;1876.28;430.05
2019-02;801.61;1153.56;1715.86;222.78
2019-02;391.51;963.63;1315.54;260.53
2019-02;546.57;941.89;1868.09;338.78
2019-02;454.47;1479.99;1869.12;394.92
2019-02;823.03;1196.95;1370.44;341.02
2019-02;912.3;1432.37;1247.88;318.81
2019-02;649.43;970.66;1534.33;450.76
2019-02;805.26;1322.43;1880.34;442.41
2019-02;552.24;1079.61;1835.79;428.29
2019-02;900.9;1005.96;1569.05;296.84
2019-02;949.8;1205.36;1925.98;273.69
2019-02;731.14;812.67;1669.92;325.63
2019-02;355.57;1375.65;1532.49;409.78
2019-02;833.46;1222.69;1489.14;381.24
2019-02;926.46;853.86;1087.23;437.28
2019-02;356.08;1426.95;1748.57;435.6
2019-02;623.38;1107.72;1538.93;467.89
2019-02;602.94;883.65;1187.53;273.07
2019-02;565;1201.17;1229.77;227.08
2019-02;549.55;784.19;1472.29;449.89
2019-02;649.59;854.29;1245.84;295.57
2019-02;353.05;1126.1;1512.76;320.13
2019-02;500.25;1134.55;1704.24;293.61
2019-03;630.28;1410.65;1667.03;349.31
2019-03;933.59;1341.68;1639.8;284.78
2019-03;532.54;883.41;1117.86;432.72
2019-03;530.35;1391.06;1140.15;296.43
2019-03;794.72;1248.68;1121.46;435.44
2019-03;779.74;1290.02;1446.47;360.09
2019-03;436.2;1414.48;1832.22;293.86
2019-03;406.05;1031.51;1681.36;445.41
2019-03;625.61;832.12;1103.05;468.2
2019-03;509.5;1198.56;1379.61;288.02
2019-03;416.33;922.9;1109.94;273.02
2019-03;884.6;931.23;1689.61;211.64
2019-03;452.79;1171.02;1878.72;258.54
2019-03;430.83;1167.75;1313.01;243.9
2019-03;414.14;1267.98;1440.1;407.6
2019-03;403.98;1211.4;1499.47;401.15
2019-03;917.23;1259.16;993.02;242.49
2019-03;644;1053.78;1574.62;308.13
2019-03;724.68;1061.5;1833.29;475.64
2019-03;503.75;892.7;1462.3;212.71
2019-03;896.38;1316.64;1451.44;266.99
2019-03;810.1;871.28;916.78;423.78
2019-03;510.25;1115.7;1325.11;379.02
2019-03;826.31;1140.89;1883.93;411.73
2019-03;434.9;757.29;1591.69;206.46
2019-03;579.79;862.97;1861.58;421.73
2019-03;732.5;1305.36;1798.13;410.21
2019-03;603.9;897.74;1709.54;258.78
2019-03;439.13;782.58;1026.11;286.98
2019-03;867.41;1009.59;1272.65;222.5
2019-03;713.52;956.22;1286.72;374.6
2019-04;419.22;1438.7;951.81;414.01
2019-04;866.82;1444.69;1334.27;221.19
2019-04;644.39;1222.05;1434.11;353.69
2019-04;577.86;1005.91;1335.66;310.97
2019-04;943.01;1186.63;1258.1;455.63
2019-04;428.84;1184.97;NA;243.72
2019-04;513.39;765.26;1160.75;222.13
2019-04;601.32;1476.01;1618.8;264.97
2019-04;910.73;1290.03;1506.69;337.7
2019-04;916.27;805.82;1159.11;364.05
2019-04;519.78;1048.87;1573.03;304.87
2019-04;774.25;956.42;1538.75;265.18
2019-04;639.22;1206.31;1896.48;427.32
2019-04;789.9;1474.88;904.86;224.51
2019-04;437.19;800.47;1298.45;405.93
2019-04;641.99;1456.8;1690.77;275.33
2019-04;623.83;1131.11;1111.64;300.7
2019-04;803.3;1375.58;1915.25;246.83
2019-04;630.96;1167.32;1665.44;369.49
2019-04;469.37;1112.41;1832.96;476.18
2019-04;445.53;1264.46;1054.42;478.04
2019-04;642.64;1179.09;901.99;362.13
2019-04;376.74;1018.8;1376.44;383.17
2019-04;518.44;795.44;1010.13;213.07
2019-04;563.35;917.16;1259.2;474.63
2019-04;724.02;967.24;904.42;271.71
2019-04;933.28;1360.79;1318.91;418.11
2019-04;774.58;963.02;1760.84;300.85
2019-04;431.41;908.34;1615.51;285.17
2019-04;661.45;1450.71;1040.81;327.15
2019-05;352.27;1496.63;1530.68;460.93
2019-05;924.16;1136.6;1679.41;474.44
2019-05;424.4;1342.58;1614.91;440.95
2019-05;351.83;809.29;1173.95;439.2
2019-05;494.57;1430.34;984;217.03
2019-05;434.81;1442.42;1169.39;333.63
2019-05;797.94;880.78;1719.39;424.98
2019-05;747.58;832.11;1594.71;226.33
2019-05;694.42;1401.48;1759.68;334.44
2019-05;946.95;1278.47;1871.09;442.93
2019-05;789.18;1007.85;1340.66;442.3
2019-05;852.65;1466.83;1384.35;271.4
2019-05;374.71;844.62;1088.13;466.66
2019-05;382.53;1164.36;1419.63;217.24
2019-05;877.27;1073.36;1532.11;427.04
2019-05;703.46;1007.17;1847.2;426.71
2019-05;615.02;1036.86;1615.12;462
2019-05;905.09;1425.73;964.67;414.24
2019-05;398.93;1244.63;1181.58;233.8
2019-05;804.93;1243.56;951.77;394.46
2019-05;441.73;1183.08;1042.45;433.55
2019-05;907.65;939.97;1374.51;346.05
2019-05;453.97;1497.07;1227.84;279.7
2019-05;823.52;1146.22;1413.29;324.63
2019-05;942.45;959.11;1883.38;476.95
2019-05;694.57;1306.9;1305.95;366.07
2019-05;904.13;891.22;1316.22;239.64
2019-05;380.66;993.46;1194.18;415.48
2019-05;601.47;1201.29;1842.59;310.62
2019-05;912.98;888.15;1093.64;360.92
2019-05;769.49;1224.96;1469.72;356.62
2019-06;359.7;781.98;1433.81;452.14
2019-06;405.01;1008.04;1102.88;473.66
2019-06;446.17;1313.34;1674.04;264.51
2019-06;577.13;868.5;1305.08;353.5
2019-06;708.6;1354.09;1357.58;388.6
2019-06;478.03;1258.94;1055.08;422.69
2019-06;734.49;1399.99;1082.61;355.86
2019-06;535.55;1021.79;1321.49;385.81
2019-06;352.79;763.57;1124.16;245.3
2019-06;640.85;890.53;1800.68;263.77
2019-06;821.58;1387.88;1564.38;385.11
2019-06;642.54;775.87;1141.18;351.37
2019-06;372.34;1194.51;1328.44;211.85
2019-06;702.19;1084.9;1390.76;356.59
2019-06;861.02;921.01;1755.86;374.48
2019-06;606.97;1188.94;1188.31;209.66
2019-06;511.91;1463.8;1693.04;217.35
2019-06;420.23;882.77;1159.41;423.27
2019-06;594.82;766.71;1329.33;226.45
2019-06;407.68;1197.58;1023.85;213.76
2019-06;479.52;935.33;965.02;339.82
2019-06;420.06;1001.83;1674.79;393.51
2019-06;659.53;1245.6;1531.89;220.55
2019-06;454.51;1064.36;1352.92;463.74
2019-06;380.34;1417.45;1574.42;385.45
2019-06;732.4;848.77;958.04;363.45
2019-06;939.87;1462.01;1239.33;351.3
2019-06;947.48;1475.45;1926.4;213.96
2019-06;452.18;1225.3;1262.84;263.49
2019-06;379.91;834.61;1114.65;275.02
2019-07;799.68;1343.47;1179.27;289.09
2019-07;777.69;1295.24;1240.34;426.06
2019-07;843.09;846.93;1831.42;359.4
2019-07;668.65;999.56;1681.87;203.96
2019-07;726.31;1493.5;1595.96;427.1
2019-07;744.75;804.66;1825.22;287.17
2019-07;458.99;1199.34;906.86;318.32
2019-07;526;1205.02;1342.31;432.97
2019-07;550.78;1380.39;1606.96;470.98
2019-07;758.52;1104.45;1547.09;430.99
2019-07;738.24;1315.6;1167.69;388.57
2019-07;866.61;901.91;1205.68;323.75
2019-07;512.56;1130.04;995.03;338.32
2019-07;638.88;1114.11;1613.46;384.15
2019-07;941.22;1307.24;1098.28;302.51
2019-07;827.65;925.93;1704.05;384.42
2019-07;758.78;1418.02;1439.88;338.87
2019-07;438.3;1202.63;1072.73;217.33
2019-07;371.43;1094.08;1563.3;286.87
2019-07;608.11;863.72;1185.54;473.77
2019-07;713.09;881.84;1695.13;300.57
2019-07;639.56;1480.28;1532.52;408.17
2019-07;855.56;1274.9;1412.26;340.51
2019-07;719.78;983.68;1497.38;437.1
2019-07;487.79;1384.73;1795.85;341.11
2019-07;512.7;857.42;986.06;248.7
2019-07;779.9;1277.37;1258.45;419.24
2019-07;585.59;1001.93;1880.95;374
2019-07;493.96;998.48;1165.25;259.49
2019-07;456.02;1396.25;1715.54;210.55
2019-07;458.24;1072.8;NA;328.15
2019-08;753.02;1464.33;1378.91;419.78
2019-08;358.73;1448.7;1379.86;357.81
2019-08;475.82;1110.2;925.11;456.95
2019-08;659.16;1254.78;1588.61;313.62
2019-08;535.6;1166.68;1065.53;234.52
2019-08;496.79;1279.6;1309.94;376.91
2019-08;529.4;1453.66;1393.02;388.72
2019-08;772.52;1436.36;1465.41;470.5
2019-08;904.71;1484.41;1103.98;351.06
2019-08;774.06;857.52;1250.95;353.68
2019-08;615.71;1177.62;1025.35;315.17
2019-08;740.94;1000.86;919.74;368.34
2019-08;837.54;1480.34;1866.22;232.6
2019-08;624.58;1091.31;1785.79;475.33
2019-08;493.68;1049.99;1107.36;466.96
2019-08;579.56;1457.58;1215.03;244.15
2019-08;451.9;888.55;1682.47;360.74
2019-08;591.36;1132.03;1194.63;263.89
2019-08;755.52;1042.93;1922.45;409.04
2019-08;473.49;779.54;1396.43;244.66
2019-08;408.94;811.84;1016.36;355.07
2019-08;441.07;965.46;1945.9;277.62
2019-08;859.61;987.03;1284.66;289.29
2019-08;736.56;1331.75;1934.67;208.08
2019-08;844.33;802.41;1200.19;207.2
2019-08;764.98;969.43;1915.02;404.15
2019-08;468.87;1243.43;1568.11;299.88
2019-08;731.89;1474.85;1132.44;289.1
2019-08;713.81;1429.3;903.93;371.59
2019-08;609.46;941.43;1122.43;311.77
2019-08;405.27;1043.97;1767.88;357.04
2019-09;538.08;809.64;1389.68;294.96
2019-09;705.48;1368.65;1348.33;265.53
2019-09;725.46;1426.8;1429.99;226.03
2019-09;843.05;1248.92;NA;370.22
2019-09;935.28;1074.52;1775.09;441.2
2019-09;685.54;1431.02;1778.4;444.75
2019-09;792.36;1341.4;1908.11;419.74
2019-09;687.46;1270.36;1138.32;248.74
2019-09;855.31;990.71;1705.57;419.46
2019-09;790.77;1333.47;1738.36;388.47
2019-09;583.65;794.04;1719.23;342.11
2019-09;661.2;884.13;1345.49;465.66
2019-09;562.03;1238.19;NA;387.9
2019-09;530.49;1277.31;1031.83;204.95
2019-09;741.9;1213.88;1727.34;302.24
2019-09;715.66;1134.25;1414.66;428.84
2019-09;936.26;1229.34;1705.54;432.19
2019-09;532.6;1091.1;1554.54;276.09
2019-09;776.82;1425.89;1091.8;277.31
2019-09;564.74;1252;1873.71;319.57
2019-09;817.07;1262.44;1175.45;442.64
2019-09;945.94;1399.69;1175.7;324.82
2019-09;567.85;1262.87;1649.55;361.58
2019-09;441.67;1207.94;1262.42;208.44
2019-09;818.97;1267.81;1451.66;201.49
2019-09;419.8;798.85;1497.36;451.1
2019-09;741.42;1458.94;1321.61;227.44
2019-09;838.42;827.25;1609.51;450.28
2019-09;567.56;909.7;1323.47;310.91
2019-09;922.72;909.54;1526;407.47
2019-10;549.79;1238.08;1717.3;436.16
2019-10;814;1252.67;1498.81;241.92
2019-10;862.97;1347.3;1920.03;398.18
2019-10;608.35;1451.19;1159.21;266.7
2019-10;668.17;1378.3;1303.87;445.87
2019-10;810.03;801.22;1433.35;444.42
2019-10;864.38;1020.57;1562.74;477.8
2019-10;748.63;1208.2;1153.38;218.26
2019-10;587.54;1229.29;1302.28;293.66
2019-10;524.12;1270.3;1722.57;344.17
2019-10;943.94;1153.54;NA;436.43
2019-10;683.27;1083.61;NA;276.47
2019-10;486.85;1338.92;1404.45;340.85
2019-10;525.66;1189.97;1336.73;230.92
2019-10;910.73;1362.49;1490.63;241.15
2019-10;811.03;1018.02;934.93;443.02
2019-10;609.01;1190.14;1237.76;381.87
2019-10;624.69;950.89;1090.71;338.19
2019-10;872.71;1095.4;1735.44;307.22
2019-10;413.92;769.96;1338.57;205.74
2019-10;779.78;805.22;1903.03;240.84
2019-10;757.12;1235.42;969.37;209.85
2019-10;589.1;1494.46;932.13;277.49
2019-10;370.42;979.51;1286.17;266.21
2019-10;906.68;896.5;1308.76;461.83
2019-10;867.58;1498.41;1758.16;416.08
2019-10;641.64;1010.29;1592.93;360.05
2019-10;765.33;1219;1136.39;237.54
2019-10;781.7;877.84;1938.17;436.04
2019-10;674.47;1172.19;1043.2;361.67
2019-10;454.46;1432.29;975.38;384.59
2019-11;677.34;1474.04;962.1;452.28
2019-11;928.54;1400.57;1868.07;258
2019-11;409.44;889.28;1605.57;202.3
2019-11;614.23;1003.62;1878.89;357.18
2019-11;814.82;1215.97;1006.36;408.39
2019-11;495.32;1325.2;1917.78;436.43
2019-11;516.78;1469.28;1575.81;276.57
2019-11;411.23;788.6;1909.82;456.7
2019-11;376.28;790;1720.34;459.27
2019-11;705.21;1167.1;1328.03;378.16
2019-11;727.5;1047.06;1715.79;205.73
2019-11;696.76;1088.32;1729.57;278.59
2019-11;411.06;1488.89;1819.75;211.25
2019-11;934.62;849.54;920.11;376.07
2019-11;605.03;872.92;1073.66;443.87
2019-11;875.42;947.32;1057.18;302.91
2019-11;800.3;764.56;1905.43;319.21
2019-11;626.25;1111.58;1738.46;274.89
2019-11;611.94;1451;1660.33;285.81
2019-11;474.96;923.82;1088.88;270.31
2019-11;589.97;1213.03;1264.81;369.52
2019-11;490.91;978.35;995.67;297.38
2019-11;412.98;1204.47;1598.33;399.47
2019-11;567.11;1429.6;1540.12;306.52
2019-11;918.66;990.44;1144.28;475.23
2019-11;632.8;1288.69;1170.42;265
2019-11;672.6;765.67;1194.15;316.41
2019-11;383.54;1166.25;1947.44;221.57
2019-11;931.96;884.76;1560.11;450.91
2019-11;584.82;974.61;1701.71;447.99
2019-12;838.38;1080.61;1559.87;247.17
2019-12;624.14;1290.34;1372.78;433.48
2019-12;413.89;769.26;1575.18;362.22
2019-12;727.73;1193.33;1288.08;414.49
2019-12;362.51;901.71;1455.9;221.75
2019-12;423.04;1240.83;1728.45;449.98
2019-12;376.13;1096.36;1692.7;232.36
2019-12;690.61;826.43;1769.94;295.87
2019-12;848.87;1215.32;1021.36;214.83
2019-12;413.86;878.39;1461.21;472.42
2019-12;760.31;787.77;1708.89;370.66
2019-12;805.12;1321.15;1094.57;319.28
2019-12;765.35;1125.85;1285.69;296.41
2019-12;376.95;1277.01;1201.15;200.06
2019-12;694.72;1231.36;1092.48;298.1
2019-12;820.17;1147.82;1561.2;208.97
2019-12;649.35;1170.05;999.63;203.39
2019-12;860.69;1306.93;1200.49;226.24
2019-12;666.04;866.27;1364.46;307.28
2019-12;710.76;794.24;1678.75;375.9
2019-12;528.1;1140.85;1740.51;296.1
2019-12;857.77;931.67;1432.8;239.1
2019-12;877.66;791.99;911.06;393.22
2019-12;923.59;1488.6;1831.21;311.37
2019-12;943.52;1170.49;1492.35;220.54
2019-12;692.26;1052.33;1029.14;436.63
2019-12;538.38;1376.29;1539.9;329.77
2019-12;600.78;1288.65;904.62;295.78
2019-12;897.17;1223.73;1402.49;286.2
2019-12;615.26;1352.19;1050.12;457.06
2019-12;388.14;909.67;1773.53;253.4
2020-01;440.36;800.67;1513.72;290.78
2020-01;681.57;970.33;1278.85;334.23
2020-01;611.29;1044.02;1516.96;230.61
2020-01;930.18;1326.87;1210.99;266.53
2020-01;499.7;1200.88;1533.89;221.68
2020-01;875.72;952.56;1633.63;204.29
2020-01;946.64;820.78;1632.44;389.14
2020-01;706.91;1298.17;1244.49;471.56
2020-01;743.6;767.26;1864.69;465.45
2020-01;794.45;1093.41;1034.54;268.54
2020-01;882.79;1373.95;1165.91;305.1
2020-01;417.23;811.41;1285.72;463.94
2020-01;565;1342.41;1780.4;213.01
2020-01;463.93;1492.42;1887.93;214.47
2020-01;475.76;1437.61;1921.92;444.29
2020-01;774.58;874.76;1567.38;217.08
2020-01;451.75;1397.25;1409.96;314.09
2020-01;910.79;813.96;1245.57;341.55
2020-01;935.78;1104.98;978.67;257.8
2020-01;519.96;1459.76;1397.97;478.13
2020-01;699.58;1263.45;1116.96;370.66
2020-01;840.28;864.68;1882.67;238.74
2020-01;936.48;800.11;1358.55;454.87
2020-01;457.61;1225.8;1014.86;453.99
2020-01;550.57;1241.43;910.16;236.5
2020-01;422.98;803.73;1752.58;374.43
2020-01;861.14;1493.48;1931.21;207.7
2020-01;914.47;877.23;1644.21;361.82
2020-01;622.84;1103.34;1165.12;429.79
2020-01;674;1383.88;1127.32;331.92
2020-01;407.68;1421.44;1601.02;323.54
2020-02;876.62;1327.79;1706.48;405.5
2020-02;534.09;779.53;1501.21;239.43
2020-02;854.37;1297.16;1771.59;308.01
2020-02;723.29;934.18;1520.14;477.39
2020-02;769.4;1169.97;1919.49;249.42
2020-02;797.09;1352.8;1518.88;464.54
2020-02;720.21;1407.36;1063.42;472.25
2020-02;753.06;800.31;1088.87;329.51
2020-02;355.91;1387.77;1276.2;223.17
2020-02;647.52;1187.4;1807.62;365.98
2020-02;495.41;1050.57;1747.22;356.38
2020-02;457.47;1003.1;1838.68;299.25
2020-02;467.15;1000.66;1827.41;327.96
2020-02;395.56;1161.15;1678.48;439.01
2020-02;948.65;923.91;1703.28;285.05
2020-02;868.82;1297.65;1128.34;434.14
2020-02;796.91;1450;1426.61;430.78
2020-02;496.42;966.66;1651.48;363.82
2020-02;831.9;856.67;1390.51;217.38
2020-02;499.18;1220.28;1948.35;387.24
2020-02;504.85;1203.6;1435.65;420.13
2020-02;619.71;1102.2;1441.92;460.38
2020-02;719.37;826.77;1852.57;243.91
2020-02;839.43;893.15;1827.62;219.99
2020-02;899.35;1286.05;1688.48;265.18
2020-02;659.57;1220.51;928.78;334.65
2020-02;883.96;978.33;1348.6;375.48
2020-02;513.86;750.27;1243.66;242.79
2020-02;388.66;1406.22;975.64;386.67
2020-03;517.4;1414.3;1948.94;325.9
2020-03;471.47;1281.69;NA;415.23
2020-03;644.92;1395.08;1137;212.06
2020-03;818.67;1427.95;1377.97;200.76
2020-03;798.34;1472.07;1281.52;291.59
2020-03;790.14;913.75;1794.65;306.8
2020-03;559.53;841.96;955.07;370.74
2020-03;805.64;1283.93;1261.44;336.24
2020-03;712.17;1251.78;1839.47;207.48
2020-03;698.3;782.94;1251.63;453.56
2020-03;747.89;1132.01;1370.01;402.15
2020-03;659.79;1313.2;1588.32;295.27
2020-03;450.42;1418.45;NA;394.26
2020-03;705.16;1397.46;1050.07;247.49
2020-03;675.57;1095.79;1565.16;392.42
2020-03;436.14;1000.46;944.3;373.1
2020-03;532.47;805.84;1474.44;217.32
2020-03;820.55;1244.49;1236.01;391.55
2020-03;432.35;801.12;1693.46;430.56
2020-03;595.67;1424.05;1668.65;274.66
2020-03;628.94;1141.73;1497.13;203.42
2020-03;408.44;1021.89;1424.64;424.58
2020-03;724.52;1159.62;1154.06;394.73
2020-03;618.58;770.97;1335.26;285.86
2020-03;363.67;871.58;1289.04;323.47
2020-03;868.71;773.04;1888.79;333.41
2020-03;775.41;1367.11;1938.9;325.67
2020-03;571.65;1389.29;1495.48;441.62
2020-03;741.67;826.89;1429.06;317.07
2020-03;729.57;1029.43;1127.58;415.33
2020-03;597.16;1328.13;1574.31;411.67
2020-04;534.04;1030.17;1003.95;407.47
2020-04;826.42;1407.86;1560.12;212.92
2020-04;538.61;834.94;1323.01;323.1
2020-04;725.58;1260.7;1074.98;460.78
2020-04;813.73;1193;1891.45;270.23
2020-04;828.75;1117.34;1051.85;422.68
2020-04;518.62;827.76;1551.05;418.72
2020-04;888.86;1019.83;979.42;263.28
2020-04;599.41;1207.19;1281.08;387.3
2020-04;853.33;838.38;1609.87;319.75
2020-04;644.58;941.71;1630.98;236.55
2020-04;437.82;1422.86;1603.28;285.92
2020-04;421.38;1437.59;1458.43;269.65
2020-04;612.63;1373.44;1620.83;424.58
2020-04;892.73;1206.84;1941.19;305.07
2020-04;880.35;750.34;1897.88;271.47
2020-04;525.51;1154.55;1612.21;476.84
2020-04;739.59;900.87;925.74;393.78
2020-04;556.11;1466.36;1439.93;310.18
2020-04;482.4;1023.41;NA;377.23
2020-04;627.57;1183.85;1735.64;445.23
2020-04;442.25;1202;1810.14;276.54
2020-04;888.41;929.28;1515.13;245.27
2020-04;526.16;1072.45;1117.23;396.73
2020-04;704;1495.18;957.3;259.15
2020-04;442.26;1307.19;983.04;393.35
2020-04;891.39;1086.25;1854.35;400.3
2020-04;376.17;869.85;1590.13;237.04
2020-04;764.28;1286.42;950.08;446.52
2020-04;597.44;1131.87;1671.7;286.72
2020-05;746.85;1164.98;1703.52;283.41
2020-05;574.65;1139.51;1104.21;325.43
2020-05;558.36;1034.8;1032.52;238.97
2020-05;885.67;972.76;1387.92;462.78
2020-05;656.09;860.71;1407.7;358.77
2020-05;565.66;1384.6;1689.96;236.14
2020-05;491.07;968.55;1051;321.22
2020-05;717.49;1281.26;1819.33;240.92
2020-05;362.14;849.82;1726.74;402.67
2020-05;639.22;900.95;1434.61;307.93
2020-05;656.91;765.13;1060.6;253.67
2020-05;796.52;756.37;1274.44;268.15
2020-05;424.17;889.79;972.68;206.1
2020-05;671.28;1028.84;1851.11;378.5
2020-05;403.81;863.15;1035.98;479.16
2020-05;412.65;806.65;1435.02;367.25
2020-05;375.43;1187.94;1001.97;253.91
2020-05;483.42;991.58;1755.93;425.13
2020-05;745.04;1083.57;1731.98;308.13
2020-05;941.53;1376.6;1677.8;352.18
2020-05;740.75;1443.38;1939.04;360.85
2020-05;892.82;1225.55;1935.9;299.63
2020-05;829.48;783.23;1821.68;229.84
2020-05;796.58;1387.48;933.05;215.37
2020-05;483.06;1314.23;1348.76;250.64
2020-05;667.86;1322.28;1754.66;226.62
2020-05;673.18;1106.76;1928.02;225.68
2020-05;541.84;906.47;926.07;348.56
2020-05;542.18;960.56;1103;217.98
2020-05;356.29;1330.46;1452.43;428.11
2020-05;936.17;919.94;1578.01;294.68
2020-06;829.63;1368.47;945.05;220.57
2020-06;789.61;1109.99;979.75;246.21
2020-06;489.66;1351.24;1879.69;259.95
2020-06;530.06;1298.89;1411.04;407.43
2020-06;557.39;910.65;1155.4;440.72
2020-06;781.43;837;993.77;401.87
2020-06;360.01;1346.84;1473.45;402.68
2020-06;715.17;776.69;988.64;310.88
2020-06;473.18;775.35;1131.18;227.02
2020-06;487.53;812.27;1102.89;298.97
2020-06;353.8;1374.41;1012.73;353.94
2020-06;579.09;863.69;1014.55;397.74
2020-06;897.85;1151.56;1231.23;373
2020-06;495.52;1027.48;1757.48;367.46
2020-06;803.25;817.84;1502.55;326.55
2020-06;863.22;1017.31;1349.14;417.73
2020-06;568.49;1201.3;1862.2;355.03
2020-06;654.12;992.89;1092.35;390.33
2020-06;906.05;857.24;1238.87;309.33
2020-06;921.23;1155.65;1789.45;429.51
2020-06;862.18;1266.73;1032.65;376.71
2020-06;620;779.06;1378.15;420.29
2020-06;631.12;931.13;1827.04;215.41
2020-06;587.24;1247.98;1334.61;384.38
2020-06;394.81;1054.89;1857.71;384.49
2020-06;810.78;1136.87;967.64;449.66
2020-06;757.63;1212.24;1121.3;453.42
2020-06;375.85;824.3;909.56;295.85
2020-06;636.76;1450.8;1064.04;401.28
2020-06;410.76;1219.37;1278.04;384.81
2020-07;814.69;755.3;1007.17;395.94
2020-07;428.47;1300.28;1047;264.37
2020-07;728.91;1263.47;NA;372.55
2020-07;914.44;1462.32;1107.3;240.58
2020-07;629.17;922.63;1082.49;346.49
2020-07;383.72;753.02;930.54;208.07
2020-07;552.06;819.63;1062.54;373.45
2020-07;657.19;1032.99;1038.5;215.29
2020-07;626.74;1002.59;1163.86;288.9
2020-07;870.1;924.26;1394.11;257.93
2020-07;372.48;1106.07;1661.05;368.39
2020-07;586.19;1448.3;1265.22;454.58
2020-07;664.11;782.76;1335.37;214.45
2020-07;695.82;1488.66;1490.48;436.33
2020-07;738.63;907.62;1068.81;385.49
2020-07;527.84;770.28;1346.52;211.94
2020-07;561.76;1206.57;1165.14;226.7
2020-07;889.84;1277.24;988.15;319.2
2020-07;949.22;943.48;1071.96;247.01
2020-07;385.21;767.1;945.35;458.01
2020-07;407.94;1295.07;1614.91;318.15
2020-07;704.23;1224.36;1730.95;252.42
2020-07;688.75;1341.25;1401.3;369.99
2020-07;508.51;1419.39;1261.78;232.14
2020-07;624.09;826.53;1742.5;448.77
2020-07;651.39;781.8;1528.39;347.8
2020-07;587.61;1142.09;1938.56;400.58
2020-07;613.77;853.68;1447.85;388.55
2020-07;397;957.68;1891.39;477.51
2020-07;921.13;978.07;1154.07;478.98
2020-07;879.23;1096.8;1895.96;438.82
2020-08;681.54;1415.83;1145.39;260.16
2020-08;901.41;1171.24;1395.52;204.37
2020-08;351.15;844.51;965.1;365.21
2020-08;644.52;1089.15;1847.07;234.36
2020-08;565.48;1338.82;1006.65;307.4
2020-08;932.51;864.7;1870.86;438.89
2020-08;705.48;1282.44;1531.89;318.69
2020-08;670.45;798.05;1092.93;309.56
2020-08;591.65;813.88;1515.95;405.42
2020-08;636.09;809.33;1649.92;209.01
2020-08;608.54;924.69;1707.05;368.29
2020-08;798.64;1302.99;1400.23;402.18
2020-08;364.9;914.95;979.19;348.59
2020-08;555.37;1051.97;1855.06;463.24
2020-08;627.43;1084.29;952.77;456.48
2020-08;700.69;1233.64;1714.72;398.62
2020-08;887.09;944.41;NA;339.78
2020-08;911.24;1363.75;922.37;298.51
2020-08;740.28;992.98;1613.23;249.93
2020-08;628.58;853.32;1135.75;479.48
2020-08;447.75;1044.75;964.6;412.07
2020-08;830;812.73;1904.98;274.13
2020-08;913.97;1414.71;1429.85;465.49
2020-08;578.79;1202.42;1462.86;322.73
2020-08;768.95;996.86;1125.4;393.02
2020-08;866.88;912.72;1407.33;391.54
2020-08;479.14;990.08;1850.93;447.56
2020-08;650.64;1422.34;1602.78;371.73
2020-08;894.83;1265.37;1324.66;334.66
2020-08;477.13;1281.79;1756.05;201.55
2020-08;614.86;764.98;1683.09;416.47
2020-09;427.99;1335.62;1255.5;315.6
2020-09;446.13;1009.9;1511.33;281.01
2020-09;368.48;1152;955.37;284.64
2020-09;711.72;1489.7;1924.14;314.94
2020-09;630.47;1259.22;1240.3;454.13
2020-09;627.75;1396.56;1195.41;287.65
2020-09;440.03;847.98;1063.14;233.29
2020-09;785.03;755.86;1556.64;255.56
2020-09;671.14;816.93;1559.94;335.14
2020-09;389.96;1057.11;1851.14;357.24
2020-09;806.19;795.59;NA;346.01
2020-09;827.43;1329.53;1215.94;360.25
2020-09;766;759.92;1407.3;269.43
2020-09;597.82;1378.83;1252.09;405.83
2020-09;736.32;947.71;999.6;365.07
2020-09;522;1252.43;1240.51;477.38
2020-09;692.91;1340;1251.62;469.75
2020-09;873.46;898.26;1136.5;361.73
2020-09;476.58;1233.97;1109.84;259.49
2020-09;681.35;1002.12;1042.03;324.62
2020-09;880.21;1143.81;1510.62;383.17
2020-09;796.63;930.08;1754.35;333.04
2020-09;481.32;1363.71;1447.62;360.24
2020-09;553.08;834.59;1462.04;252.92
2020-09;877.39;1494.6;923.07;225.43
2020-09;359.92;1314.34;1138.86;471.64
2020-09;790.28;1125.28;1226.32;385.31
2020-09;902.42;1350.4;1511.85;324.35
2020-09;471.39;806.68;1243.41;448.69
2020-09;841.93;1006.28;1637.6;367.18
2020-10;635.65;1211.75;1585.89;394.87
2020-10;837.86;1453.15;1147.88;289.22
2020-10;831.05;1318.04;1273.1;208.28
2020-10;884.53;901.61;938.48;343.25
2020-10;874.64;923.04;1632.06;227.92
2020-10;864.16;1338.11;1005.65;269
2020-10;433.08;1237.22;1275.17;392.26
2020-10;558.27;796.65;1329.01;430.86
2020-10;364;771.01;1658.62;360.12
2020-10;900.86;1435.62;1385.07;261.45
2020-10;825.49;1481.32;1799.55;363.7
2020-10;543.03;861.31;1382.68;261.74
2020-10;599.01;1176.25;1739.69;458.19
2020-10;516.15;976;1654.57;322.3
2020-10;593.73;823.96;1253.23;279.88
2020-10;901.51;1250.91;1945.31;353.6
2020-10;692.07;1307.25;1559.32;246.53
2020-10;456.41;1249.15;970.81;271.56
2020-10;727.75;837.84;1397.54;468.47
2020-10;918.08;807.62;1027.41;255.83
2020-10;761.89;1086.11;939.91;307.4
2020-10;702.29;1445.14;1065.45;234.88
2020-10;368.11;1252.08;1215.99;452.69
2020-10;755.99;961.69;1301.39;432.9
2020-10;507.02;959.6;1432.87;284.94
2020-10;609.02;1324.44;1184.65;424.96
2020-10;527.48;1068.35;1072.67;351.77
2020-10;551.62;1432.46;1442.04;209.34
2020-10;357.3;1351.47;1297.36;439.2
2020-10;497.46;1367.2;1771.42;365.5
2020-10;775.27;842.83;1356.85;280.66
2020-11;377.56;1385.17;1753.58;422.09
2020-11;796.65;1491.63;1422.62;366.2
2020-11;424.68;845.02;1048;228.02
2020-11;875.35;1150.15;1213.97;464.26
2020-11;814.91;1268.23;1362.36;322.62
2020-11;761.57;1160.2;1914.65;390.68
2020-11;476.85;1004.98;901.84;243.24
2020-11;595.43;1464.11;1849;344.69
2020-11;644.38;1029.75;NA;449.32
2020-11;537.43;1005.66;1589.31;472.98
2020-11;606.22;1412.5;1661.78;273.99
2020-11;478.56;1406.63;1131.88;370.95
2020-11;575.48;1007.51;1319.95;250.27
2020-11;617;1439.67;1359.79;293.65
2020-11;497.54;1428.93;1707.1;233.68
2020-11;391.14;1411.6;1276.55;419.08
2020-11;357.63;797.74;1009.91;265.05
2020-11;406.07;1121.12;989.77;454.35
2020-11;355.55;1024.93;934.22;255.78
2020-11;590.49;1314.09;1180.29;216.4
2020-11;639.07;1230.54;1254.35;384.58
2020-11;747.57;1179.42;1779.89;210.82
2020-11;446.39;1170.74;1177.18;302.68
2020-11;496.18;1071.53;1800.88;202.52
2020-11;538.34;1165.29;1119.64;392.98
2020-11;746.29;1190.54;1418.66;238.03
2020-11;536.29;1405.64;1791.17;403.73
2020-11;763.64;817.44;1432.49;288.33
2020-11;685.83;998.43;1351.89;251.7
2020-11;639.4;1166.01;1276.26;277.25
2020-12;686.71;1480.12;1652.62;234.01
2020-12;765.82;1311.27;1519.48;203.53
2020-12;769.62;857.49;1765.41;352.69
2020-12;623.31;970.85;1220.12;245.21
2020-12;532.56;817.06;1589.98;247.3
2020-12;578.3;970.68;1458.83;431.16
2020-12;865.65;999.6;1882.55;450.69
2020-12;533.34;830.59;1749.6;304.06
2020-12;456.94;814.18;1108.51;429.17
2020-12;920.43;1014.06;1856.61;316
2020-12;680.3;1391.16;1767.43;301.63
2020-12;601.53;1003.85;1938.81;222.6
2020-12;866.3;1181.51;1220.26;250.36
2020-12;619.64;963.92;1222.28;461.97
2020-12;901.12;1299.1;1068.13;397.86
2020-12;455.04;1252.47;1341.15;413.61
2020-12;635.45;1341.54;1883.81;417.82
2020-12;842.06;1054.31;1056.94;427.87
2020-12;519.57;1357.29;1318.2;253.22
2020-12;724.11;805.66;1534.31;270.36
2020-12;806.23;1095.98;1601.26;313.48
2020-12;464.7;894.45;1335.51;406.02
2020-12;677.01;951.88;1126.98;234.25
2020-12;892.65;1469.8;1414.87;212.08
2020-12;570.15;1064.04;1745.67;433.18
2020-12;644.5;1248.37;1698.42;225.89
2020-12;820.32;1224.72;1609.71;405.85
2020-12;514.88;926.67;1531.77;289.27
2020-12;588.06;1397.6;1014.69;473.01
2020-12;792.7;1299.29;1593.6;211.83
2020-12;553.72;1145.46;1597.06;289.75
2021-01;890.85;1459.36;1766.71;270.31
2021-01;900.83;1474.65;989.54;470.84
2021-01;613.34;1386.4;1313.51;323.25
2021-01;471.65;1082.21;1411.76;411.23
2021-01;588.22;1409.98;1823.8;280.51
2021-01;762.17;1215.88;1288.52;233.18
2021-01;480.03;1053.27;1021.29;456.75
2021-01;391.46;978.36;1781.89;268.42
2021-01;795.84;844.05;1307.09;274.17
2021-01;638.33;844.41;1731.54;279.74
2021-01;630.26;1440.2;1116.2;262.28
2021-01;797.19;1153.73;1095.36;308.75
2021-01;480.23;1079.77;1892.01;390.98
2021-01;787.61;1370.2;1472.45;296.56
2021-01;872.62;1026.11;1243.45;205.81
2021-01;737.94;1402.47;1494.9;442.32
2021-01;406.9;1083.26;1679.93;306.41
2021-01;887.63;821.88;1485.78;452.63
2021-01;860.22;1011.15;1644.29;336.12
2021-01;779.98;1273.62;1207.54;374.43
2021-01;714.88;761.46;1751.4;288.78
2021-01;581.05;1186.47;1662.71;283.03
2021-01;740.23;1021.35;1521.33;204.25
2021-01;795.64;896.21;947.92;330.67
2021-01;945.04;1348.1;1713.78;366.33
2021-01;502.68;930.25;1123.95;419.74
2021-01;711.3;1162.93;1511.33;285.06
2021-01;927.97;929.45;1881.83;317.7
2021-01;492.9;1255.63;1521.4;233.83
2021-01;750.69;1414.71;1428.33;340.58
2021-01;704.06;1094.78;1900.64;256.53
2021-02;832.8;756.19;1496.29;376.65
2021-02;479.1;1356.76;1240.03;233.74
2021-02;604.87;1270.13;1401.43;443.13
2021-02;920.94;1066.44;1542.63;256.94
2021-02;620.63;1495.86;1185.81;213.03
2021-02;820.19;755.86;1218.63;292.39
2021-02;374.98;944.13;1136.84;325.35
2021-02;893.91;1416.36;1368.47;265.65
2021-02;461.84;1187.76;1057.93;451.14
2021-02;395.51;1120.05;1073.54;264.82
2021-02;790.58;1426.87;1713.7;202.14
2021-02;680.9;1455.25;1535.18;462.44
2021-02;776.41;1477.12;1177.93;312.21
2021-02;905.35;1243.6;1333.44;307.01
2021-02;895.25;837.49;1746.76;280.41
2021-02;509.48;909.37;1312.89;307.78
2021-02;810.37;1295.93;NA;353.63
2021-02;369.52;1260.44;1886.79;346.99
2021-02;414.73;1290;1436.3;200.11
2021-02;553.1;991.56;1898.86;227.87
2021-02;377.86;1086.62;1300.35;448.02
2021-02;782.79;939.35;1406.92;307.28
2021-02;403.49;1303.12;1058.92;210.06
2021-02;583.45;1476.3;1524.66;390.22
2021-02;694.91;1092.81;1043.94;327.81
2021-02;873.92;1132.19;NA;402.32
2021-02;701.67;860.13;1632.08;471.44
2021-02;857.13;904.93;1402.21;305.68
2021-03;702.56;951.71;1271.89;397.29
2021-03;362.7;1200.2;942.13;473.98
2021-03;938.85;785.59;NA;231.86
2021-03;632.05;1229.19;1924.07;469.46
2021-03;762.24;1016.8;1242.07;292.71
2021-03;390.81;1204.59;1385.27;409.8
2021-03;897.63;1033.14;1916.45;450.85
2021-03;750.52;836.93;1534.56;461.96
2021-03;424.99;951.48;1617.67;363.24
2021-03;377.54;1496.57;1107.47;419.43
2021-03;442.3;1254.16;937.79;421
2021-03;460.37;1405.1;1106.68;264.48
2021-03;837.46;1110.75;1646.51;458.51
2021-03;584.83;1001.48;1223.76;438.68
2021-03;570.76;1491.98;1307.49;344.61
2021-03;354.08;783.11;976.36;263.76
2021-03;821.75;801.35;1570.44;276.03
2021-03;508.92;784.3;1583.63;368.57
2021-03;472.6;1055.17;1092.68;264.86
2021-03;461.78;1073.48;1101.34;282.91
2021-03;539.59;758.61;1432.74;442.46
2021-03;435.2;1286.04;1034.21;477.59
2021-03;847.05;886.3;1792.35;306.74
2021-03;691.55;855.65;1558.72;349.86
2021-03;382.47;946.65;959.76;290.83
2021-03;620.05;1028.92;1803;423.75
2021-03;570.25;1187.73;1194.98;293.42
2021-03;579.7;1196.66;1291.39;373.56
2021-03;565.16;1481.06;1710.95;423.26
2021-03;735.53;1396.63;1223.62;339.01
2021-03;682.72;797.9;1825.36;271.85
2021-04;647.57;1075.2;1252.79;399.46
2021-04;379.11;1263.2;1649.24;420.48
2021-04;622.29;1335.12;1200.35;429.3
2021-04;430.52;1461.78;1201.35;466.57
2021-04;416.4;1470.96;938.83;461.39
2021-04;497.72;1288.12;932.14;368.71
2021-04;748.63;1484.34;974.27;379.05
2021-04;859.59;1475.74;1096.77;220.65
2021-04;374.75;1351.22;1512.21;327.28
2021-04;447.23;754.37;1107.02;252.18
2021-04;654.55;1426.16;1639.52;437.41
2021-04;396.44;1114.97;1072.97;318.19
2021-04;635.87;1493.56;1675.39;340.64
2021-04;350.52;1441.81;1361.35;249.59
2021-04;503.29;1144.66;1132.21;222.97
2021-04;603.77;928.76;1672.2;371.4
2021-04;357.48;1012.6;1932.79;322.94
2021-04;761.34;1274.49;1420.43;470.17
2021-04;898.32;902.23;1946.69;403.98
2021-04;925.53;925.31;1809.3;232.12
2021-04;731.03;1258.49;1071.14;471.94
2021-04;589.3;792.63;929.02;457.62
2021-04;679.58;1411.18;941.44;274.24
2021-04;592.42;1229.02;1648.75;300.75
2021-04;800.74;967.3;1122.58;259.67
2021-04;829.4;1263.09;986.79;291.05
2021-04;716.69;1123.61;1252.33;228.88
2021-04;751.87;1247.39;1145.83;478.39
2021-04;675.2;1388.1;1295.57;307.47
2021-04;749.83;1380.16;1435.44;210.25
2021-05;695.79;1341.19;1523.01;233.31
2021-05;682.65;1089.64;906.35;334.76
2021-05;770.99;838.71;1534.63;351.14
2021-05;847.45;1261.7;1139.81;261.26
2021-05;789.95;1198.26;1642.22;311.31
2021-05;734.66;912.49;1542.97;230.23
2021-05;684.14;1275.51;1106.55;422.29
2021-05;365.78;965.76;1230.12;205.57
2021-05;717.14;1367.71;969.53;360.75
2021-05;664.85;766.82;1292.28;457.71
2021-05;663.67;1094.82;1516.29;239.47
2021-05;637.67;891.48;1788.88;389.43
2021-05;399.62;1105.09;950.17;271.71
2021-05;705.12;1122.26;1684.68;347.75
2021-05;859.79;1362;914.07;257.89
2021-05;821.19;916.44;1296.26;420.34
2021-05;499.27;1016.25;1195.45;340.05
2021-05;657.95;802.04;1612.05;445.7
2021-05;716.82;1404.7;1000.37;259.49
2021-05;610.7;1097.32;1360.28;206.49
2021-05;572.17;1195.8;1093.27;445.06
2021-05;690.76;1340.87;1474.07;298.81
2021-05;836.2;1214.73;1838.63;287.75
2021-05;410.88;1371.64;1183.01;426.67
2021-05;740.83;1053.05;1169.96;208.18
2021-05;576.07;1187.97;1186.04;337.86
2021-05;743.84;1053.06;1860.58;236.35
2021-05;949.92;1191.18;1930.19;380.87
2021-05;890.51;1055.08;1225.49;325.34
2021-05;532.33;868.8;1370.51;428.96
2021-05;525.76;1348.92;1537.08;432.61
2021-06;648.89;1202.56;1034.89;330.18
2021-06;910.16;819.23;1000.52;416.82
2021-06;552.56;955.2;1104.53;357.18
2021-06;864.21;1125.37;1045.15;427.26
2021-06;413.11;1032.64;1114.29;288.22
2021-06;728.57;818.82;1064.89;233.78
2021-06;427.31;1278.13;1051.05;290.56
2021-06;857.01;1201.25;1642.48;392.08
2021-06;841.53;1438.61;1289.83;405.06
2021-06;738.68;1147.57;1489.02;328.87
2021-06;825.91;1400.35;1124.8;248.91
2021-06;733.41;1206.42;936.67;227.81
2021-06;451.93;824.6;1869.56;295.36
2021-06;494.54;1154.94;1000.42;265.05
2021-06;522.98;826.27;1797.74;428.96
2021-06;502.51;1424.17;1928.3;451.92
2021-06;624.31;1411.82;1839.27;435.06
2021-06;463.1;875.63;1925.45;399.71
2021-06;398.04;1079.45;1746.23;430.34
2021-06;741.08;1252.75;1778.01;298.68
2021-06;898.45;1082.28;1352.43;284.75
2021-06;637.43;1082.55;1208.11;234.62
2021-06;388.41;849.23;1929.38;282.27
2021-06;569.87;1207.73;1719;476.44
2021-06;858.82;784;1071.7;392.37
2021-06;540.82;1136.2;1559.73;349.31
2021-06;653.5;753.1;926.14;289.06
2021-06;802.34;1302.65;1833.26;299.25
2021-06;521.3;1246.44;1274.09;307.62
2021-06;777.46;1221.34;1338.83;362.08
2021-07;396.86;1298.78;1914.56;421.36
2021-07;452.11;968.36;950.23;200.68
2021-07;656.8;1352.34;985.21;204.19
2021-07;798.1;823.81;1504.34;246.71
2021-07;398.37;1125.63;1590.17;211.74
2021-07;853.4;1418.66;1823.61;316.37
2021-07;619.86;1072.77;1035.58;399.03
2021-07;399.66;1146.01;1293.85;304.21
2021-07;673.95;772.08;1918.42;434.99
2021-07;798.74;1438.49;1779.28;260.69
2021-07;511.59;1317.41;1875.78;414.71
2021-07;908.49;948.03;1057.98;315.13
2021-07;475.91;1112.04;1858.17;356.18
2021-07;872.47;1101.91;1680.94;386.64
2021-07;932.65;885.24;977.55;355.63
2021-07;412.74;1345.94;955.99;241.12
2021-07;901.46;888.62;1755.18;393.14
2021-07;497.58;1389.63;1418.84;234.45
2021-07;875.49;909.77;1165.44;380.96
2021-07;689.84;1097.16;1816.87;237.3
2021-07;874.95;873.61;1774.14;206.66
2021-07;580.9;953.15;1834.88;303.63
2021-07;436.13;1118.12;1367.62;470.67
2021-07;860.09;1203.39;1463.36;422.81
2021-07;466.82;1423.7;1904.95;255.13
2021-07;591.97;872.45;1316.54;452.89
2021-07;420.19;1429.74;1499.81;252.78
2021-07;919.39;1055.99;1450.77;452.82
2021-07;598.27;1367.55;1402.31;333.69
2021-07;361.04;1469.58;925.88;446.34
2021-07;784.24;1104.53;1436.06;325.33
2021-08;511.66;1242.6;1893.41;272.43
2021-08;787.31;1399.08;1531.79;466.05
2021-08;633.99;1231.39;1945.52;337.93
2021-08;922.02;1104.01;1101.73;356.72
2021-08;455.26;1226.25;1313.41;216.37
2021-08;379.86;1376.01;913.56;470.76
2021-08;376.76;1363.07;1723.05;296.47
2021-08;580.23;833.54;1152.16;241.37
2021-08;895.09;795.95;1246.32;227.72
2021-08;516.42;901.16;1741.86;478
2021-08;785.53;1422.4;1898.01;455.45
2021-08;715.31;1254.91;1184.11;332.01
2021-08;507.98;915.08;1261.68;289.92
2021-08;560.11;1337.89;942.83;454.11
2021-08;745.27;828.68;1475.44;318.46
2021-08;905.76;1217.84;1393.19;404.49
2021-08;558.14;1248.21;1551.08;261.07
2021-08;882.93;769.82;1938.65;201.64
2021-08;372.03;1456.11;1821.01;335.25
2021-08;657.39;1024.85;1130.52;437.48
2021-08;823.58;1034.92;1180.37;467.56
2021-08;850.29;844.78;1741.81;275.49
2021-08;667.11;768.05;1509.96;247.12
2021-08;617.03;1369;1578.82;433.76
2021-08;548.2;1329.15;1208.74;278.23
2021-08;582.61;957.52;1212.97;328.58
2021-08;564.06;1088.85;1283.62;349.63
2021-08;772.82;768.88;1133.05;346.33
2021-08;844.3;827.68;1388.42;330.6
2021-08;926.63;1218.67;1572.14;386
2021-08;562.27;1423.97;1670.68;246.56
2021-09;829.45;843.89;1177.49;434.13
2021-09;400.15;1267.87;912.01;236.09
2021-09;446.28;802.23;1777.35;392.74
2021-09;704.68;1205.19;1139.25;431.54
2021-09;644.64;805.81;1816.45;330.86
2021-09;637.2;833.24;1922.02;459.33
2021-09;611.36;1198.4;1641.17;376.75
2021-09;512.82;1289.44;1906.11;448.94
2021-09;365.22;1369.82;1183.69;452.27
2021-09;746.15;933.48;1202.05;251.95
2021-09;765.21;1131.5;1885.86;231.28
2021-09;664.59;887.91;1306.62;295.94
2021-09;576.1;1429.13;1894.42;271.05
2021-09;918.57;878.55;1109.65;203.44
2021-09;482.21;1410.99;1042.26;234.95
2021-09;857.64;1192.77;1102.34;237.69
2021-09;411.01;1494.47;1462.92;430.38
2021-09;356.31;1344.9;1446.97;305.27
2021-09;422.18;917.83;1266.13;353.67
2021-09;840.27;786.74;987.02;449.59
2021-09;476.42;1288.81;1652.64;418.98
2021-09;543.27;848.27;1395.13;231.43
2021-09;647.48;1397.71;1847.04;344.61
2021-09;944.68;1033.06;1475.41;296.32
2021-09;426.77;1380.67;1055.74;402.29
2021-09;858.27;1352.3;1719.27;288.14
2021-09;571.31;1304.86;1098.43;275.7
2021-09;447.26;755.38;1617.16;360.18
2021-09;559.46;789.46;1733.17;431.19
2021-09;466.91;898.39;1187.16;225.19
2021-10;636.29;1459.87;1090.03;361.68
2021-10;458.7;1429.34;1616.67;293.55
2021-10;470.91;1075.68;1355.59;251.15
2021-10;526.92;961.99;1723.71;403.5
2021-10;674.74;1457.29;914.92;235.6
2021-10;569.23;897.45;1893.93;277.52
2021-10;681.27;1382.93;940.48;332.25
2021-10;751.34;1302.45;1274.53;294.53
2021-10;613.44;1207.37;1918.83;211.54
2021-10;644.62;1455.54;1721.65;419.7
2021-10;500.94;1240.61;1375.68;426.79
2021-10;914.66;1232.5;1719.03;303.7
2021-10;441.69;1301.25;1346.23;394.92
2021-10;670.43;882.74;NA;376.15
2021-10;932.05;1244.73;1695.94;202.2
2021-10;411.9;1122.88;1696.65;308.88
2021-10;489.58;1204.56;1570.74;229.86
2021-10;836.78;1438.15;1638.58;471.12
2021-10;417.69;964.02;1002.02;419.05
2021-10;769.75;762.05;1421.9;442.21
2021-10;613.93;1485.2;959.86;268.1
2021-10;444.36;1408.35;1691.34;347.6
2021-10;389.96;1220.87;991.32;462.21
2021-10;593.23;1421.81;1882.12;371.62
2021-10;895.26;1133.9;1390.41;215.17
2021-10;352.83;1418.26;1245.66;294.33
2021-10;604.4;1016.27;1791.43;372.69
2021-10;356.33;1093.88;1330.29;466.91
2021-10;610.37;1145.85;1695.88;278.2
2021-10;932.32;1121.89;1947.56;433.8
2021-10;942.93;1436.06;1269.41;375.96
2021-11;697.52;1146.13;1155.42;364.97
2021-11;632.95;1245.8;1455.6;201.15
2021-11;819.02;1215.11;NA;356.2
2021-11;903.59;1316.09;1625.16;408.39
2021-11;855.42;785.53;1838.69;237.33
2021-11;895.93;998.59;1782.28;477.58
2021-11;414.15;1010.68;1400.82;476.85
2021-11;564.19;1181.61;1759.75;314.16
2021-11;596.45;994.9;1512.13;207.23
2021-11;811.84;990.8;1481.5;359.64
2021-11;470.13;904.98;1016.42;478.61
2021-11;656.33;1412.9;941.2;473.54
2021-11;371.3;1445.48;1381.13;311.83
2021-11;743.79;1287.61;1715.38;454.91
2021-11;509.36;962.07;901.4;255.65
2021-11;482.46;1244.47;1901.53;434.8
2021-11;420.41;1323.26;1778.15;427.35
2021-11;410.97;1033.91;993.3;277.29
2021-11;413.83;1416.09;1390.05;422.52
2021-11;603.44;1237.47;1346.66;359.43
2021-11;555.68;1035.84;1503.76;228.48
2021-11;416.53;1498.72;1102.1;369.64
2021-11;548.01;842.08;1515.78;356.28
2021-11;806.02;1091.6;1511.86;212.83
2021-11;561.28;755.53;935.7;208.12
2021-11;381.48;1464.86;1039.31;415.02
2021-11;557.68;810.58;1001.73;292.25
2021-11;765.72;1228.05;1839.36;278.95
2021-11;564.74;1300.45;1878.56;302
2021-11;574.77;913.19;1725.22;240.51
2021-12;813.64;1280.7;1643.67;341.25
2021-12;757.53;1042.29;1513.24;222.24
2021-12;567.33;910.97;1011.63;302.81
2021-12;675.48;1206.83;1645.17;325.05
2021-12;742.4;1420.86;1949.76;299.77
2021-12;862.73;1079.32;1659;272.03
2021-12;766.62;979.93;1779.28;356.96
2021-12;839.35;1427.11;1738.78;402.05
2021-12;682.47;774.94;1709.1;203.13
2021-12;738.6;903.03;1280.64;433.58
2021-12;797.53;1421.75;1701.58;435.21
2021-12;703.87;780.6;1739.38;260.56
2021-12;825.84;755.21;1760.31;468.86
2021-12;367.5;933.79;1547.66;301.16
2021-12;532.5;1030.75;1933.66;247.37
2021-12;744.57;1347.61;1734.58;246.64
2021-12;859.32;1497.52;1694.07;417.32
2021-12;529.57;1269.61;1458.99;207.2
2021-12;846.93;954.21;1800.06;403.79
2021-12;562.87;1161.44;1654.61;387.74
2021-12;816.14;1249.29;1881.56;243.04
2021-12;767.33;824.96;1593.45;421.74
2021-12;893.95;1030.48;1428.55;268.84
2021-12;686.81;1155.29;960.07;306.92
2021-12;514.48;1194.83;1652;322.11
2021-12;803.74;1455.96;1853.89;450.81
2021-12;505.9;848.57;1468.24;461.89
2021-12;573.79;1036.09;1272.57;401.39
2021-12;574.06;1458.23;1425.66;360.3
2021-12;772.53;1019.15;1137.63;430.9
2021-12;867.7;1077.78;1087.78;243.33
2022-01;527.32;1075.14;1818.23;266.62
2022-01;633.87;1331.05;968.41;350.86
2022-01;866.58;1445.65;1835.44;389.07
2022-01;851.07;1486.34;1008.56;250.58
2022-01;562.08;1366.47;1532.01;438.45
2022-01;865.04;1356.92;1659.94;291.44
2022-01;820.9;1421.39;1525.24;439.19
2022-01;922.78;1236.18;956.21;365.57
2022-01;680.95;880.96;964.42;450.03
2022-01;488.31;888.37;1253.35;259.02
2022-01;520.34;940.48;1098.31;453
2022-01;753.6;1490.79;902.65;301.57
2022-01;468.21;829.55;1934.36;342.98
2022-01;744.62;1043.5;1081.16;430.29
2022-01;428.25;1034.26;1011.99;372.42
2022-01;477.55;1233.63;1527.74;462.96
2022-01;879.48;1406.74;1254.86;459
2022-01;523.82;1307.78;1645.85;243.14
2022-01;721.01;1293.1;1128.91;424.28
2022-01;711.38;1331.58;1592.52;471.07
2022-01;598;1023.41;1519.76;404.39
2022-01;914.25;1364.18;1174.69;265.71
2022-01;628.13;1256.78;1485.25;416.86
2022-01;831.32;1395.75;1879.34;260.57
2022-01;919.93;862.51;1242.12;289.79
2022-01;462.84;1259.33;1397.39;212.37
2022-01;786.01;1450.53;1350.03;418.58
2022-01;932.16;1384.24;1661.4;320.55
2022-01;782.19;1182.65;1361.32;444.29
2022-01;781.7;875.49;1757.68;333.31
2022-01;565.17;961.63;1763.76;258.62
2022-02;712.41;1112.43;1937.89;383.54
2022-02;370;1144.39;1219.15;430.82
2022-02;433.57;880.39;1187.59;290.74
2022-02;487.46;1361.38;1649.77;391.38
2022-02;649.79;1390.29;1387.89;376.1
2022-02;664.24;1162.68;1807.77;353.68
2022-02;433.93;854.57;1910.63;242.91
2022-02;851.87;968.63;1199.16;228.44
2022-02;852.94;1168.07;1260.75;324.72
2022-02;461.38;1390.98;1096.31;321.7
2022-02;606.42;1138.53;1153.9;229.98
2022-02;711.57;958.41;1058.14;275.54
2022-02;352.95;1443.07;1389.16;341.58
2022-02;549.17;1343.31;1645.56;253.02
2022-02;937.55;841.4;1884.26;338.11
2022-02;549.85;1389.05;1088.5;354.68
2022-02;949.34;1017.76;NA;285.12
2022-02;541.35;1419.1;956.97;351.56
2022-02;621.92;931.34;1602.27;348.89
2022-02;662.69;1290.47;1374.81;304.29
2022-02;592.76;1346.36;1406.92;364.29
2022-02;733.72;980.69;1130.37;292.67
2022-02;535.13;1180.44;1852.61;458.32
2022-02;718.79;808.53;1151.77;258.1
2022-02;463.93;1448.77;1257.87;238.17
2022-02;360.57;814;1276.63;365.63
2022-02;382.78;898.3;1313.68;303.66
2022-02;821.53;815.85;955.61;345.11
2022-03;512.22;1065.74;1308.24;417.07
2022-03;773.6;1328.68;1243.33;427.59
2022-03;621.18;884.65;1475.2;431.36
2022-03;554.95;885.72;1486.01;477.8
2022-03;416.07;1235.48;1715.8;255.18
2022-03;720.55;895.11;1647.84;284.52
2022-03;791.12;819.76;1722.52;350.68
2022-03;758.83;829.51;1705.19;379.68
2022-03;506.07;1435.84;1777.11;315.41
2022-03;660.13;1092.68;1279.19;336.29
2022-03;581.71;1469.01;1885.48;277.62
2022-03;826.2;818.35;1665.61;401.16
2022-03;659.36;842.38;1190.52;268.08
2022-03;813.94;1111.14;1103.63;274.54
2022-03;711.67;957.82;1521.38;400.09
2022-03;877.17;1293.85;1382.74;371.76
2022-03;645.76;1240.56;1396.96;300.82
2022-03;705.74;1241.73;1548.92;236.43
2022-03;660.43;1304.59;985.06;375.45
2022-03;376.1;1188.78;1604.26;315.43
2022-03;488.18;1495.45;1738.42;247.75
2022-03;710.81;836.43;1174.43;452.07
2022-03;372.8;1455.64;1120.45;254.26
2022-03;461.23;1162.69;1677.38;352.55
2022-03;509.19;1146.22;1364.8;464.2
2022-03;805.74;1180.08;1070.55;283.63
2022-03;903.54;851.51;1081.93;384.66
2022-03;584.53;1436.72;1730.9;223.92
2022-03;668.43;949.79;1760.89;419.87
2022-03;604.91;899.03;1689.62;258.31
2022-03;618.75;999.88;1071.56;241.09
2022-04;398.91;1348.29;1445.6;288.25
2022-04;649.92;1074.19;1392.23;474.34
2022-04;465.68;1488.88;1455.73;410.19
2022-04;429.67;1343.21;1190.32;382.48
2022-04;816.1;946.56;1332.64;413.25
2022-04;792.78;897.18;1263.23;453.1
2022-04;586.86;1453.24;1711.07;247.49
2022-04;762.11;1287.81;1325.53;257.86
2022-04;720.61;1034.16;1440.59;242.29
2022-04;588.74;1069.59;1637.83;308.5
2022-04;757.98;1014.69;1231.27;432.89
2022-04;693.85;1044.62;1650.46;445.04
2022-04;387.3;1158.69;1537.42;352.9
2022-04;756.87;989.52;1280.54;408.62
2022-04;863.13;1035.73;1341.84;434.79
2022-04;829.48;789.46;1717.02;409.94
2022-04;663.7;875.82;1338.42;288.51
2022-04;400.31;1046.01;1240.32;355.33
2022-04;722.25;1135.56;1529.14;250.52
2022-04;504.42;1444.78;1082.5;395.17
2022-04;583.13;1415.37;1620.43;325.92
2022-04;480.25;1114.24;1346.24;407.73
2022-04;492.07;1125.81;914.97;474.9
2022-04;869.13;1152.11;1076.88;337.98
2022-04;676.87;819.04;1296.3;275.09
2022-04;362.68;1014.53;1621.14;397.73
2022-04;551.55;1012.84;1051.13;218.12
2022-04;808.35;1205.66;NA;407.65
2022-04;573.98;1327.25;1153.8;204.2
2022-04;498.58;1156.3;1505.76;226.02
2022-05;440.86;1493.96;1138.56;230.25
2022-05;883.32;1389.78;1329.57;392.51
2022-05;911.1;750.62;NA;324.95
2022-05;911.7;866.8;999.37;342.27
2022-05;927.83;1115.82;1194.47;425.06
2022-05;579.04;774.52;907.01;329.35
2022-05;938.46;1214.96;1570.53;260.7
2022-05;359.04;781.41;1648.44;241.83
2022-05;551.64;750.35;1468.73;308.65
2022-05;742.53;951.41;1494.21;333.07
2022-05;398.48;855;1876.63;217.46
2022-05;941.6;1235.87;1380.63;214.22
2022-05;596.32;1473.61;1534.72;377.32
2022-05;355.2;824.58;1619.14;262.35
2022-05;932.21;1408.95;1058.89;248.91
2022-05;861.16;1491.6;1815.06;353.52
2022-05;359;985.83;1489;417.54
2022-05;797.15;1107.59;916.39;203.14
2022-05;655.15;1376.52;1627.4;281.18
2022-05;923.82;766.98;1837.73;310.57
2022-05;578.02;1314.68;1488.58;320.8
2022-05;431.37;831.76;1508.21;322.25
2022-05;685.75;945.92;1380.29;332.82
2022-05;519.08;876.19;1631.56;440.07
2022-05;463.12;799.44;1819.4;287.09
2022-05;553.61;1447.11;1947.68;340.03
2022-05;555.65;861.94;1731.08;287.4
2022-05;353.56;1330.5;1472.09;446.02
2022-05;750.56;988.68;1725.27;204.16
2022-05;949.14;1267.71;1751.29;221.36
2022-05;400.51;1393.07;1031.38;373.33
2022-06;629.14;1166.51;1195.1;419.7
2022-06;503.76;838.5;1305.18;233.86
2022-06;370.49;937.79;1416.48;382.25
2022-06;855.31;1103.44;1664.99;333.7
2022-06;622.48;1152.26;1084.24;341.77
2022-06;827.38;1231.93;1621.3;209.2
2022-06;502.44;798.24;960.31;456.17
2022-06;562.93;847.21;1376.51;354.98
2022-06;555.28;1222.68;1297.87;338.93
2022-06;625.82;1476.28;913.05;361.31
2022-06;894.81;1008.36;1471.67;398.72
2022-06;646.31;863.86;1607.86;454.09
2022-06;451.88;1455.2;1408.7;436.93
2022-06;639.55;1401.8;1247.66;312.92
2022-06;482.43;800.34;1548.65;285.44
2022-06;821.21;1100.64;1602.08;286.87
2022-06;567.18;779.18;1846.29;206.75
2022-06;371.55;1263.01;1476.51;201.05
2022-06;845.23;838.64;915.77;401.27
2022-06;914.32;1248.99;1622.56;362.17
2022-06;453.11;1280.29;1190.56;322.02
2022-06;947.09;753.58;984.51;236.79
2022-06;687.16;888.39;1553.43;382.09
2022-06;380.3;1257.25;1109.82;479.75
2022-06;911.66;1465.41;1765.71;304.29
2022-06;414.6;1201.18;1375.2;352.47
2022-06;768.72;760.13;NA;209.93
2022-06;556.69;905.95;1116.43;264.69
2022-06;800.47;890.08;1482.86;411.48
2022-06;770.39;1383.47;1856.36;418.63
2022-07;722.77;1120.27;1268.96;287.71
2022-07;703.41;1041.62;1602.96;284.44
2022-07;805.25;1326.87;1185.87;394.67
2022-07;564.08;1158.93;1305.42;417.6
2022-07;505.81;1089.98;1568.18;256.44
2022-07;888.97;908.05;1593.04;263.52
2022-07;467.67;1248.23;1117.23;295.03
2022-07;693.99;1065.1;1726.26;365.14
2022-07;769.57;1319.35;1782.31;474.09
2022-07;841.46;851.81;1154.71;343.67
2022-07;439;816.35;NA;264.47
2022-07;798.53;790.4;1669.63;459.63
2022-07;380.67;1264.22;1721.5;225.31
2022-07;719.2;1322.79;1436.83;217.3
2022-07;589.99;987.3;1925.77;364.93
2022-07;623.66;871.49;1857.66;378.03
2022-07;544.46;1428.2;1856.8;394.53
2022-07;390.47;1075.04;1449.79;462.87
2022-07;524.96;1086.84;1008.03;299.93
2022-07;598.04;1214.98;1897.19;403.88
2022-07;460.73;1308.6;1719.48;281.85
2022-07;655.84;922.25;1218.28;404.3
2022-07;910.7;999.56;1042.06;303.35
2022-07;780.86;993.51;962.88;260.52
2022-07;682.4;1411.74;1650.77;457.81
2022-07;716.91;797.03;1320.78;354.13
2022-07;435.41;974.66;1000.16;474.33
2022-07;399.86;1199.46;1025.93;468.7
2022-07;769.14;1118.01;904.08;402.16
2022-07;742.9;1011.75;940.65;391.11
2022-07;661.98;833.13;1162.02;436.31
2022-08;829.35;1329.6;1502.29;324.39
2022-08;359.64;1176.41;1112.84;274.27
2022-08;421.48;777.75;1345.2;263.72
2022-08;488.61;813.24;1173.94;457.69
2022-08;827.93;784.68;1728.85;308.89
2022-08;440.86;1096.67;1721.27;206.6
2022-08;355.27;1093.75;NA;300.7
2022-08;576.06;1056.07;916.66;466.42
2022-08;600.81;1320.14;1276.21;261.89
2022-08;852.95;1107.71;1920.44;221.16
2022-08;712.78;1357.86;1253.82;291.61
2022-08;411.84;1255.82;1674.99;371.34
2022-08;576.99;1254.29;NA;239.92
2022-08;892.43;1186.18;1506.47;360.9
2022-08;856.62;1201.99;1315.09;228.87
2022-08;660.15;931.42;1809.02;435.1
2022-08;402.54;1003.71;1715.11;216.48
2022-08;431.56;1323.67;950.04;427.62
2022-08;738.77;834.49;1042.7;301.58
2022-08;590.06;783.26;1910.08;266.39
2022-08;595.19;1478.98;1928.23;322.82
2022-08;933.3;821.49;1291.18;266.75
2022-08;376.84;1029.37;1657.68;261.94
2022-08;813.26;1062.6;1093.1;258.22
2022-08;418.08;1089.99;1501.75;369.05
2022-08;844.26;1081.75;1909.74;266.05
2022-08;584.6;1109;1251.67;209.58
2022-08;583.62;922.55;1315.97;267.9
2022-08;882.51;1373.86;1921.22;240.49
2022-08;818.11;1208.3;1143.94;286.06
2022-08;752.93;759.8;1006.81;359.48
2022-09;649.69;1230.52;1249.5;328.96
2022-09;616.07;1169.72;1557.03;394.94
2022-09;724.43;845.92;1900.48;444.42
2022-09;360.14;1160.72;1845.43;451.89
2022-09;715.97;1201.14;1865.63;408.92
2022-09;871.96;761.85;1448.06;419.48
2022-09;416.15;784.87;1693.64;263.2
2022-09;769.09;1319.33;1236.12;417.81
2022-09;540.43;1152.52;1328.49;309.39
2022-09;695.61;1498.06;1156.81;352.69
2022-09;683;796.18;1055.03;380.08
2022-09;949.28;1352.96;1293.08;207.68
2022-09;886.24;950.03;1289.55;266.2
2022-09;684.7;971.85;1464.67;217.32
2022-09;445.15;962.47;1343.27;378.06
2022-09;880.65;1252.46;1736.23;214.54
2022-09;875.37;847.77;1809.98;405.92
2022-09;592.95;1295.68;1436.86;435.94
2022-09;678;1435.89;1367.79;451.23
2022-09;512.14;1445.46;1662.4;474.57
2022-09;766.77;1018.99;978.45;469.1
2022-09;884.49;1100.72;1106.21;238.43
2022-09;591.75;979.79;1579.61;259.85
2022-09;519.5;884.63;1584.54;299.46
2022-09;705.94;1290.21;1165.11;468.25
2022-09;750.79;773.42;1206.25;349.38
2022-09;756;1328.08;1777.18;204.4
2022-09;397.12;793.64;922.44;354.44
2022-09;877.5;1161.05;1027.31;361.79
2022-09;620.52;1435.84;1872.26;379.23
2022-10;934.07;879.52;1616.39;451.19
2022-10;667.76;1012.8;1035.84;401.6
2022-10;652.58;941.53;1751.42;359.71
2022-10;536.41;1464.49;1671.92;390.89
2022-10;603.04;1020.57;1758.54;235.36
2022-10;534.19;1090.61;1568.94;248.89
2022-10;913.65;1270.18;1399.11;341.05
2022-10;491.7;1302.14;1887.63;301.41
2022-10;605.57;1403.54;1079.96;245.03
2022-10;931.22;949.95;1426.01;367.42
2022-10;559.28;1328;1120.46;248.97
2022-10;375.25;872.21;1371.84;439.15
2022-10;403.28;1445.83;1588.74;420.84
2022-10;855.77;1420.76;1927.04;365.58
2022-10;909.01;1321.89;1090.48;443.16
2022-10;798.97;1103.51;1677.84;351.81
2022-10;409.52;1312.54;1830.34;318.77
2022-10;780.82;1282.26;1913.17;474.56
2022-10;424.19;874.55;1222.67;407.49
2022-10;824.03;753.35;1547.88;432.13
2022-10;612.06;1386.63;1828.36;250.88
2022-10;703.99;826.67;990.57;330.91
2022-10;847.41;1478.71;1354.93;343.42
2022-10;943.95;1111.72;1516.94;223.64
2022-10;581.06;1482.97;1635.83;217.48
2022-10;465.79;895.5;967.58;331.81
2022-10;904.53;1077.38;NA;255.17
2022-10;884.38;976.52;1720.1;479.07
2022-10;582.54;1478.54;1082.76;295.61
2022-10;815.97;1085.05;1165.82;318.61
2022-10;638.24;1314.55;1818.1;469.59
2022-11;827.42;1010.76;1363.76;224.68
2022-11;886.29;820.67;1149.7;320.23
2022-11;419.8;1245.95;1609.21;378.57
2022-11;653.92;780.95;1071.61;410.29
2022-11;565.14;1132.54;1886.85;335.16
2022-11;626.6;1313.58;1027.89;285.75
2022-11;368.33;1405.8;1643.77;320.12
2022-11;922.88;1463.53;1190.43;350.24
2022-11;738.99;1031.7;1010.74;321.35
2022-11;420.77;1111.05;1531.5;320.2
2022-11;710.41;1412.14;1583.31;266.67
2022-11;631.15;1212.53;1887.93;207.33
2022-11;510.03;1047.14;937.29;313.66
2022-11;809.84;954.42;960.45;383.59
2022-11;535.96;1160.27;1153.52;208.61
2022-11;378.96;1257.11;1336.82;281.26
2022-11;510.39;1038.24;1159.83;250.34
2022-11;760.7;835.39;1065.24;381.8
2022-11;753.26;940.64;1444.23;391.45
2022-11;642.6;1073.09;1806.46;246.56
2022-11;449.43;873.22;1940.44;328.58
2022-11;454.64;1154.11;1576.77;389.53
2022-11;411.14;1096.1;1890.43;306.66
2022-11;594.14;1465.51;1353.48;217.01
2022-11;799.14;795.27;1610.1;390.02
2022-11;783.11;894.72;1540.56;443.01
2022-11;739.41;1340.28;1153.7;216.56
2022-11;633.61;1435.9;1051.1;206.04
2022-11;946.62;1252.48;1207.01;360.34
2022-11;394.9;1048.43;1755.98;225.56
2022-12;767.23;1033.77;NA;234.05
2022-12;432.63;752.83;1827.91;402.94
2022-12;422.2;1237.18;1737.36;210.92
2022-12;408.58;813.3;1145.13;462.62
2022-12;432.48;1246;1396.65;469.83
2022-12;607.56;922.56;1176.18;452.56
2022-12;731.75;1444.33;1080.32;278.98
2022-12;668.91;921.56;1474.82;215.72
2022-12;833.35;1078.28;1464.08;436.06
2022-12;773.5;1389.68;1896.33;410.45
2022-12;687.54;1263.59;1445.68;270.29
2022-12;530.4;815.65;958.87;254.19
2022-12;797.77;1203.2;1198.65;317.19
2022-12;699.8;1151.88;1239.36;329.81
2022-12;507.17;771.26;1060.33;441.7
2022-12;742.84;895.93;1638.47;369.55
2022-12;854.02;840.81;1539.87;325.91
2022-12;643.49;989.62;1584.3;236.9
2022-12;576.7;1132.28;1243.04;378.49
2022-12;526.97;790.7;1170.09;262.59
2022-12;515.23;1264.13;1914.67;343.67
2022-12;703.61;1204.84;1571.08;254.62
2022-12;537.36;1465.5;1780.06;382.45
2022-12;852.61;1040.75;1576.03;207.48
2022-12;776.4;1382.37;1735.84;266.34
2022-12;641.63;1087.1;1445.16;283.22
2022-12;792.71;1048.52;1890;415.54
2022-12;872.12;1168.99;1453.01;254.96
2022-12;831.51;1267.02;1880.8;313.02
2022-12;850.85;1023.23;1597.41;450.79
2022-12;682.68;1132.46;905.67;395.42
2023-01;694.24;857.52;1607.17;333.39
2023-01;893.83;1000.17;1622.3;301.7
2023-01;522.19;1431.06;1347.5;283.3
2023-01;376.85;766.91;1154.89;294.51
2023-01;788.02;1446.68;1760.4;411.36
2023-01;782.45;991.22;1095.15;411.21
2023-01;372.09;1188.42;1539.11;380.61
2023-01;818.83;1291.65;1620.35;227.36
2023-01;583.48;774.98;1920.37;472.84
2023-01;521.53;1345.04;1772.67;279.74
2023-01;883.69;1490.4;965.96;379.06
2023-01;708.6;1261.31;1282.63;377.43
2023-01;937.09;1138.56;1511.04;274.77
2023-01;598.61;1207.39;1641.29;296.4
2023-01;415.35;1258.74;1312.07;291.69
2023-01;559.07;936;1873.14;340.73
2023-01;607.42;899.38;1850.88;224.06
2023-01;573.26;1298.87;1716.23;239.45
2023-01;615.48;1490.17;1093;416.95
2023-01;794.13;781.86;1701.57;228.66
2023-01;647.18;842.68;1331.37;421.4
2023-01;607.03;886.51;1576.69;367.3
2023-01;431.83;1415.63;1837.11;395.68
2023-01;658.85;1146.4;1451.93;202.55
2023-01;372.55;1446.35;940.78;463.74
2023-01;362.44;1011.46;948.6;335.24
2023-01;383.53;897.35;1065.03;224.3
2023-01;771.67;1113.93;1513.26;390.99
2023-01;541.37;1242.09;1338.35;205.29
2023-01;466.06;1302.9;1205.56;364.85
2023-01;919.23;1326.57;1586.58;370.9
2023-02;668.01;1456.95;1417.65;224.74
2023-02;548.29;1395.55;1172.06;252.06
2023-02;350.18;884.71;1615.33;401.67
2023-02;703.83;1176.65;1414.35;245.91
2023-02;529.12;851.87;1221.43;341.43
2023-02;629.18;1449.48;990.66;239.61
2023-02;612.27;1345.58;1797.34;366.02
2023-02;525.91;958.11;1137.57;378.42
2023-02;460.47;1229.58;1587.77;328.63
2023-02;831.85;770.28;1073.64;435.43
2023-02;424.74;1177.32;1001.16;419.7
2023-02;737.15;894.58;1426.84;375.71
2023-02;846.27;1037.8;1418.59;263.56
2023-02;584.17;865.35;1450.55;344.94
2023-02;676.71;1453.42;1326.39;336.93
2023-02;853.77;1419.55;NA;468.25
2023-02;599.15;1270.32;1029.15;318.56
2023-02;685.91;847.21;1398.02;443.53
2023-02;401.39;1160.7;1149.62;302.86
2023-02;416.32;1131.7;1057.32;376.98
2023-02;655.07;1146.93;1000.94;223.15
2023-02;845.7;1243.29;1425.04;441.93
2023-02;375.22;1208.44;1445.97;257.06
2023-02;427.23;884.92;1020.46;255.04
2023-02;682.74;1039.02;1238.29;281.2
2023-02;946.08;927.47;1491.95;277.68
2023-02;596.38;1063.37;1310.24;479.91
2023-02;515.78;873.91;NA;387.16
2023-03;733.73;999.3;943.91;441.98
2023-03;457.78;856.12;1741.89;282.5
2023-03;446.11;771.04;1276.89;296.93
2023-03;593.98;952.07;1591.8;457.63
2023-03;850.34;1136.03;1887.94;245.27
2023-03;374.56;1110.27;981.44;252.16
2023-03;789.25;1436.02;1942.27;291.89
2023-03;686.04;1423.89;1562.26;379.74
2023-03;723.51;1229.03;1082.61;474.66
2023-03;886.01;1164.85;1837.74;429.29
2023-03;929.38;830.28;1578.74;386.41
2023-03;701.94;1336.95;1078.44;450.95
2023-03;351.04;788.45;1821.88;282.24
2023-03;917.7;862.09;1832.92;325.52
2023-03;394.66;1005.27;1875.56;441.1
2023-03;562.29;1059.62;1138.5;473.39
2023-03;415.41;1237.98;1517.02;335.42
2023-03;714.13;1195.04;993.96;421.8
2023-03;544.66;1103.36;1765.66;280.28
2023-03;906.48;1331.76;1938.22;477.13
2023-03;453.44;916.64;911.48;310.48
2023-03;610.54;1084.98;1054.69;237.85
2023-03;449.52;1134.59;1546.21;380.4
2023-03;542.93;1115.67;1468.94;470.45
2023-03;386.93;1380.72;1133.22;284.04
2023-03;526.74;1249.34;1803.88;359.16
2023-03;565.99;1445.94;1269.2;479.71
2023-03;430.24;1061.49;1207.71;222.42
2023-03;919.54;786.11;1304.67;225.38
2023-03;939.43;1132.08;1508.38;339.03
2023-03;643.39;978.61;1214.58;363.71
2023-04;550.58;1233.66;923.97;289.61
2023-04;699.13;1206.69;1160.25;421.42
2023-04;622.02;1019.87;1531.78;202.79
2023-04;830.93;1112.38;1150.52;296.63
2023-04;825.78;1043.65;1152.23;361.17
2023-04;715.41;1057.66;954.9;475.17
2023-04;527.42;1273.25;996.89;275.7
2023-04;657.16;1157.8;1900.95;331.36
2023-04;829.05;1219.58;924.49;409.04
2023-04;471.9;1079.51;1864.1;325.62
2023-04;599.88;1292.86;1827.14;460.44
2023-04;437.26;1355.19;1789.24;394.4
2023-04;607.02;834.63;1409.25;254.77
2023-04;845;1000.09;948.6;433.2
2023-04;833.14;1084.57;1823.57;415.78
2023-04;878.89;1466.8;1399.9;296.6
2023-04;935.92;1235.64;1405.68;264.83
2023-04;558.76;1414.74;934.95;447.56
2023-04;940.68;1483.58;1804.62;270.62
2023-04;362.27;1449.05;1768.38;452.45
2023-04;588.48;1102.19;1440.27;372.93
2023-04;402.76;863.24;1429.46;320.88
2023-04;362.64;919.04;1720.85;256.29
2023-04;852.69;971.08;1113.57;441.03
2023-04;412.22;767.93;1877.35;280.22
2023-04;933.04;1152.7;1302.1;290.25
2023-04;368.4;1146.7;1399.78;292.45
2023-04;416.97;1225.55;1141.98;322.61
2023-04;811.58;1340.98;1127.09;291.79
2023-04;938.71;754.71;1112.42;355.43
2023-05;906.8;758;1141.46;430.94
2023-05;819.75;768.98;1661.12;253.22
2023-05;501.65;1187.61;1033.81;373.78
2023-05;797.66;817.61;1485.49;478.47
2023-05;808.45;1060.42;1841.65;328.89
2023-05;404.68;1357.92;1519.9;394.78
2023-05;450.48;1299.72;1733.5;447.73
2023-05;696.01;1093.76;1567.77;341.26
2023-05;866.02;949.94;1670.74;440.27
2023-05;394.91;1072.28;1368.11;278.06
2023-05;578.5;1454.14;1121.55;467.33
2023-05;608.06;1077.68;1406.94;297.48
2023-05;593.51;1118.08;1839.95;306.74
2023-05;393.57;1474.91;1212.35;218.98
2023-05;476.08;751.5;1726.1;441.04
2023-05;476.82;1116.29;NA;214.78
2023-05;928.36;1196.29;1660.26;435.45
2023-05;688.97;1175;1850.13;379.17
2023-05;572.34;1285.65;1783.68;410.03
2023-05;632.28;1106.88;1343.75;391.75
2023-05;891.57;970.81;961.31;403.95
2023-05;534.18;859.96;1362.84;474.88
2023-05;859.21;1483.57;1727.29;394.29
2023-05;359.26;1254.06;1040.47;222.69
2023-05;583.44;823.14;1530.08;220.11
2023-05;546.61;1445.82;1856.16;369.57
2023-05;747.66;1484.95;1425.96;366.43
2023-05;409.43;1091.4;1175.43;260.72
2023-05;475.82;777.16;1273.32;283.36
2023-05;842.72;1412.76;1000.13;371.25
2023-05;920.22;914.27;1236.06;273.2
2023-06;387.29;878.15;1195.3;332.55
2023-06;609.32;1168.5;1000.77;380.69
2023-06;681.12;1287.73;1345.56;405.19
2023-06;457.85;1052.15;1400.07;239.23
2023-06;516.78;1048.75;1388.46;409.29
2023-06;799.09;1494.07;1132.58;367.04
2023-06;478.53;1300.78;1676.5;385.15
2023-06;949.67;1265.56;1492.94;367.05
2023-06;801.58;1287.98;1399.65;250.87
2023-06;357.35;1122.95;961.74;304.89
2023-06;712.76;1480.37;1220.43;434.96
2023-06;832.61;1469.67;1301.27;219.1
2023-06;836.99;809.36;1173.32;388.54
2023-06;587.78;1450.54;1123.57;384.03
2023-06;431.41;1422.02;1403.56;281.59
2023-06;361.56;1112.25;1550.93;447.72
2023-06;808.62;787.91;1177.04;430.33
2023-06;506.63;1005.9;1194.21;381.46
2023-06;386.87;980.57;NA;422.55
2023-06;561.22;1399.13;1618.26;226.08
2023-06;809.78;1276.57;1525.43;436.28
2023-06;705.29;927.01;1892.09;417.08
2023-06;915.25;921.49;1948.95;440.65
2023-06;885.17;1323.79;1004.48;413.21
2023-06;814.26;1260.93;1130.18;241.93
2023-06;684.3;1491.8;1557.62;247.32
2023-06;609.77;1401.81;1484.06;390.4
2023-06;873.89;881.5;1348.95;404.46
2023-06;793.63;1367.43;1534.45;478.47
2023-06;395.54;1011.75;1070.05;245.46
2023-07;721.07;1056.83;1804.64;260.15
2023-07;771.53;1393.3;1300.48;237.23
2023-07;905.52;1233.94;1826.1;260.62
2023-07;803.77;1444.65;1007.28;392.9
2023-07;719.16;1359.4;1757.31;299.08
2023-07;411.67;1480.99;1913.88;444.33
2023-07;927.97;981;1380.72;278.81
2023-07;853.66;1057.22;1015.9;426.9
2023-07;587.06;1036.18;1434.83;288.61
2023-07;446.31;1306.79;1581.64;369.6
2023-07;875.94;1311.5;1723.01;415.16
2023-07;695.05;1140.17;1083.45;306.12
2023-07;681.04;1316.18;1655.88;380.58
2023-07;409.35;1231.62;1658.67;316.75
2023-07;783.86;1250.36;980.29;298.7
2023-07;646.31;1429.8;1297.99;428.42
2023-07;885.12;1109.49;1712.97;356.14
2023-07;371.74;1192.98;1848.48;315.4
2023-07;879.6;1201.15;963.84;477.34
2023-07;352.18;1456.97;1875.12;442.4
2023-07;362.43;1415.85;1440.03;264.51
2023-07;889.81;1149;1492.24;419.51
2023-07;792.83;893.15;1692.88;253.95
2023-07;474.36;893.22;1668.26;270.32
2023-07;898.72;1494.28;992.79;438.42
2023-07;830.81;1145.57;1782.24;395.23
2023-07;711.6;1049.95;1279.26;412.66
2023-07;674.07;1180.64;1757.72;362.55
2023-07;527.13;1228.01;1108.46;340.46
2023-07;545.43;1311.29;1741.02;399.86
2023-07;464.31;875.59;1009.34;421.37
2023-08;496.72;892.79;1437.2;324.94
2023-08;756.8;851.03;1749.13;427.85
2023-08;749;1079.05;1565.75;479.12
2023-08;408.95;998.61;1268.34;205.42
2023-08;769.45;1401.36;981.86;464.09
2023-08;462.84;1072.98;1272.37;436.17
2023-08;637.17;1133.12;1269.08;294.03
2023-08;486.17;1207.06;1903.57;274.36
2023-08;421.68;1222.68;921.41;219.66
2023-08;683.95;1159.8;1508.79;241.25
2023-08;506.19;1372.86;1460.7;272.76
2023-08;578.4;1198.85;927.25;312.19
2023-08;717.84;921.62;1615.3;465.9
2023-08;636.15;917.37;1591.57;355.97
2023-08;413.9;782.38;1337.35;296.42
2023-08;436.4;1303.3;1195.5;327.76
2023-08;791.44;1169.53;1445.22;329.18
2023-08;861.01;1079.34;951.17;352.8
2023-08;866.42;1299.43;1119.55;291.04
2023-08;362.56;956.37;1784.12;289.72
2023-08;685.85;768.06;1614.45;309.73
2023-08;593.88;1365.39;1738.28;289.95
2023-08;638.31;838.4;1926.64;296.56
2023-08;566.91;779.33;1618.93;263.24
2023-08;687.74;1482.78;1217.56;277.2
2023-08;717.81;1265.97;1206.07;290.97
2023-08;923.97;1103.89;1014.52;477.74
2023-08;383.19;1030.27;1689.9;425.94
2023-08;604.25;1043.32;1434.87;445.83
2023-08;683.51;1041.92;1874.95;427.89
2023-08;649.61;1218.6;940.83;432.43
2023-09;941.29;1176.46;1663.19;363.45
2023-09;612.35;1350.88;1154.74;299.11
2023-09;517.2;797.04;1445.5;440.92
2023-09;856.73;819.38;NA;430.82
2023-09;669.54;1301.82;1890.6;207.01
2023-09;910.98;873.46;1566.21;400.61
2023-09;486.87;1246.21;1695.25;283.65
2023-09;774.89;858.63;1940.52;340.36
2023-09;832.43;1110.03;1600.96;222.4
2023-09;378.51;1213.07;1171.82;325.53
2023-09;426.35;1247.12;906.69;476.42
2023-09;442.34;988.5;1311.85;316.33
2023-09;548.15;1343.81;1548.43;462.47
2023-09;473.76;1011.7;1403.46;286.25
2023-09;435.84;1111.78;1800.23;358.93
2023-09;531.35;783.97;1757.68;212.39
2023-09;497.32;818.05;1514.84;320.92
2023-09;367.85;1010.31;1512.81;475.93
2023-09;888.82;1026.28;1833.52;275.71
2023-09;387.72;1140.15;1908.83;443.26
2023-09;838.52;890.11;1845.47;237.23
2023-09;515.99;848.24;1402.33;295.12
2023-09;543.26;1029.28;937.55;272.91
2023-09;855.63;762.21;1802.76;404.4
2023-09;460.48;1142.99;1525.66;458.64
2023-09;555.02;1001.42;917.39;392.91
2023-09;630.7;929.59;1811.19;437.92
2023-09;717.03;1079.93;1124.51;476.1
2023-09;683.47;1288.14;1634.62;283.24
2023-09;843.56;1084.07;1028.09;465.97
2023-10;401.87;775.77;1013.19;226.17
2023-10;870.21;1325.12;1630.86;425.7
2023-10;490.16;1233.8;1837;244.96
2023-10;882.9;1447.93;925.89;226.26
2023-10;632.27;754.71;979.42;273.02
2023-10;531.05;1150.26;1843.92;452.08
2023-10;917.75;1264.53;908.84;297.01
2023-10;786.77;1042.14;1312.58;280.98
2023-10;662.61;904.38;1510.18;370.59
2023-10;498.34;959.43;1588.96;370.52
2023-10;941.58;789.96;1237.44;437.07
2023-10;452.49;1416.05;1404.5;329.99
2023-10;895.46;1448.37;948.85;361.97
2023-10;773.25;819.8;1576.68;348.55
2023-10;763.78;1373.69;1823.88;398.16
2023-10;374.86;1251.07;1396.18;452.85
2023-10;494.22;963.24;1384.08;361.94
2023-10;586.97;1448.46;1907.83;369.64
2023-10;604.26;1131.71;1576.1;210.31
2023-10;843.9;1403.04;1100.87;387.11
2023-10;731.9;849.24;1552.83;203.78
2023-10;524.42;1094.91;931.32;395.57
2023-10;854.57;817.06;1434.39;290.29
2023-10;547.05;1120.68;1339.09;299.68
2023-10;424.05;1055.02;1828.79;322.08
2023-10;445.64;1410.51;1330.79;214.56
2023-10;608.95;845.03;NA;263.12
2023-10;645.06;842.21;962.12;248.44
2023-10;589.14;842.21;1652.25;406.04
2023-10;672.69;1007.11;1713.21;250.26
2023-10;568.08;1452.05;1151.35;446.56
2023-11;411.23;1415.24;1007.72;248.45
2023-11;739.01;1495.7;1306.84;477.33
2023-11;908.87;1248.96;1023.07;476.52
2023-11;611.01;1354.78;1792.99;269.48
2023-11;811.95;1145.25;1425.32;212.85
2023-11;609.03;868.71;961.83;366.81
2023-11;616.44;1176.78;1014.25;312.21
2023-11;697.79;761.82;1669.75;353.89
2023-11;793.67;1300.08;1466.89;213.05
2023-11;542.49;1037.17;1130.21;251.52
2023-11;555.17;1145.61;951.5;404.58
2023-11;932.71;1020.4;1663.1;419.33
2023-11;947.42;1287.43;1935.86;353.07
2023-11;736.56;793.36;1808.42;219.84
2023-11;917.82;771.81;1583.82;395.74
2023-11;829.88;1071.5;1358.41;292
2023-11;668.35;1091.14;1135.22;221.86
2023-11;550.36;1481.14;1662.28;339.02
2023-11;837.68;1169.28;1693.57;309.98
2023-11;872.11;1274.22;1865.57;327.52
2023-11;723.36;984.07;1403.53;310.16
2023-11;624.33;1154.82;1231.34;321.04
2023-11;511.55;763.25;1730.73;228.97
2023-11;606.71;1154.31;1065.8;473.69
2023-11;369.07;997.1;1281.05;244.07
2023-11;681.71;759.36;1755.38;304.14
2023-11;437.99;800.67;1380.86;311.44
2023-11;726.11;881.74;1530.77;302.18
2023-11;696.3;1118.23;1696.13;336.34
2023-11;438.77;898.82;1715.42;317.11
2023-12;630.42;820.68;1762.49;307.12
2023-12;537.63;1084.62;1084.61;460.46
2023-12;436.55;868.43;1515.3;248.73
2023-12;812.97;1491.55;1285.06;463.39
2023-12;353.62;1412.39;1615.09;349.36
2023-12;500.79;1297.33;1231.46;419.1
2023-12;550.86;1073.39;912.45;271.53
2023-12;629.2;1217.35;1306.51;239.78
2023-12;525.1;899.54;924.05;362.2
2023-12;885.8;1187.7;1898.22;328.46
2023-12;364.76;1074.39;1230.05;457.5
2023-12;818.71;1056.18;1866.07;245.61
2023-12;528.47;899.53;1399.39;387.47
2023-12;687.93;1211.87;1498.94;232.05
2023-12;883.01;1152.48;1069.61;408.39
2023-12;563.96;1104.45;NA;223.01
2023-12;389.46;1257.51;1865.56;288.47
2023-12;805.36;1483.32;1641.62;307.74
2023-12;823.73;952.46;1317.24;375.92
2023-12;590.9;987.84;1826;451.53
2023-12;425.96;1079.86;1468.43;204.86
2023-12;792.96;1134.38;955.77;458.94
2023-12;777.55;1482.18;1138.34;348.95
2023-12;352.3;1007.9;1858.27;425.39
2023-12;659.04;1091.19;1697.26;478.92
2023-12;888.23;1314.07;1008.89;283.86
2023-12;838.88;1252.82;966.73;328.59
2023-12;429.62;752.33;1369.31;443.2
2023-12;630.07;1440.72;1158.7;454.54
2023-12;677.97;1134.09;1189.74;330.55
2023-12;439.39;1268;1608.56;423.39
2024-01;688.27;963.26;1637.96;340.64
2024-01;918.06;1371.07;1177.11;293.89
2024-01;565.61;982.45;1616.46;293.79
2024-01;614.31;1393.6;1466.87;391.55
2024-01;835.06;1417.51;1906.5;425.33
2024-01;847.38;1255.25;1216.27;375.69
2024-01;508.24;921.45;1135;214.78
2024-01;757.17;846.37;1189.54;420.96
2024-01;810.91;1270.68;1503.02;201.03
2024-01;475.52;1488.23;1364.95;320.16
2024-01;373.63;822.46;1425.78;377.92
2024-01;863.08;1121.24;1812.26;252.01
2024-01;716.67;1034.56;1532.68;224.34
2024-01;454.89;1321.6;936.11;474.81
2024-01;840.73;854.16;1573.78;472.71
2024-01;597.23;870.13;1392.37;244.92
2024-01;372.54;834.11;1580.28;289.89
2024-01;741.24;1143.4;1853.92;447.91
2024-01;647.49;937.47;1569.33;436.68
2024-01;484.24;989.96;1427.7;367.94
2024-01;890.25;1080.58;1032.8;476.15
2024-01;582.05;959.23;1125.16;478.8
2024-01;780.29;1220.95;1247.34;390.25
2024-01;398.64;853.22;1377.57;362.71
2024-01;536.96;1388.95;1361.96;250.12
2024-01;684.12;1249.43;1909.06;389.75
2024-01;574.46;1164.4;1752.26;425.75
2024-01;890.41;798.37;1896.23;313.29
2024-01;623.86;1239.23;1584.19;400.79
2024-01;879.48;1133.57;1896.05;286.66
2024-01;834.47;857.86;1502.36;212.16
2024-02;403.97;1140.79;1366.71;369.39
2024-02;757.37;926.04;1614.18;262.62
2024-02;684.4;1211.69;1296.73;409.31
2024-02;492.94;1283.58;1778.63;460.67
2024-02;634.53;844.83;1654.09;412.09
2024-02;406.71;878.52;1187.14;450.7
2024-02;474.33;1189.22;1774.64;383.63
2024-02;749.39;1480.62;920.15;281.42
2024-02;744.45;1477.02;1767.18;411.75
2024-02;786.51;1145.18;1535.55;312.68
2024-02;748.38;1018.02;1192.14;204.16
2024-02;808.94;1417.1;1620.92;248.45
2024-02;890.48;1030.73;1254.61;257.78
2024-02;835.34;1067.62;1216.82;476.42
2024-02;894.54;864.17;1485.63;325.3
2024-02;698.21;1362.4;1237.36;284.25
2024-02;681.65;1365.64;929.32;374.21
2024-02;897.68;1433.42;1949.79;225.83
2024-02;529.86;1441.43;1531.48;211.47
2024-02;456.16;1203.75;1125.9;258.75
2024-02;392.22;1395.38;1042.89;346.11
2024-02;748.86;1290.77;1399.37;365.53
2024-02;790.88;1291.34;901.9;274.72
2024-02;704.61;1184.83;905.41;203.31
2024-02;816.42;1350.11;1195.14;466.96
2024-02;403.45;1397.48;981.58;211.56
2024-02;691.24;1068.78;958.53;231.28
2024-02;403.07;1460.69;1891.2;291.83
2024-02;672.35;1104.15;1606.95;235.03
2024-03;816.4;1311.93;1868.79;418.86
2024-03;696.1;1076.31;1129.68;204.78
2024-03;455.96;827.86;1699.81;226.05
2024-03;479.08;1044.52;1137.75;328.94
2024-03;764.28;817.49;NA;234.88
2024-03;873.57;1391.52;1572.49;380.73
2024-03;363.77;855.22;1714.2;323.66
2024-03;688.54;1395.84;1845.81;357.44
2024-03;487.73;1499.59;962.69;404.17
2024-03;913.5;794.05;1115;405.99
2024-03;939.82;833.26;1748.18;479.42
2024-03;802.44;915.56;1352.38;257.51
2024-03;603.06;1063.31;1926.27;472.78
2024-03;948.39;898.1;1790.47;246.95
2024-03;721.27;991.94;1769.78;351.51
2024-03;559.75;1110.42;1466;241.46
2024-03;665.08;1012.45;1892.72;446.19
2024-03;546.67;1313.55;1475.21;207.22
2024-03;646.09;978.86;1298.57;278.22
2024-03;948.42;799.59;1915.07;229.97
2024-03;764.11;985.94;1466.47;254.5
2024-03;891.57;1152.41;1172.61;332.87
2024-03;928.85;1367.36;1378.06;332.5
2024-03;922.03;1391.74;1009.12;473.51
2024-03;449.53;1292.99;1684.68;425.47
2024-03;424.52;1407.44;955.71;360.09
2024-03;874.31;922;1341.67;443.84
2024-03;481.37;1005.45;1735.07;354.6
2024-03;799.19;1267.23;1544.46;442.37
2024-03;550.09;1246.31;1328.98;266.03
2024-03;701.24;1454.96;1385.51;362.17
2024-04;733.99;1159.52;1885.9;414.32
2024-04;741.73;1164.62;1168.21;205.52
2024-04;928.62;1452.77;1332.18;299.63
2024-04;851.26;980.99;1949.58;280.63
2024-04;942.24;1273.32;1270.4;360.05
2024-04;711.09;975.3;1577.78;301.7
2024-04;451.87;1358.21;1274.1;299.39
2024-04;821.06;1399.18;1197.19;397.18
2024-04;727.56;1318.84;1834.22;286.09
2024-04;443.56;1240.42;955.19;467.23
2024-04;523.57;1245.23;919.53;430.63
2024-04;828.78;1075.85;1906.43;415.92
2024-04;728.84;1224.67;1796.69;436.94
2024-04;719.87;1242.04;1912.5;361.63
2024-04;861.22;1303.6;957.5;415.33
2024-04;649.13;1444.59;1192.32;357.22
2024-04;865.61;1068.93;1779.76;448.57
2024-04;512.93;1026.97;1047.72;412.99
2024-04;350.13;1437.14;1101.9;459.67
2024-04;709.17;1475.07;1143.76;393.98
2024-04;472.08;1077.48;1086.8;442.21
2024-04;696.53;1332.38;1421.04;241.97
2024-04;748.8;869.67;1561.62;438.56
2024-04;625.41;1405.87;1816.43;338.9
2024-04;461.22;1498.09;1247;471.87
2024-04;816.5;1473.43;1123.77;415.55
2024-04;754.91;1042.44;1078.83;295.96
2024-04;678.59;1047.1;1789.05;458.37
2024-04;385.69;1113.11;1169.39;232.23
2024-04;576.02;1227.16;1054.78;257.36
2024-05;566.67;1321.21;1744.54;317.7
2024-05;363.82;1409.02;1744.01;307.57
2024-05;769.08;1165.9;1237.32;443.96
2024-05;560.39;1074.73;1129.15;388.15
2024-05;718.23;1403.12;1408.17;422.18
2024-05;403.01;946.6;1087.95;261.28
2024-05;443.11;1023.55;1538.36;342.24
2024-05;756.32;1323.71;1158.94;374.48
2024-05;516.95;982.1;1251.63;326.18
2024-05;567.44;1489.9;925.52;261.38
2024-05;461.08;1301.93;1718.92;459.85
2024-05;557.17;1159.23;1826.79;344.37
2024-05;351.06;879.04;1857.88;466.31
2024-05;681.89;1382.16;1027.62;448.81
2024-05;944.58;901.81;1486.19;391.62
2024-05;730.31;1017.05;938.64;473.9
2024-05;398.48;1222.69;1280.83;318.71
2024-05;588.81;1288.99;961.62;392.2
2024-05;636.54;1333.81;1291.23;245.54
2024-05;846.63;908.36;1814.3;398.72
2024-05;719.63;1321.05;1221.6;359.91
2024-05;359.57;923.92;1552.94;252.69
2024-05;563.26;1162.96;922.89;312.52
2024-05;617.02;1148.84;1640.71;421.72
2024-05;630.25;856.49;1078;231.24
2024-05;487.87;1315.4;1892.03;285.15
2024-05;679.64;1484.51;1723.64;344.69
2024-05;657.92;1392.03;1436.96;234.37
2024-05;915.38;956.2;999.46;449.86
2024-05;510.22;1429.49;1541.18;217.95
2024-05;783.95;1106.89;1254.6;358.54
2024-06;873.24;867.01;NA;272.92
2024-06;904.73;1025.26;1108.72;468.5
2024-06;914.34;1219.54;1915.93;210.75
2024-06;441.48;1492.73;1729.31;420.27
2024-06;874.82;1265.54;966.54;347.97
2024-06;659.41;1370.25;1159.68;346.91
2024-06;640.95;949.18;1756.68;431.47
2024-06;452.67;1037.74;1322.47;307.17
2024-06;519.58;1448.83;1746.82;220.53
2024-06;354.71;1265.94;1191.9;356.13
2024-06;469.18;798.35;1879.96;247.43
2024-06;521.98;1146.01;1864.35;333.58
2024-06;649.94;990.84;1621.11;322.92
2024-06;412.9;1210.56;949.04;230.68
2024-06;482.73;1412.24;1102.17;209.61
2024-06;361.91;1394.78;1521.08;274.62
2024-06;581.21;1011.93;1008.14;248.86
2024-06;787.77;1182.44;1206.07;323.38
2024-06;914.15;804.55;1189.51;460.5
2024-06;773.91;1325.36;1556.01;409.3
2024-06;856.45;1170.26;1145.63;410.86
2024-06;705.5;1473;1146.47;278.68
2024-06;568.84;1330.53;913.81;374.09
2024-06;401.32;781.84;1919.86;433.76
2024-06;903.09;1316.02;1748.19;299.72
2024-06;638.48;1170.76;1878.33;425.55
2024-06;457.41;849.41;1484.64;453.28
2024-06;914.6;951.87;1947.45;368.96
2024-06;624.84;1194.28;1647.07;459.99
2024-06;458.82;1140.27;1182.2;262.68
2024-07;501.52;1283.62;1240.46;417.5
2024-07;811.97;1291.03;1866.84;244.17
2024-07;847.51;1413.63;1862.11;267.07
2024-07;854.08;1281.04;1484.73;438.1
2024-07;929.68;1374.64;1213.62;221.49
2024-07;444.46;862.46;1410.69;279.26
2024-07;757.09;1148.43;1335.17;476.14
2024-07;934.29;878.5;1152.91;418.04
2024-07;804.48;1064.55;1088.96;223.26
2024-07;754.62;1027.07;1140.23;363.57
2024-07;898.9;1004.93;1229.16;417.49
2024-07;816.92;816.05;1309.38;446.62
2024-07;780;766.43;1441.81;413.77
2024-07;498.95;888.24;1790.41;467.6
2024-07;697.11;1481.67;1572.6;291.13
2024-07;642.5;1084.08;1298.47;446.96
2024-07;480.88;870.88;1891.65;417.95
2024-07;459.26;1253.99;1627.09;406.42
2024-07;624.34;1138.9;1502.79;430.36
2024-07;687.54;761;1578.89;252.15
2024-07;755.87;1000.39;1502.42;468.51
2024-07;898.36;1456.65;1388.74;375.24
2024-07;748.47;1223.06;901.36;408.06
2024-07;623.08;940.64;1064.86;202.98
2024-07;898.01;1082.59;1744.55;205.09
2024-07;585.83;890.16;908.13;224.6
2024-07;632.43;1312.12;1230.16;258.05
2024-07;491.41;1443.51;965.17;220.07
2024-07;760.28;1353.6;1811.37;346.38
2024-07;680.22;1155.5;1242.39;265.47
2024-07;806.45;1016.24;959.07;300.88
2024-08;873.24;976.71;990.44;460.17
2024-08;888.91;818.43;1317.54;314.06
2024-08;590.62;924.03;1898.01;270.89
2024-08;744.75;1080.46;1666.13;232.04
2024-08;391.35;1101.03;1797.41;329.8
2024-08;889.12;1339.65;1742.91;243.41
2024-08;393.02;1350.55;1581.28;359.7
2024-08;367.57;1260.91;1120.17;200.07
2024-08;353.47;829.58;1251.03;411.53
2024-08;561.05;1439.02;1394.55;415.2
2024-08;854.4;794.88;1156.97;452.49
2024-08;638.05;1419.22;1150.2;218.83
2024-08;859.69;943.48;1771.61;283.73
2024-08;369.86;1256.17;1115.09;304.51
2024-08;612.41;760.6;1494.73;267.07
2024-08;510.46;900.08;1016.97;464.28
2024-08;418.78;956.5;1871.08;375.69
2024-08;436.44;1443.89;1380.66;323.24
2024-08;568.79;786.45;1573.06;296.43
2024-08;487.17;1470.06;1270.8;331.01
2024-08;460.24;1076.36;1492.57;352.15
2024-08;928.42;1011.19;1854.59;471.96
2024-08;669.26;943.41;1257.35;390.34
2024-08;900.76;1399.58;1577.98;411.65
2024-08;749.92;979.43;1622.33;425.28
2024-08;892.2;1227.93;1307.87;277.28
2024-08;561.67;1026.33;909.91;385.81
2024-08;497.19;1439.76;1224.35;265.49
2024-08;428.63;1223.04;949.56;381.45
2024-08;939.87;1381.71;1563.56;265.99
2024-08;769.93;1429.01;1236.72;257.68
2024-09;506.35;1289.74;1363.93;220.34
2024-09;585.62;1080.58;1397.61;267.85
2024-09;727.68;1270.68;1392.55;233.8
2024-09;595.86;1301.27;1028.9;407.29
2024-09;351.27;1108.66;1878.82;297
2024-09;945.47;1217.83;1752.64;377.09
2024-09;501.56;1114.91;941.63;355.03
2024-09;511.07;1083.91;1156.79;380.05
2024-09;500.56;1489.54;1784.25;242
2024-09;602.15;773.38;1064.25;419.36
2024-09;468.22;892.05;912.95;463.29
2024-09;535.14;834.38;1133.99;446.73
2024-09;386.47;1214.17;1642.33;316.91
2024-09;819.37;840.58;1949.34;417.73
2024-09;387.98;1400.52;1138.16;453.7
2024-09;550.55;1499.78;1879.4;302.35
2024-09;512.22;1276.25;1448.14;239.46
2024-09;560.57;1484.82;1005.85;286.93
2024-09;635.77;1389.49;1397.06;391.41
2024-09;405;1438.7;1156.2;217.27
2024-09;826.62;1134.17;1081.17;473.9
2024-09;634.49;949.27;1417.26;386.59
2024-09;533.67;1309.62;1516.58;248.53
2024-09;436.31;832.71;1286.42;201.77
2024-09;537.07;806.3;1462.86;293.45
2024-09;766.97;1039.34;975.86;434.48
2024-09;371.78;1244.68;1631.9;407.28
2024-09;843.54;1204.77;982.26;309.94
2024-09;898.17;886.63;1003.32;477.86
2024-09;609.81;1386.81;1405.68;318.05
2024-10;731.66;877.48;1360.27;211.25
2024-10;609.22;1489.77;1491.15;304.44
2024-10;791.78;1443.77;1927.48;397.53
2024-10;636.74;753.87;986.76;398.16
2024-10;518;1403.15;1683.91;445.89
2024-10;442.97;1383.67;1419.59;382.11
2024-10;843.09;1131.91;1681.44;478.71
2024-10;562.43;1073.5;1216.12;224.32
2024-10;875.78;1442.23;1416;362.32
2024-10;377.4;833.19;1782.58;346.18
2024-10;361.78;1339.23;1851.84;407.51
2024-10;815.21;890.39;1056.06;326.9
2024-10;596.7;1286.76;1923.3;272.12
2024-10;498.52;962.86;1535.26;222.25
2024-10;933.01;1267.27;931.15;403.34
2024-10;816.55;816.91;1017.38;228.44
2024-10;422.38;890.07;1095.47;210.89
2024-10;750.54;1046.43;1097.68;452.9
2024-10;464.96;1350.98;1008.15;381.13
2024-10;736.83;852.59;1431.74;473.68
2024-10;653.26;1281.3;1233.6;464.29
2024-10;527.99;757.69;1847.27;242.47
2024-10;571.13;921.28;1605.38;295.51
2024-10;908.36;1227.25;1163.72;323.65
2024-10;521.71;830.83;1465.31;260.28
2024-10;673.27;1150.06;1488.63;449.84
2024-10;450.1;1468.73;1404.4;362.01
2024-10;832.1;1125.93;1666.52;399.86
2024-10;603.49;1004.43;1244.11;465.42
2024-10;610.82;1102.74;1136.58;353.53
2024-10;656.06;1169.85;1066.6;295.65
2024-11;583.99;1062.26;1433.91;357.74
2024-11;398.06;1379.11;1467;425.8
2024-11;398.43;1164.06;1741.93;434.88
2024-11;745.28;1172.71;1168.94;448.81
2024-11;851.08;1427.84;1526.32;239.79
2024-11;717.92;1115.42;1318.43;458.62
2024-11;789.22;757.32;1907.06;468.77
2024-11;671.41;1488.61;1433.49;351.16
2024-11;508.98;1024.53;1887.85;297.09
2024-11;898.21;1375.85;NA;379.01
2024-11;686.53;1483.6;1004.81;255.83
2024-11;464.81;1268.72;1195.49;285.32
2024-11;460.41;1067.55;1248.55;430.01
2024-11;699.05;1014.16;956.44;204.25
2024-11;555.55;1015.05;1467.29;250.97
2024-11;659.85;1130.57;1163.73;342.25
2024-11;872.32;1299.76;1171.97;201.59
2024-11;658.9;870.87;1354.59;253
2024-11;700.23;888.79;1420.49;276.94
2024-11;860.43;1311.64;934.75;201.14
2024-11;396.87;1146.33;1852.17;303.63
2024-11;448.21;1179.89;1598.87;244.61
2024-11;460.93;1294.92;1600.68;343.96
2024-11;656.31;1365.46;1875.24;321.95
2024-11;390.84;1440.49;1904.77;329.65
2024-11;727.01;1103.49;1821.39;240.09
2024-11;655.43;1302.42;1786.19;374.53
2024-11;684.39;801.36;1766.75;449.76
2024-11;886.52;1162.96;1254.34;261.33
2024-11;620.66;1485.28;1298.79;262.12
2024-12;586.93;1303.94;1581.78;312.33
2024-12;913.41;983.55;1132.9;238.33
2024-12;650.72;753.73;1240.22;392.26
2024-12;512.36;825.91;1032.19;284.5
2024-12;933.78;869.9;1114.59;467.4
2024-12;708.5;779.48;1263.36;329.72
2024-12;711.38;885.99;1000.39;273.38
2024-12;938.98;1220.54;1050.13;392.09
2024-12;890.99;1127.64;1906.84;438.31
2024-12;874.27;1220.54;1766.9;403.38
2024-12;471.9;1484.3;916.79;227.12
2024-12;703.5;1195.34;1125.2;389.34
2024-12;789.79;1163.06;1428.85;305.91
2024-12;389.23;1158.67;1634.82;396.63
2024-12;905.46;1238.68;1946.96;390.74
2024-12;770.6;1472.2;1423.18;392.8
2024-12;561.32;1451.79;1798.79;258.55
2024-12;589.15;753.62;1355.54;404.91
2024-12;839.03;1414.72;1084.21;479.65
2024-12;648.45;928.45;NA;407.41
2024-12;947.21;1465.59;1130.99;300.67
2024-12;641.78;1454.44;1368.74;315.28
2024-12;789.67;1451.2;1510.79;394.66
2024-12;756.03;917.65;1616.24;235.43
2024-12;616.85;1223.67;1677.28;330.45
2024-12;628.64;1055.33;1292.13;365.14
2024-12;574.79;774.69;1438.04;410.27
2024-12;501.37;1219.18;1285.87;209.08
2024-12;633.22;754.27;1397.13;348.98
2024-12;803.35;1207.58;1094.01;315.26
2024-12;571.78;1147.68;1697.5;333.67
2025-01;866.71;967.1;1907.01;461.51
2025-01;840.64;1242.14;1252.53;244.04
2025-01;708.66;792.89;NA;456.09
2025-01;357.65;1095.67;1605.13;467.92
2025-01;611.98;1196.14;1197.46;395.75
2025-01;947.88;870.91;1580.75;336.72
2025-01;549.14;1272.61;1738.7;380.85
2025-01;823.56;960.59;902.1;401.35
2025-01;401;879.26;NA;213.49
2025-01;440.12;1058.97;1035.25;344.78
2025-01;737.05;1171.07;1592.49;387.91
2025-01;729.62;1258.33;1904.48;402.67
2025-01;570.77;1176.63;1361.77;274.73
2025-01;929.47;873.28;NA;222.8
2025-01;703.86;1273.41;1650.23;222.54
2025-01;407.48;1343.21;1430.77;341.87
2025-01;367.46;1382.34;1252.92;476.51
2025-01;417.39;871.94;971.48;286.41
2025-01;529.79;1400.52;1239.08;412.51
2025-01;668.68;1478.86;1659.47;450.26
2025-01;898.48;1230.23;1368.81;454.11
2025-01;570.4;1130.78;1495.16;295.49
2025-01;445.32;1385.67;998.7;254.5
2025-01;568.03;869.17;1905.66;352.74
2025-01;912.78;1042.33;1226.69;354.13
2025-01;763.82;1294.47;1458.48;388.16
2025-01;710.59;1082.8;1189.85;459.81
2025-01;420.26;865.44;982.27;332.46
2025-01;350.87;1446.89;1247.08;390.89
2025-01;634.43;1314.64;1480.05;249.01
2025-01;927.97;1204.21;1535.6;323.49
2025-02;560.37;1233.8;NA;315.91
2025-02;824.57;1437.53;1101.2;378.03
2025-02;947.4;1156.85;1110.53;336.93
2025-02;927.13;1037.23;1058.6;241.81
2025-02;389.76;1050.09;1420.99;449.02
2025-02;687.4;1254.15;1133;403.6
2025-02;770.04;920.67;1267.3;216.53
2025-02;567.69;1193.41;1882.74;365.23
2025-02;934.77;1490.3;1628.56;342.06
2025-02;811.97;1197.79;1530.32;415.81
2025-02;744.75;1314.34;1596.02;290.64
2025-02;909.34;833.57;1106.68;453.43
2025-02;894.16;905.25;1796.28;472.88
2025-02;534.66;1278.27;1538.76;462.33
2025-02;739.22;1002.86;1872.67;388.46
2025-02;476.51;1143.98;1499.74;212.87
2025-02;696.55;1331.46;904.98;417.3
2025-02;609.94;920.91;1865.06;222.96
2025-02;652.76;1403.02;1584.48;246.05
2025-02;467.91;857.5;1104.13;231.29
2025-02;444.21;917.64;1612.34;246.35
2025-02;867.88;1445.93;947.68;255.09
2025-02;443.55;1267.63;NA;238.74
2025-02;402.62;851.37;1600.1;454.47
2025-02;551.15;928.6;1554.13;264.45
2025-02;524.09;1238.7;1865.19;346.76
2025-02;580.17;1268.13;1482.37;304.84
2025-02;761.76;875.48;943.97;358.14
2025-03;773.87;1291.62;1269.22;235.09
2025-03;561.91;1052.72;1090.65;356.61
2025-03;389.56;1469.18;1547.92;447.08
2025-03;703.86;1358.8;1379.9;373.56
2025-03;904.64;910.46;947.7;336.02
2025-03;766.52;1097.16;1872.75;302.22
2025-03;916.57;819.82;1785.22;456.97
2025-03;366.2;1295.49;1276.33;388.41
2025-03;885.74;1313.43;1105.49;430.64
2025-03;664.91;771.69;1744.71;283.77
2025-03;835.33;840.94;1370.53;389
2025-03;754.04;1484.44;1558.56;475.74
2025-03;715.89;845.74;1655.24;446.68
2025-03;391.05;1042.21;1252.47;266.68
2025-03;615.01;941.53;1103.91;263.91
2025-03;439.58;963.31;1938.64;355.43
2025-03;806.7;772.15;1754.89;466.2
2025-03;778.15;978.74;1084.87;338.53
2025-03;838.26;1292.82;1168.63;305.54
2025-03;454.05;949.33;954.29;406.04
2025-03;934.54;1231.24;1648.18;263.99
2025-03;836.04;1125.82;1540.57;457.73
2025-03;662.7;1125.89;1537.91;345.86
2025-03;931.95;1132.07;1096.65;377.82
2025-03;503.41;1178.91;1633.81;285.49
2025-03;880.12;837.8;1582.1;323.19
2025-03;369.44;1217.51;1068.35;381.42
2025-03;423.45;797.5;970.9;388.74
2025-03;844.7;997.79;1219.27;356.94
2025-03;835.12;1429.89;1162.38;334.65
2025-03;377.85;1407.3;1637.23;334.19
2025-04;833.44;863.87;1063.51;414.31
2025-04;662.74;1135.92;1420.88;221.72
2025-04;383.22;1165.35;1606.71;200.58
2025-04;574.22;1269.71;1337.97;357.98
2025-04;582.01;866.37;1717.08;218.08
2025-04;511.44;831.27;948.11;428.76
2025-04;816.72;1097.05;965.81;206.88
2025-04;867.39;1206.87;1467.64;236.67
2025-04;749.85;1185.85;964.61;200.29
2025-04;948.41;1040.68;1419.44;214.35
2025-04;447.49;1471.38;1393.87;254.21
2025-04;897.37;1030.34;1490.53;309.38
2025-04;599.98;1345.21;919.16;468.61
2025-04;566.71;1018.93;1567.94;318.28
2025-04;403.01;821.89;907.7;314.98
2025-04;626.58;967.4;1384.5;214.75
2025-04;794.27;1147.97;1900.1;348.8
2025-04;879.66;892.64;1725.45;347.89
2025-04;488.87;964.89;1616.98;238.7
2025-04;360.27;1160.19;1735.18;428.7
2025-04;569.45;983;1620.39;375.03
2025-04;891.18;1115.66;1502.45;219.69
2025-04;419.86;852.84;1039.55;212.55
2025-04;655.74;1447.59;1857.7;267.49
2025-04;832.05;1404.91;1054.04;471.86
2025-04;890.73;1006.5;1258.62;237.95
2025-04;706.52;1033.1;958.14;448.77
2025-04;513.28;1195.68;1566.7;338.86
2025-04;518.48;804.33;1859.99;355.63
2025-04;883.62;1066.83;1492.51;341.94
2025-05;796.64;805.25;1517.86;250.37
2025-05;887.84;1300.11;1426.96;407.39
2025-05;844.58;1431.83;1007.64;233.94
2025-05;828.88;882.4;1451.77;233.99
2025-05;644.61;1281.72;1828.41;204.63
2025-05;577.86;1239.67;1256.08;393.6
2025-05;382.62;1343.88;1765.04;455.68
2025-05;683.53;1439.72;1125.59;272.32
2025-05;874.25;1042.6;1650.63;441.41
2025-05;914.8;997.1;1730.77;420.64
2025-05;406.91;1125.97;1600.47;431.25
2025-05;485.71;1174.88;1824.76;392.36
2025-05;796.98;1125.39;1399.83;326.88
2025-05;696.02;1411.32;1229.77;318
2025-05;404.51;1357.84;1802.66;221.38
2025-05;938.99;763.55;1801.21;430.86
2025-05;725.18;1291.14;1779.43;472.81
2025-05;672.24;1268.8;1315.48;322.26
2025-05;517.73;1231.82;1163.26;221.49
2025-05;520.67;1327.53;1702.53;407.67
2025-05;395.79;759.64;1721.18;207.87
2025-05;718.1;1380.17;1743.98;208.98
2025-05;545.79;1366.71;1508.93;439.55
2025-05;352.43;896.63;952.56;212.82
2025-05;889.19;1408.12;1270.36;418.95
2025-05;656.35;1498.86;1099.33;421.77
2025-05;362.65;764.08;1541.28;395.92
2025-05;581.02;1180.07;1085.93;219.19
2025-05;415.2;1394.63;1618.83;431.79
2025-05;667.95;1290.76;1858.49;225.03
2025-05;724.32;985.72;1373.94;332.47
2025-06;908;806.84;1138.39;223.4
2025-06;700.47;843.95;1642.14;421.87
2025-06;872.67;969.9;1739.95;409.94
2025-06;854.88;1166.71;1843.94;357.71
2025-06;748.46;1283.63;1700.57;339.3
2025-06;412.74;1364.1;1026.64;471.7
2025-06;948.65;1455.5;1734.58;289.06
2025-06;524.75;1286.2;1024.14;367.51
2025-06;811.09;846.46;1452.03;276.05
2025-06;506.84;1054.06;1713.41;252.07
2025-06;713.69;1491.95;971.92;231.36
2025-06;785.81;1176.16;1503.75;220.09
2025-06;457.08;1411.05;1618.42;472.61
2025-06;828.13;1084.58;1614.57;285.05
2025-06;424.55;1458.79;956.67;465.65
2025-06;578.19;1179.88;1568.76;303.65
2025-06;724.97;1097.39;1043.79;421.61
2025-06;801.77;1233.73;1258.7;271.19
2025-06;795.67;1395.85;913.51;368.59
2025-06;437.12;912.89;1553.98;408.9
2025-06;616.08;1468.84;1844.62;267.05
2025-06;783.37;979.75;1219.92;479.9
2025-06;840.39;1005.66;1419.52;305.87
2025-06;361.4;1397.97;1271.38;441.65
2025-06;886.82;1124.54;1386.95;279.4
2025-06;876.77;783.03;1460.1;366.15
2025-06;712.55;1142.86;1810.1;350.04
2025-06;805.7;835.64;1778.28;431.25
2025-06;663.52;912.33;1948.71;210.6
2025-06;609.77;877.47;989.8;451.41
2025-07;828.33;788.44;1713.51;277.6
2025-07;562.13;1384.49;1440.85;441.3
2025-07;370.03;1105.27;1716.66;217.37
2025-07;623.89;774.61;1294.32;465.31
2025-07;489.25;780.01;1659.33;228.9
2025-07;919.05;837.14;NA;335.59
2025-07;618.8;1218.44;1508.5;365.54
2025-07;824.55;771.33;1228.87;316.38
2025-07;897.86;1223.09;NA;295.49
2025-07;529.18;757.04;1613.7;329.19
2025-07;771.82;820.03;1606.05;274.87
2025-07;522.95;939.91;1593.44;294.8
2025-07;650.29;751.32;1675.54;272.12
2025-07;656.65;1094.76;1869.51;223.73
2025-07;352.88;1299.92;1251.79;243.57
2025-07;914.28;1182.34;1105.5;428.18
2025-07;908.22;973.2;1528.25;259.96
2025-07;574.4;1161.92;1014.36;470.94
2025-07;671.02;1221.41;1299.57;335.99
2025-07;566.85;1479.26;1479.14;273.82
2025-07;403.71;1488.63;1527.13;268.88
2025-07;368.31;1359.75;1505.17;443.33
2025-07;869.65;986.69;1218.7;298.49
2025-07;906.89;1296.65;1493.14;303.32
2025-07;506.55;1186.97;1562.53;464.71
2025-07;616.9;1223.97;1742;265.85
2025-07;550.98;1143.24;1808.18;359.83
2025-07;680.93;1060.34;NA;473.19
2025-07;741.73;1080.72;1699.32;252.92
2025-07;823.22;1269.56;1670.77;440.28
2025-07;818.4;1195.86;1855.22;203.64
2025-08;869.46;918.93;1930.23;236.65
2025-08;388.16;1427.53;1825.82;262.86
2025-08;369.09;827.11;1934.74;472.93
2025-08;803.02;1484.11;1924.98;237.91
2025-08;846.2;786.43;999.18;265.06
2025-08;423.29;1235.84;1290.83;367.32
2025-08;589.61;1008.79;1370.14;412.03
2025-08;454.22;1449.46;1664.08;341.29
2025-08;583.44;1282.36;1469.02;445.32
2025-08;843.82;927.76;948.91;271
2025-08;525.08;1266.95;1434.21;428.81
2025-08;727.13;1101.96;1941.37;307.46
2025-08;441.61;1035.08;1313.43;450.71
2025-08;446.1;886.55;1165.56;256.29
2025-08;652.97;1207.32;1241.96;332.25
2025-08;409.21;848.45;1386.55;453.97
2025-08;381.83;1282.5;1201.94;380.25
2025-08;916.17;795.42;1261.96;334.74
2025-08;767.71;919.82;1136.18;291.69
2025-08;817.62;1246.65;1789.46;364.11
2025-08;740.4;876.46;1098.1;435.87
2025-08;654.36;1429.75;1844.51;411.49
2025-08;619.6;1254.67;1704.14;383.27
2025-08;678.34;1122.55;1477.22;418.44
2025-08;657.5;837.44;1885.65;349.49
2025-08;825.84;1288.83;1621.81;336.78
2025-08;863.44;774.6;1214.05;276.91
2025-08;883.8;844.85;1367.66;385.35
2025-08;875.09;1337.21;1196.41;441.71
2025-08;598.02;803.68;901.81;304.69
2025-08;412.18;966.89;1527.09;318.23
2025-09;928.31;799.37;1539.64;448.72
2025-09;379.07;1233.88;1685.72;225.61
2025-09;555.55;1310.52;NA;205.79
2025-09;692.3;955.46;1486.12;306.86
2025-09;734.1;1201.51;930.16;473.66
2025-09;656.19;1298.08;1412.46;419.31
2025-09;625.85;1271.61;905.11;226.76
2025-09;672.82;980.58;1099.3;397.43
2025-09;584.34;827.67;1803.62;370.01
2025-09;906.82;1214.45;1764.46;453.68
2025-09;783.36;1221.84;1817.66;287.53
2025-09;379.36;993.76;1929.13;280.01
2025-09;619.47;1043.38;922.26;263.55
2025-09;804.46;1133.16;1217.04;452.65
2025-09;691.47;985.86;1715.19;355.3
2025-09;637.51;1213.06;1601.45;355.27
2025-09;607.01;900.48;1223.04;470.65
2025-09;713.02;1282.34;1930.79;213.87
2025-09;920.34;1463.65;1529.19;301.64
2025-09;904.36;1231.95;1602.6;301.01
2025-09;442.91;1484.82;1384.59;343.58
2025-09;437.93;1445.2;1407.88;232.06
2025-09;425.7;906.07;1557.81;471.19
2025-09;782.89;1498.15;1488.01;465.61
2025-09;500.08;1484.11;1651.66;343.96
2025-09;871.05;1255.93;1792.76;362.62
2025-09;704.82;979.79;1571.37;353.32
2025-09;949.25;814.72;993.24;386.96
2025-09;451.9;1006.22;1143.62;207.03
2025-09;580.22;1308.39;1401.98;369
2025-10;738.29;1238.42;1560.11;369.64
2025-10;566.08;828.21;1858.03;329.48
2025-10;603.03;1085.24;1110.53;300.92
2025-10;474.76;1126.39;1464.04;393.02
2025-10;930.81;1252.28;1511.35;374.94
2025-10;909.56;1420.69;1476.66;205.29
2025-10;849.24;1362.85;1191.32;234.63
2025-10;821.54;943.96;1436.57;221.84
2025-10;670.2;1081.4;1171.48;386.78
2025-10;616.97;1369.35;1407.79;340.7
2025-10;923.58;1413.53;1861.05;363.75
2025-10;450.76;1121.07;1864.83;235.01
2025-10;787.83;1440.11;944.46;477.94
2025-10;398.49;1130.39;1126.86;280.34
2025-10;586.67;1174.97;1470.6;346.03
2025-10;886.46;757.31;1276.14;281.95
2025-10;830.8;1431.07;1393.38;370.44
2025-10;762.54;1465.85;1113.85;394.72
2025-10;868.62;1355.01;968.37;214.89
2025-10;935.47;1346.97;1388.27;346.41
2025-10;452.14;950.41;1473.88;375.78
2025-10;652.52;1295.28;1689.06;375.47
2025-10;709.21;1348.46;926.75;235.81
2025-10;828.52;1488.36;1111.51;368.18
2025-10;926.59;919.49;1643.28;247.29
2025-10;787.88;966.24;1407.42;357.13
2025-10;839.09;953.06;1883.55;307.34
2025-10;556.78;1407.34;1633.17;401.02
2025-10;727.6;1169.75;1393.06;432.32
2025-10;469.34;1040.66;1221.03;442.82
2025-10;517.6;810.41;NA;458.17
2025-11;375.25;1249.92;1435.44;235.84
2025-11;392.43;941.44;1573.84;340.84
2025-11;369.8;891.51;1014.11;336.34
2025-11;927.71;1387.14;1043.91;236.86
2025-11;386.15;1267.18;964.69;212.43
2025-11;669.46;1312.01;1752.58;413.92
2025-11;686.27;766.25;1869.43;463.61
2025-11;445.19;1407.82;1262.07;288.51
2025-11;361.83;890.33;1742.63;418.21
2025-11;641.88;753.29;1279.56;430.61
2025-11;388.85;1387.37;1820.22;384.82
2025-11;448.25;901.54;969.42;234.42
2025-11;530.55;997.7;1708.55;281.14
2025-11;465.21;1341.1;1024.44;419.54
2025-11;644.61;1399.03;1354.49;358.74
2025-11;908.01;876.68;1660.41;285.16
2025-11;719.9;1116.37;1075.6;355.55
2025-11;792.94;1015.39;1098.74;240.59
2025-11;383.99;978.22;1837.83;394.03
2025-11;775.48;1495.62;1459.99;229.5
2025-11;940.31;1331.87;1428.49;314.77
2025-11;436.53;1319.58;926.09;266.27
2025-11;464.23;835.98;1341.94;367.29
2025-11;709.62;918.43;1578.38;239.33
2025-11;899.93;1129.36;1051.71;426.23
2025-11;527.51;948.62;1272.72;365.31
2025-11;652.77;1189.82;1485.67;370.31
2025-11;470.18;1220.55;1129.08;403.2
2025-11;488.9;1316.37;1291.54;441.76
2025-11;748.38;909.92;1870.4;331.78
2025-12;604.77;757.68;1159.54;210.56
2025-12;644.76;850.88;1312.92;362.19
2025-12;510.41;943.16;1823.47;322.92
2025-12;656.89;1431.06;1830.08;242.25
2025-12;464.65;770.67;1859.99;236.27
2025-12;790.32;1243.43;1400.16;258.81
2025-12;860.48;1398.49;974.91;296.75
2025-12;742.73;994.22;919.29;336.72
2025-12;895.43;1171.55;1569;357.79
2025-12;589.71;1211.02;1811.14;442.17
2025-12;659.85;1021.82;1013.39;333.17
2025-12;760.14;752.81;1617.4;367.5
2025-12;733.61;1125.75;918.96;327.58
2025-12;839.54;1212.41;1484.88;221.18
2025-12;778.48;1191.25;1910.67;342.33
2025-12;576.61;773.61;1528.11;455.07
2025-12;481.42;1054.3;1168.58;356.74
2025-12;677.53;942.54;1309.21;245.95
2025-12;845.49;1023.26;1004.62;287.32
2025-12;948.98;1080.43;1699.8;381.73
2025-12;775.33;804.12;926.62;311.95
2025-12;927.95;1327.72;1064.31;438.7
2025-12;742.95;965.13;1516.2;371.74
2025-12;418.28;1036.51;1082.65;332.09
2025-12;879.32;1076.15;1129.84;274.42
2025-12;457.43;1400.55;1444.54;391.01
2025-12;882.69;1455.25;1660.09;202.79
2025-12;900.06;1234.2;1791.49;332.9
2025-12;931.94;1205.38;1239.36;257.21
2025-12;912.18;762.35;1752.84;240.95
2025-12;843.96;1316.05;1025.05;325.01
2026-01;866.94;1311.47;1164.07;377.02
2026-01;697.2;1120.83;1287.52;317.5
2026-01;495.14;1175.22;938.6;250.95
2026-01;391.13;1100.28;1475.17;238.42
2026-01;570.49;1383.05;1499.02;351.18
2026-01;814.42;1417.21;1180.91;475.94
2026-01;946.43;922.85;1896.58;263.79
2026-01;748.02;1354.57;1693.39;474.74
2026-01;770.08;1411.5;1764.73;476.03
2026-01;351.26;1225.88;997.06;223.66
2026-01;930.25;1176.18;1182.29;262.94
2026-01;409.3;1445.68;1722.3;214.01
2026-01;471.65;910.89;1906.48;325.37
2026-01;858.11;983.32;955.41;324.83
2026-01;563.78;1112.08;1017.92;225.4
2026-01;922.32;775.08;1026.28;428.26
2026-01;586.07;998.7;1810.65;388.58
2026-01;753.25;1049.27;1453.36;323.59
2026-01;383.83;1430.17;1130.22;392.19
2026-01;483.81;759.19;1358.55;209.96
2026-01;817.72;1338.26;1195.28;369.32
2026-01;807.19;1174.66;1044.1;316.94
2026-01;692.63;1131.98;961.39;463.27
2026-01;593.03;1337.01;1507.18;419.18
2026-01;893.34;1084.74;1732.1;311.07
2026-01;719.92;1149.28;976.27;392.59
2026-01;547.99;879.82;1472.51;296.02
2026-01;793.17;773.92;1725.7;446.22
2026-01;779.28;802.37;1308.35;206.85
2026-01;502.04;827;1613.93;380.95
2026-01;722.87;857.28;1407.44;278.56
2026-02;763.9;1116.14;1080.37;385.06
2026-02;811.55;1226.77;1709.53;236.45
2026-02;821.97;1120.56;1487.89;472.28
2026-02;444.64;803.38;NA;431.93
2026-02;655.88;1005.68;1363.3;402.6
2026-02;847.43;774.87;1248.24;274.28
2026-02;621.22;1174.12;954.63;276.17
2026-02;570.57;1420.53;1165.27;270.21
2026-02;753.63;1438.36;966.14;344.87
2026-02;618.52;1197.67;1591.74;201.04
2026-02;893;1450.99;1562.29;473.12
2026-02;729.5;806.56;1922.73;202.69
2026-02;820.11;1013.04;1523.81;471.03
2026-02;450.27;1043.87;NA;388.22
2026-02;431.01;1448.32;1243.04;455.82
2026-02;826;879.44;1088.53;309.13
2026-02;687.03;1355;1320.22;336.74
2026-02;364.72;1420.97;1256.64;263.46
2026-02;505.95;795.34;1572.76;289.43
2026-02;829.68;1055.96;1137.45;427.48
2026-02;462.03;1100.54;1707.17;315.39
2026-02;810.97;1448.78;1622.23;473.77
2026-02;785.21;1304.45;1922.14;376.24
2026-02;559.36;1450.36;1288.77;455.23
2026-02;481.4;1236.36;1102.48;252.28
2026-02;691.81;1468.52;1700.54;434.75
2026-02;810.64;803.69;1685.89;444.86
2026-02;614.37;1273.55;1368.84;431.23
2026-03;421.35;1061.62;1393.15;268.43
2026-03;871.43;1055.73;1763.65;342.01
2026-03;903.93;804.38;1764.63;310.09
2026-03;551.83;1444.5;1598.54;366.14
2026-03;588.86;1219.14;1084.07;221.22
2026-03;728.08;984.92;930.65;213.68
2026-03;817.98;1223.6;NA;387.03
2026-03;422.32;1273.71;1084.88;405.16
2026-03;571.93;1437.54;1241.85;367.72
2026-03;768.97;1349.2;1327.56;440.34
2026-03;842.93;817.88;1416.38;397.18
2026-03;795.38;862.66;1364.66;262.39
2026-03;865.73;1424.5;1306.47;425.12
2026-03;654.66;1485.98;1553.43;286.97
2026-03;690.56;1281.36;1449.33;290.81
2026-03;425.84;1414.54;1186.74;431.04
2026-03;364.51;1104.43;1680.53;233.93
2026-03;642.85;909.95;1543.61;376.94
2026-03;834.47;882.27;1426.2;219.82
2026-03;674.2;1246.82;1721.88;419.92
2026-03;764.68;1066.91;1421.29;374.3
2026-03;815.84;963.61;1525.53;376.62
2026-03;540.41;868.79;957.07;362.86
2026-03;443.48;864.95;1690.31;319.05
2026-03;797.98;1222.25;1702.59;297.06
2026-03;560.06;1158.55;1532.32;285.93
2026-03;949.08;1254.87;1845;468.54
2026-03;654.03;1132.34;1095.93;228.29
2026-03;569.31;982.56;1819.54;281.62
2026-03;654.92;789.32;1829.72;431.72
2026-03;834.84;1262.25;911.75;417.02
2026-04;434.75;1211.11;1485.88;322.79
2026-04;824.64;1353.51;1438.59;471.78
2026-04;827.45;1473.46;1155.63;344.92
2026-04;791.01;1443.03;1232.89;236.71
2026-04;661.1;1087.97;1815.32;274.45
2026-04;783.64;1390.5;1482.96;429.17
2026-04;601.9;821.83;1229.76;249.17
2026-04;770.31;1241.02;1028.77;449.04
2026-04;515.81;936.79;1947.68;390.95
2026-04;919.38;1284.56;1730.3;350.06
2026-04;593.49;942.52;1475.31;239.09
2026-04;452.74;1229.04;1906.7;403.29
2026-04;841.84;962.75;1409.12;233.07
2026-04;374.35;1285.78;1203.24;358.96
2026-04;705.59;1498.21;1378.14;267.96
2026-04;814.84;1260.7;1481.61;364.81
2026-04;920.14;1302.18;1473.34;257.74
2026-04;795.7;879.65;1091.06;213.81
2026-04;381.31;1328.76;1432.47;231.36
2026-04;708.79;1430.51;1914.02;294.32
2026-04;849.91;1309.64;1479.79;458.19
2026-04;402.43;948.83;1457.22;440.15
2026-04;582.98;1243.15;1698.33;370.67
2026-04;459.13;1213.47;933.82;301.43
2026-04;627.83;1461.87;1604.61;351.82
2026-04;846.46;1045.42;1106.45;460.1
2026-04;560.37;919.68;1850.32;479.82
2026-04;661.46;1380.2;1484;474.56
2026-04;643.42;1167.76;1334.32;477.97
2026-04;384.44;1304.7;1592.89;264.35
2026-05;569.96;1196.33;1505.93;408.67
2026-05;601.53;938.71;1070.61;220.29
2026-05;595.05;1404.61;1927.4;306.2
2026-05;606.05;989.79;1301.34;449.43
2026-05;470.84;1090.83;1210.18;313.82
2026-05;447.36;840.55;1942.08;412.57
2026-05;498.36;1456.43;1000.6;425.04
2026-05;642.52;1065.67;1840.95;218.96
2026-05;838.22;1152.05;1791.8;268.84
2026-05;595.36;877.59;1024.66;467.99
2026-05;690.09;778.43;1875.5;472.74
2026-05;376;1377.91;1376.43;330.98
2026-05;531.66;1404.47;1933.3;244.99
2026-05;562.19;1228.2;1796.78;360.95
2026-05;888.84;891.35;1020.27;260.95
2026-05;834.39;1027.77;1910;268.73
2026-05;358.24;1361.04;1454.89;212.23
2026-05;857.7;1182.28;1462.53;462.07
2026-05;920.83;1078.8;1747.84;475.68
2026-05;910.38;1298.83;1654.62;377.9
2026-05;745.2;1316.28;1705.69;267.34
2026-05;599.54;1039.84;1044.06;283.12
2026-05;910.07;927.33;910.95;352.15
2026-05;658.3;1472.37;1709.27;231.16
2026-05;654.23;952.42;1275.17;316.23
2026-05;489.67;953.54;1526.52;288.9
2026-05;535.76;849.9;1310.68;354.91
2026-05;738.74;1071.93;1038.38;380.93
2026-05;617.42;1005.3;1016.68;222.71
2026-05;796.91;828.85;1870.79;223.61
2026-05;824.25;1067.84;1858.26;254.93
2026-06;378.99;1074.57;1849.78;332.68
2026-06;651.76;1076.32;1092.56;345.89
2026-06;423.28;1345.85;1262.81;374.98
2026-06;911.31;1470.39;1710.51;371.71
2026-06;461.41;1429.09;962.02;235.51
2026-06;504.87;1404.55;1488.66;338.74
2026-06;722.42;875.66;1742.56;264.22
2026-06;618.54;997.74;1366.18;476.98
2026-06;927.07;1457.26;952.98;359.07
2026-06;454.12;1391.05;1018.49;233.29
2026-06;884.16;770.62;1085.01;291.26
2026-06;660.89;769.34;1917.95;465.23
2026-06;762.86;1255.55;1282.13;385.79
2026-06;705.58;938.89;948.89;388.24
2026-06;467.62;1364.11;1756.5;316.41
2026-06;397.27;798.1;1431.79;221.68
2026-06;534.36;1441.85;1697.81;256.63
2026-06;949.05;1062.48;1421.13;333.09
2026-06;715.86;1079.99;1211.77;365.56
2026-06;368.86;1462.44;1097.43;340.21
2026-06;831.55;1147.58;1642.36;266.74
2026-06;355.9;1494.96;1763.82;317.81
2026-06;536.29;1204.74;NA;268.47
2026-06;820.22;1229.95;1235.11;257.43
2026-06;520.42;1038.81;1154.68;205.48
2026-06;567.09;1456.15;1236.29;449.52
2026-06;624.79;1258.1;1448.75;330.66
2026-06;710.43;1248.98;985.24;279.73
2026-06;472.59;1225.15;1894.54;220.63
2026-06;674.14;1066.56;1057.14;287.85
2026-07;350.86;1427.98;1754.29;439.38
2026-07;757.31;872.52;1905.85;255.98
2026-07;371.49;955.09;1074.76;214.38
2026-07;865.31;1265.47;1633.59;343.68
2026-07;616.92;1066.29;1856.53;437.6
2026-07;421.72;1412.76;1814.81;420.97
2026-07;480.07;1130.88;1022.03;266.03
2026-07;596.54;997.88;1948.34;372.83
2026-07;622.14;1347.64;1734.45;448.59
2026-07;786;826.72;1311.02;312.82
2026-07;923.83;1375.41;1729.52;469.98
2026-07;826.77;795.31;1009.29;285.53
2026-07;527.04;1074.67;1862.03;324.26
2026-07;721.21;1011.87;1934.5;373.73
2026-07;524.64;1260.79;1431.76;367.84
2026-07;864.55;1023.8;1705.15;339.45
2026-07;720.48;1160.92;1854.13;408.41
2026-07;447.22;858.42;1613.33;406.18
2026-07;598.82;1368.03;956.67;260.72
2026-07;537.18;918.95;1645.75;368.09
2026-07;640.66;1008.18;1232.32;257.05
2026-07;525.9;819.42;1838.47;343.34
2026-07;920.31;1165.44;1167.85;474.11
2026-07;521.01;1365.85;1130.65;268.19
2026-07;612.86;1390.98;983.56;385.73
2026-07;758.46;1166.75;1852.37;473.26
2026-07;767.43;1030.57;1784.04;454.66
2026-07;892.05;1423.18;1775.73;433.07
2026-07;695.6;1344.39;1217.7;383.33
2026-07;837.37;907.6;1666.49;397.2
2026-07;461.42;1351.26;916.61;445.36
2026-08;656.9;1442.39;1831.97;307.7
2026-08;411.69;1120.72;1561.92;235.02
2026-08;628.51;1489.89;1276.96;312.2
2026-08;765.27;901.82;1335.44;242.23
2026-08;839.76;1136.01;1941.8;201.02
2026-08;752.03;808.33;1796.75;334.46
2026-08;569.13;1094.1;995.97;369.12
2026-08;453.99;1288.52;1764.48;464.5
2026-08;425.15;1109.15;1812.06;206.94
2026-08;745.69;804.23;1195.16;358.11
2026-08;387.74;1205.44;1869.69;214.02
2026-08;732.06;1023.44;1069.44;380.4
2026-08;870.65;1238.6;1313.05;305.96
2026-08;442.22;1350.97;1064.47;441.28
2026-08;719.01;957.12;1171.98;422.05
2026-08;599.32;1384.27;1744.35;229.33
2026-08;860.47;831.28;1813.2;333.21
2026-08;781.28;1410.56;NA;231.26
2026-08;508.87;893.35;1067.91;366.24
2026-08;709.81;1023.47;1344.72;287.17
2026-08;817.94;1262.02;1721.6;392.6
2026-08;518.23;1293.02;1007.66;346.56
2026-08;488.92;1393.12;1893.5;221.83
2026-08;600.4;1332.18;1093.15;424.24
2026-08;379.26;1157.68;1449.15;387.99
2026-08;789.76;915.96;1141.96;377.64
2026-08;362.85;1415.56;1823.02;246.4
2026-08;522.67;772.22;1579.34;262.32
2026-08;734.4;1247.42;1410;397.48
2026-08;739.13;1486.48;1264.98;344.29
2026-08;829.26;1072.8;904.92;204.39
2026-09;531.87;1222.27;1516.68;370.78
2026-09;731.6;1324.77;1756.01;274.65
2026-09;601.38;1118.04;1635.02;209.14
2026-09;744.44;1086.54;1764.62;202.6
2026-09;736.89;1287.4;1650.2;440.6
2026-09;852.39;1134.77;1493.05;297.94
2026-09;375.91;859.02;1536.59;238.82
2026-09;426.17;972.62;1835.99;343.06
2026-09;481.94;916.29;1176.81;325.93
2026-09;442.98;1150.91;1757.42;342.71
2026-09;735.47;1016.04;1586.63;216.88
2026-09;896.44;1342.59;1867.52;304.83
2026-09;801.85;850;1935.72;272.17
2026-09;570.94;1038.68;1858.83;347.21
2026-09;483.22;984.53;1635.18;364.12
2026-09;374.21;1340.79;1428.3;459.09
2026-09;396.62;909.83;1658.62;317.32
2026-09;941.26;812.78;1180.69;478.14
2026-09;566.85;1299.24;935.41;219.85
2026-09;425.86;1194.87;1794.8;238
2026-09;372.96;961.04;1121.65;234.37
2026-09;508.58;1386.06;1079.74;351.89
2026-09;929.13;1026.9;984.77;364.8
2026-09;826.81;791.12;1623.42;256.87
2026-09;695.16;906.31;1227.17;453.76
2026-09;616.07;1214.33;1487.34;247.28
2026-09;393.59;1087.92;1843.17;201.9
2026-09;402.98;1421.33;1136.85;260.68
2026-09;541.77;1000.53;NA;274.45
2026-09;793.63;1158.03;1098.95;417.2
2026-10;936.98;1426.28;1311.28;387.39
2026-10;617.92;1461.89;1551.42;358.33
2026-10;684.22;1446.04;1740.21;291.85
2026-10;949.47;1332.68;1009.81;254.83
2026-10;920.74;1157.38;1600.37;352.08
2026-10;597.63;1203.42;1554.84;386.01
2026-10;419.99;994.5;1472.67;436.72
2026-10;843.19;1344.43;1823.91;313.96
2026-10;370.67;1364.6;1202.67;206.03
2026-10;872.19;892.54;1703.79;444.45
2026-10;903.14;774.31;1593.2;376.09
2026-10;571.96;968.96;1675.63;342.17
2026-10;631.27;883.14;1111.24;399.96
2026-10;522.75;811.52;1508.22;331.41
2026-10;520.69;1439.8;1390.75;349.71
2026-10;936.42;1258.78;1363.02;205.8
2026-10;897.84;1046.64;1229.57;397.7
2026-10;899.99;932.74;1108.04;223.05
2026-10;631.64;767.19;1084.74;279.09
2026-10;892.72;956;1926.79;228.23
2026-10;872.89;838.71;1684.81;378.29
2026-10;700.84;902.09;1057.52;438.42
2026-10;540.47;1371.28;1708.25;441.13
2026-10;432.53;1349.02;1332.76;363.95
2026-10;542.27;904.99;1647.33;279.7
2026-10;523.81;1083.3;1109.78;275.35
2026-10;688.95;1386.32;973.08;320.91
2026-10;721.68;834.21;966.52;283.6
2026-10;507.51;1079.67;927.14;208.41
2026-10;742.19;1338.8;1411.76;298.63
2026-10;352.34;750.64;1581.55;261.04
2026-11;486.32;760.1;1307.13;455.13
2026-11;512.77;1398.47;1216.64;455.57
2026-11;445.98;1332.7;1653.27;267.75
2026-11;544.06;1292.05;1112.8;409.53
2026-11;713;922.94;1397.04;251.77
2026-11;819.14;1083.01;1413.9;351.55
2026-11;935.39;1154.86;1546.7;205.94
2026-11;496.64;1423.64;1525.6;335.91
2026-11;744.82;1310.99;1180.04;294.84
2026-11;844.43;1000.9;1763;341.97
2026-11;692.88;1478.48;926.22;408.58
2026-11;653.77;1209.03;1276.69;343.51
2026-11;537.29;1263.64;1862.46;439.27
2026-11;451.81;1268.6;1427.21;465.13
2026-11;833.81;1223.84;1142.06;476.47
2026-11;912.02;948.14;1248.38;351.5
2026-11;676.07;1369.46;1678.51;433.14
2026-11;924.77;962.36;1339.35;422.39
2026-11;694.13;963.85;1895.51;441.48
2026-11;916.56;1021.36;1249.13;277.55
2026-11;617.94;792.49;1784.06;368.22
2026-11;785.77;1451.7;1175.82;219.97
2026-11;604.44;773.56;1283.7;436.04
2026-11;579.85;1183.41;1297.53;301.55
2026-11;858.58;972.73;1776.62;462.57
2026-11;718.67;886.26;1175.61;208.29
2026-11;438.61;1238.88;1627.04;394.09
2026-11;461.69;1033.99;1017.43;324.51
2026-11;482.97;1422.31;1847.4;221.73
2026-11;554.52;1308.96;994.09;361.18
2026-12;802.63;1372.5;1683.28;470.83
2026-12;514.74;947.76;1782.29;342.95
2026-12;679.17;949.94;1657.03;434.9
2026-12;463.82;838.93;1906.86;403.22
2026-12;614.25;1351.09;1720.25;318.52
2026-12;467.05;894.12;982.48;405.62
2026-12;619.3;1361.96;1212.52;347.44
2026-12;417.48;1144.09;1653.84;455.88
2026-12;784.77;788.78;1570.35;202.01
2026-12;363.39;1162.36;1692.18;232.52
2026-12;435.41;758.01;1614.94;474.97
2026-12;529.6;1131.16;1352.75;208.73
2026-12;680.92;850.34;1472.4;434.49
2026-12;866.17;1345.01;1081.12;285.72
2026-12;458.73;751.69;1678.76;477.36
2026-12;582.12;1435.57;1240.95;301.44
2026-12;607.31;1465.38;1164.26;314.59
2026-12;443.37;1191.49;1181.76;377.84
2026-12;737.55;1275.52;1252.44;414.84
2026-12;713.13;750.45;981.53;398.54
2026-12;846.28;847.23;1484.53;225.55
2026-12;931.85;835.72;1602.32;362.77
2026-12;714.16;1228.81;1312.89;475.15
2026-12;903.12;1095.32;1037.19;201.11
2026-12;744.04;1456.73;1124.22;377.32
2026-12;375.23;1099.82;1284.95;313.04
2026-12;847.23;1400.24;1728.53;248.57
2026-12;708.19;1285.32;1913.57;387.35
2026-12;711.25;961.14;1652.63;334.15
2026-12;441;1495.73;1160.38;451.31
2026-12;662.84;1436.02;1361.53;394.61
2027-01;438.38;1004.13;1194.68;409.1
2027-01;717.88;1365.24;1185.74;414.78
2027-01;800.78;850.92;1570.74;383.05
2027-01;456.49;886.11;934.74;305.78
2027-01;681.41;812.89;1276.58;383.06
2027-01;926.97;1323.13;1134.47;471.27
2027-01;622.8;1409.93;1883.42;253.7
2027-01;880.44;1156.18;1643.36;399.04
2027-01;376.69;916;1564.7;232.13
2027-01;616.28;1172.01;1834.59;292.8
2027-01;883;1291.61;1794.87;205.25
2027-01;436.34;1361.26;1448.41;346.74
2027-01;482.5;783.91;979.1;429.74
2027-01;686.27;968.92;1725.12;367.77
2027-01;439.07;1015.8;1866.88;258.66
2027-01;633.08;1293.39;1342.59;386.59
2027-01;857.25;1001.95;1215.58;280.96
2027-01;515;1400.39;1884.31;382.98
2027-01;815.86;880.98;1380.13;250.67
2027-01;902.24;1074.63;1735.88;345.85
2027-01;581.89;842.46;1569.09;405.01
2027-01;566.11;1183.5;1699.64;458.77
2027-01;861.13;1409.35;1151.72;390.59
2027-01;802.01;784.49;1238.24;300.28
2027-01;625.76;1353.24;1586.7;459.62
2027-01;642.09;877.41;1360.05;205.81
2027-01;633.19;971.76;1778.48;354.8
2027-01;847.09;1437.52;1108.69;228.35
2027-01;680.36;1394.19;1041.28;470.61
2027-01;412.05;932.38;1682.08;401.15
2027-01;559.76;1358.18;1362.57;335.8
2027-02;854.94;981.32;1755.19;435.11
2027-02;539.17;1332.15;984.76;289.02
2027-02;758.3;1077.49;1830.34;247.14
2027-02;758.47;871.37;1492.8;314.02
2027-02;430.24;1285.4;1263.45;333.97
2027-02;479.51;772.15;1073.83;262.31
2027-02;391.88;1422.93;1115.62;270.2
2027-02;566.46;1117.61;1884.69;351.96
2027-02;528.88;759.48;1759.63;341.2
2027-02;559.52;1084.52;1156.67;209.24
2027-02;655.78;1360.42;1552.21;460.55
2027-02;631.65;933.45;1543.99;375.82
2027-02;793.51;1327.57;1526.14;321.37
2027-02;586.03;923.71;1010.02;222.26
2027-02;363.58;804.96;1329.17;386.07
2027-02;593.92;1390.64;1015.97;212.84
2027-02;613.39;897.22;1110.73;459.05
2027-02;776.88;1283.94;1266.86;325.42
2027-02;548.4;871.75;1686.44;454.4
2027-02;907.36;1414.33;1110.8;456.7
2027-02;637.06;1456.95;1492.81;348.5
2027-02;718.75;821.1;1424.02;272.73
2027-02;501.59;1246.17;936.82;226.95
2027-02;580.15;1342.02;1876.39;217.33
2027-02;858.88;887.56;1653.25;253.35
2027-02;652.87;1211.41;1766.42;300.67
2027-02;704.9;1279.63;1835.26;393.55
2027-02;539.97;908.09;NA;330.14
2027-03;833.5;808.34;1641.79;287.34
2027-03;650.3;1171.68;1264.27;270.54
2027-03;802.76;1137.42;1858.14;250.56
2027-03;818.02;751.54;1219.58;221.91
2027-03;696;1420.09;995.79;290.6
2027-03;619.95;895.57;1311.83;338.16
2027-03;473.69;982.76;1377.48;312.42
2027-03;507.14;1301.82;1797.41;421.6
2027-03;445.02;829.74;1804.68;471.85
2027-03;929.57;1428.91;1834.1;307.29
2027-03;411.89;1145.88;1515.28;388.93
2027-03;812.2;1127.46;1436.26;209.29
2027-03;840.79;1115.34;1220.03;455.54
2027-03;516.75;1311.43;1219.62;300.95
2027-03;881.53;947.46;1672.46;391.01
2027-03;501.71;1455.65;1433.21;450.13
2027-03;723.6;1091.86;1624.8;244.87
2027-03;631.1;785.18;1887.62;265.58
2027-03;698.08;1098.73;1909.55;215.62
2027-03;415.25;1170.67;1254.15;379.22
2027-03;590.69;1485.99;NA;444.88
2027-03;920.43;1478.12;1869.57;386.11
2027-03;844.75;952.88;1749.45;225.91
2027-03;868.57;840.59;1915.85;308.22
2027-03;633.98;1128.02;1114.62;321
2027-03;579.69;1139.36;1712.84;224.42
2027-03;610.58;762.51;1809.43;224.91
2027-03;561.46;1275.48;952.28;282.36
2027-03;572.89;1023.93;1004.22;414.63
2027-03;908.57;936.72;1707.99;305.51
2027-03;359.85;1219.52;1402.94;352
2027-04;668.74;1249.53;1645.38;300.08
2027-04;941.77;1255.12;1852.73;263.89
2027-04;899.11;1440.3;1743.7;360.85
2027-04;691.35;1258.56;1065.89;213.19
2027-04;408.04;1247.68;1463.12;423.33
2027-04;583.66;1271.16;1407.23;414.91
2027-04;753.3;1009.16;1574.15;468.11
2027-04;451.34;846.98;1218.63;443.76
2027-04;612.45;1424.14;1686.57;205.03
2027-04;428.1;1441.06;1713.1;416.15
2027-04;404.83;1175.35;1393.8;392.85
2027-04;462.25;1022.97;1542.58;408.83
2027-04;673.09;1409.11;1910.97;321.68
2027-04;351.66;846.35;1918.04;319.35
2027-04;643.4;1380.67;1366.07;377.03
2027-04;479.13;1247.86;1778.88;471.05
2027-04;763.82;1057.69;1250.54;250.66
2027-04;627.02;1162.39;1534.85;435.13
2027-04;494.04;1308.21;1942.76;217.71
2027-04;620.81;1271.81;916.66;352.79
2027-04;563.55;774.19;1420.2;240.94
2027-04;711.58;1320.66;1482.72;426.74
2027-04;561.8;1029.77;1445.95;405.07
2027-04;831.13;1012.55;1465.44;374.48
2027-04;659.74;872.13;1476.32;208.01
2027-04;669.87;1302.38;1596.93;464.25
2027-04;532.03;1126.91;1426.73;476.86
2027-04;583.62;1039.81;1770.22;380.31
2027-04;563.8;1170.62;1313.11;277.01
2027-04;589.63;1465.45;1066.37;457.53
2027-05;650.23;1221.18;1937.32;418.3
2027-05;490.66;1134.9;979.38;363.86
2027-05;371.07;780.55;1193.44;305.54
2027-05;887.49;864.29;1402.07;427.21
2027-05;356.48;1486.14;1725.53;244.1
2027-05;620.94;1242.59;1666.88;272.51
2027-05;682.72;968.15;NA;243.77
2027-05;608.31;837.85;1915.78;288.57
2027-05;527.04;1418.37;1792.38;265.03
2027-05;717.1;1175.62;1290.28;299.93
2027-05;906.56;1451.61;1154.74;358.72
2027-05;622.51;954.6;1879.37;397.3
2027-05;371.54;772.92;1583.61;275.9
2027-05;539.01;1255.31;1749.57;329.33
2027-05;912.25;1178.75;1715.93;290.48
2027-05;396.73;1382.16;1837.02;366.88
2027-05;911.08;898.38;1842.44;341.7
2027-05;719.7;857.1;1694.71;342.37
2027-05;489.51;926.46;1508.02;253.55
2027-05;864.37;1061.94;1671.77;472.16
2027-05;360.09;1389.32;994.5;329.15
2027-05;692.11;1389.95;1102.76;473.89
2027-05;515.56;772.69;1384.76;223.52
2027-05;825.45;1243.55;1062.29;297.35
2027-05;908.09;921.64;1436.12;247.06
2027-05;393.27;1257;931.38;276.96
2027-05;918.6;1314.29;1199.1;336.97
2027-05;901.46;828.26;1508.01;281.13
2027-05;861.2;985.99;1621.87;400.34
2027-05;726.46;872.36;1323.19;431.18
2027-05;450.72;1397.65;1476.88;479
2027-06;776.36;1170.43;1357.33;209.93
2027-06;530.12;1299.26;1679.16;203.07
2027-06;655.66;865.09;1280.48;283.74
2027-06;864.11;1403.77;1730.18;318.24
2027-06;897.45;1319.09;1456.33;255.19
2027-06;491.2;853.67;1822.46;253.19
2027-06;505.56;1060.78;1452.26;278.67
2027-06;786.07;1077.48;1068.36;286.13
2027-06;407.59;1107.69;1120.42;373.15
2027-06;659.55;1245.97;1888.38;213.73
2027-06;855.59;1021.39;1946.18;322.17
2027-06;647.56;1441.04;1368.65;313.85
2027-06;471.66;1257.96;1925.18;380.77
2027-06;430.14;1355.06;1546.98;335.99
2027-06;865.41;1451.88;1141.94;252.15
2027-06;596.59;917.1;1220.04;282.78
2027-06;770.91;973.34;1637.81;468.76
2027-06;906.72;910.83;909.61;304.04
2027-06;643.32;981.6;1491.94;203.23
2027-06;949.65;1348.57;1267.41;269.52
2027-06;444.18;1097.81;1271.43;318.99
2027-06;789.93;996.56;1049.77;235.22
2027-06;396.9;1291.69;1566.6;243.96
2027-06;883.8;945.33;1533.3;310.97
2027-06;873.34;1169.7;1258.11;447.83
2027-06;453.12;984.94;1085.28;458.06
2027-06;799.94;930.27;1287.7;308.07
2027-06;431.72;904.11;1168.73;400.96
2027-06;386.69;767.94;1061.96;458.8
2027-06;423.86;1483.65;1375.13;457.43
2027-07;355.36;839.14;971.58;441.76
2027-07;472.25;1208.45;1511.43;289.96
2027-07;848.02;1449.27;1205.99;385.36
2027-07;630.97;1321.21;1553.38;329.96
2027-07;831.15;1290.88;1608.1;283.53
2027-07;481.64;1345.72;1075.07;473.12
2027-07;493.14;1326.39;1440.15;442.72
2027-07;926.16;1361.68;1093.33;214.58
2027-07;816.37;803.58;1077.56;226.59
2027-07;663.43;890.63;1074.87;469.03
2027-07;671.37;1205.85;1752.25;251.64
2027-07;634.02;1465.1;1559.84;303.02
2027-07;592.03;925.85;1557.53;454.24
2027-07;693.59;1271.79;1109.01;254.91
2027-07;688.28;1190.13;1758.13;304.05
2027-07;919.11;981.17;1408.91;471.32
2027-07;878.59;1005.63;1134.87;452.24
2027-07;746.18;978.79;1351.11;352.72
2027-07;913.75;817.48;1489.93;406.36
2027-07;395.25;1143.52;1368.67;243.61
2027-07;534.73;1180.35;1615.85;384.49
2027-07;639.19;1158.12;1839.52;318.24
2027-07;372.01;1233.09;1588.48;219.55
2027-07;592.28;1051;1198.42;473.89
2027-07;693.52;1193.11;1261.52;214.36
2027-07;723.83;927.71;1313.58;448.27
2027-07;537.55;843.54;1498.58;422.6
2027-07;610.11;770.85;1591.05;468.67
2027-07;889.16;752.54;1008.03;414.7
2027-07;911.58;1077.83;1466.73;351.76
2027-07;420.43;1343.03;1748.53;329.04
2027-08;838.02;1334.31;1588.03;349.28
2027-08;767.92;1100.54;1066.94;259.48
2027-08;507.46;812.08;1493.52;415.55
2027-08;651.1;862.44;924.13;368.32
2027-08;600.9;1382.35;1772.2;258.15
2027-08;737.37;1282.62;1828.71;212.28
2027-08;450.76;1366.39;1267.27;242.2
2027-08;653.02;1241.26;1749.67;226.31
2027-08;769.52;824.38;1872.33;455.17
2027-08;781.6;1028.29;1484.84;455.07
2027-08;708.23;1052.52;1489.38;476.46
2027-08;590.39;1407.79;953.29;361.61
2027-08;551.79;1123.18;1845.83;403.84
2027-08;581.8;1194.31;1431.33;428.25
2027-08;498.13;836.74;1697.88;461.83
2027-08;765.28;1121.35;946.59;456.92
2027-08;751.11;1337.76;1049.88;234.8
2027-08;878.14;1352.4;1270.35;278.5
2027-08;499.14;820.58;1490.95;458.3
2027-08;502.05;1041.8;NA;406.1
2027-08;645.08;1150.27;1337.02;461.7
2027-08;837.22;1491.26;1314.96;340.42
2027-08;725.2;1220.64;1727.96;410.97
2027-08;484.88;926.46;1409.93;436.94
2027-08;403.79;1413.67;1179.08;457.56
2027-08;926.02;1411.05;1826.5;427.49
2027-08;459.83;1491.19;1243.71;447.84
2027-08;669.58;1306.41;NA;384.51
2027-08;643.23;1187.27;1204.83;321.16
2027-08;791.42;1209.69;1816.93;228.55
2027-08;707.89;855.02;1635.3;303.58
2027-09;364.89;1210.08;1347.92;450.25
2027-09;824.42;1430.41;1210.44;465.49
2027-09;466.42;754.94;1302.75;333.43
2027-09;716.81;972.76;1300.05;376.78
2027-09;943.25;906.72;1031.28;424.32
2027-09;872.79;789.09;1768.48;389.37
2027-09;646.18;781.67;1777.82;349.08
2027-09;595.85;754.63;1398.71;449.55
2027-09;429.7;1372.72;1911.33;369.45
2027-09;695.52;1388.3;1905.53;414.14
2027-09;648.46;879.83;1741.35;233.99
2027-09;608.03;983.91;1575.38;468.92
2027-09;496.69;947.21;1930.3;436.41
2027-09;467.63;1122.7;1917.48;310.75
2027-09;522.46;892.89;1645.78;327.21
2027-09;641.38;1037.51;1125.26;273.78
2027-09;404.36;1273.59;1136.87;244.43
2027-09;746.31;1364.28;1945.75;436.01
2027-09;901.96;1479.1;1077.82;411.27
2027-09;500.4;1494.46;1392.33;455.31
2027-09;733.93;1213.62;1291.1;223.43
2027-09;792.75;1070.18;953.66;323.45
2027-09;879.78;1461.03;1688.8;329.74
2027-09;717.75;810.8;1434.17;427.15
2027-09;875.69;1466.64;918.94;390.33
2027-09;610.69;985.36;957.46;325.78
2027-09;760.86;939.11;993.25;457.05
2027-09;827.47;888.91;1424.62;219.55
2027-09;474.74;976.62;1167.49;433.49
2027-09;713.99;1265.32;1028.53;307.22
2027-10;626.77;943.76;1596.25;339.89
2027-10;461.56;1261.6;1867.54;326.97
2027-10;821.91;1197.95;1286.4;440.65
2027-10;704.71;885.82;1691.17;430.36
2027-10;905.87;1211.06;918.15;347.35
2027-10;457.97;1307.95;1383.22;202.49
2027-10;740.97;1019.01;1159.16;369.95
2027-10;504.37;1222.05;1464.87;352.02
2027-10;912.43;981.53;1779.58;293.75
2027-10;485.71;1297.07;1506.11;235.92
2027-10;474.15;779.19;1473.26;287.39
2027-10;909.36;1382.54;1170.38;391.28
2027-10;529.75;1255.45;NA;457.2
2027-10;503.68;830.72;1832.49;212.16
2027-10;719.02;1006.58;1560.63;457.52
2027-10;549.06;1084.37;1100.47;359.92
2027-10;937.18;969.13;1148.2;470.18
2027-10;709.18;1294.4;1023.33;445.9
2027-10;464.71;1140.72;1081.49;241.98
2027-10;644.75;1352.67;953.12;333.76
2027-10;494.91;1142.09;1059.15;364.6
2027-10;549.72;1448.76;1746.24;390.87
2027-10;751.05;981.1;1360.77;446.27
2027-10;941.38;1367.03;1765.3;378.43
2027-10;917.01;1045.01;1896.34;284.29
2027-10;838.54;1146.16;1751.99;376.99
2027-10;565.73;1181.06;1673.36;360.72
2027-10;885.51;1098.21;1695.85;254.39
2027-10;502.16;1099.29;1179.16;303.09
2027-10;600.06;1057.13;1532.33;310.49
2027-10;462.59;927.25;1068.12;430.97
2027-11;679.01;1476.36;NA;431.69
2027-11;649.08;1288.55;1588.53;408.43
2027-11;461.62;807.71;983.57;242.65
2027-11;498.53;1365.92;1405.53;420.63
2027-11;508.4;1284.85;1192.42;285.19
2027-11;917.25;1060.19;1183.32;326.53
2027-11;685.16;1395.64;1651.08;202.33
2027-11;500.85;1063.94;1784.83;390.67
2027-11;678.84;1373.33;1068.96;357.76
2027-11;479.37;944.87;1613.12;466.87
2027-11;690.23;1173.64;1597.46;344.73
2027-11;579.19;1015.2;1472.64;442.03
2027-11;770.52;1203.48;1660.84;333.94
2027-11;734.37;869.25;1412.92;211.62
2027-11;432.08;1224.23;1355.73;246.92
2027-11;399.48;1143.74;1445.1;246.17
2027-11;385.92;1206.21;1534.36;206.24
2027-11;685.83;1454.15;1433.93;348.24
2027-11;653.3;1035.81;1532.8;289.76
2027-11;706.14;1289.63;966.69;392.73
2027-11;717.28;1062.53;1069.1;343.1
2027-11;494.62;852.08;1900.04;371.15
2027-11;872.57;881.19;1720.03;312.97
2027-11;616.32;1247.64;1737.34;423.03
2027-11;764.94;1150.55;1295.87;211.66
2027-11;786.62;1315.36;1619.53;255.84
2027-11;502.22;1279.51;1544.05;342.39
2027-11;870.14;1169.07;1440.31;364.17
2027-11;427.06;943.17;1199.6;463.69
2027-11;688.83;1117.23;1408.93;334.99
2027-12;530.78;1298.63;1067.5;312.48
2027-12;519.39;752.25;1932.45;459.47
2027-12;724.38;903.23;1285.93;219.3
2027-12;841.68;1390.49;1604.9;461.28
2027-12;555.78;979.03;1570.02;267.34
2027-12;831.13;893.01;1164.78;404.06
2027-12;447.99;1432.96;907.86;453.83
2027-12;697.72;1237.82;1175.63;416.14
2027-12;610.93;1122.21;1154.8;248.01
2027-12;451.41;835.05;1666.29;218.4
2027-12;364.3;994.78;1270.83;246.54
2027-12;454.57;1108.31;1633.02;382
2027-12;582.39;1201.35;982.72;464.19
2027-12;502.54;1286.6;1418.94;268.58
2027-12;809.04;1082.43;1417.33;429.1
2027-12;478.12;924.36;1154.53;396.47
2027-12;888.78;1109.19;1824.66;262.73
2027-12;546.84;1344.74;1901.5;244.95
2027-12;665.96;918.6;1683.66;208.98
2027-12;512.19;1292.75;1243.9;221.7
2027-12;885.3;864.07;1937.51;375.24
2027-12;642.48;1473.59;1342.15;477.72
2027-12;909.91;770.91;1063.41;442.84
2027-12;695.28;1379.82;1714.17;421.71
2027-12;366.25;1228.01;1528.17;374.85
2027-12;739.94;1253.91;930.3;256.95
2027-12;521.9;1477.52;1364.07;438.34
2027-12;725.23;1413.51;NA;204.57
2027-12;807.42;777.49;1876.04;250.12
2027-12;515.81;1281.6;972.93;278.8
2027-12;916.31;1358.59;1592.87;294.88
2028-01;841.41;1154.83;1070.19;212.43
2028-01;563.98;1281.1;1343.84;242.36
2028-01;359.55;1147.11;1613.82;415.05
2028-01;685.29;855.09;1238.09;314.67
2028-01;846.94;1222.28;1451.07;269.52
2028-01;843.16;1258.84;1802.11;394.98
2028-01;761.14;865.76;1500.19;364.91
2028-01;416.85;1140.78;973.04;466.42
2028-01;638.21;1194.01;1175.27;424.74
2028-01;447.49;1127.48;1197.41;228.77
2028-01;661.2;1206.7;1655.58;341.61
2028-01;534.55;937.78;1900.18;413.97
2028-01;785.13;1057.64;NA;290.49
2028-01;566.69;905.61;949.32;360.33
2028-01;434.84;1404.24;1109.23;207.56
2028-01;712.26;1209.54;1807.4;438.83
2028-01;539.04;985.69;1931.22;419.51
2028-01;630.03;1461.55;1311.91;223.35
2028-01;736.53;1483.69;1781.01;234.71
2028-01;700.04;1332.97;1783.23;263.5
2028-01;358.44;803.51;1389.39;256.03
2028-01;477.63;1271.16;1057.49;205.64
2028-01;757.68;1125.09;1708.46;405.71
2028-01;574.36;1194.4;992.95;417.75
2028-01;589.12;1306.86;967.51;400.98
2028-01;511.25;1221.57;1295.2;408.6
2028-01;814.69;1340.86;1685.65;466.22
2028-01;868.17;1006.68;1112.03;354.66
2028-01;660.84;803.93;1776.36;324.85
2028-01;910.87;1283.89;977.89;284.79
2028-01;851.8;839.48;1586.78;321.56
2028-02;544.99;1414.05;1161.54;247.79
2028-02;408.57;1267.88;1935.33;468.77
2028-02;939.26;753.95;1029.99;262.14
2028-02;608.68;939.11;1852.31;258.36
2028-02;575.37;1333.27;1393.24;282.75
2028-02;591.82;1052.03;905.57;373.77
2028-02;851.85;1440.45;1229.19;392.29
2028-02;765.98;829.27;1942.52;438.4
2028-02;645.87;1464.52;1712.83;200.05
2028-02;840.98;1348.7;1913.19;206.58
2028-02;686.61;1386.41;930.7;402.77
2028-02;653.44;849.85;1101.53;322.86
2028-02;643.37;1022.72;1093.16;224.35
2028-02;728.86;937.03;949.21;462.31
2028-02;425.55;896.02;1427.71;314.02
2028-02;486.9;1442.91;1622.17;413.96
2028-02;572.23;1357.75;1374.93;274.88
2028-02;838.06;1064.93;1873.66;379.32
2028-02;725.58;1327.03;1394.59;277.32
2028-02;671.89;1398.95;1644.13;463.01
2028-02;468.22;1406.22;1193.38;351.39
2028-02;488;1296.06;1014.58;319.36
2028-02;719.77;1449.96;980.97;411.89
2028-02;568.6;1275.29;1117.61;230.94
2028-02;714.25;750.93;1481.86;435.71
2028-02;528.91;850.66;1415.86;238.84
2028-02;407.74;1412.21;1003.09;402.99
2028-02;876.55;1392.02;1849.94;446.29
2028-02;771.56;1134.5;1508.69;236.72
2028-03;389.44;1068.08;1533.66;386.58
2028-03;820.07;1451.68;NA;437.43
2028-03;405.73;1380.94;1618.83;273.77
2028-03;543.23;1238.02;980.2;453.34
2028-03;407.82;1198.92;1417.82;301.72
2028-03;386.64;1029.7;1248.48;202.17
2028-03;913.06;892.82;1255.78;239.64
2028-03;390.78;1008.14;1090.45;368.93
2028-03;803.97;1404.55;1875.3;336.19
2028-03;714.87;1310.03;NA;251.79
2028-03;880.37;1094.01;1518.32;421
2028-03;711.58;772.65;1858.5;438.81
2028-03;460.13;1246.62;1862.7;340.57
2028-03;759.39;1390.74;918.51;403.07
2028-03;368.63;973.75;1848.11;427.14
2028-03;556.63;924.31;NA;348.9
2028-03;933.45;797.11;1247.43;266.62
2028-03;739.97;1151.24;1019.27;280.02
2028-03;900.97;776.2;1686.64;209.53
2028-03;827.68;1255.68;948.18;231.54
2028-03;537.85;1073.65;1171;305.93
2028-03;501.61;1113.63;1487.94;380.49
2028-03;376.18;1212.4;1845.1;237.22
2028-03;897.4;914.68;1258.52;426.79
2028-03;446.28;904.98;920.86;395.98
2028-03;591.59;1171.74;954.81;419.71
2028-03;641.65;1000.17;1671.51;260.36
2028-03;524.25;1314.3;1558.53;442.43
2028-03;484.73;1392.91;1610.79;434.53
2028-03;423.67;1436.05;1945.37;386.94
2028-03;474.8;1439.34;1946.81;295.52
2028-04;859.25;770.87;1505.5;200.09
2028-04;405.54;941.69;1339.13;469.96
2028-04;717.33;842.33;1231.96;413.6
2028-04;908;944.75;1796.71;329.52
2028-04;665.29;1433.51;1051.94;292.05
2028-04;362.44;783.1;1725.74;352.27
2028-04;586.93;1305.48;971.36;351.78
2028-04;362.86;1302.58;1633.37;232.06
2028-04;788.07;898.45;1626.15;382.59
2028-04;636;1389.44;1056.32;313.46
2028-04;794.05;1406.06;1562.47;227.02
2028-04;835.5;1045.88;1360.32;460.49
2028-04;844.33;1214.33;1204.02;378.46
2028-04;365.23;1470.08;1519.7;246.14
2028-04;845.3;1439.29;905.82;298.06
2028-04;517.98;760.92;1137.77;432.47
2028-04;879.99;1330.33;1818.46;353.15
2028-04;830.12;1110.25;1848.09;335.13
2028-04;945.45;1149.06;1022.51;390.01
2028-04;839.09;857.86;1268.61;218.19
2028-04;860.79;1427.62;1596.38;252.17
2028-04;734.71;842.53;NA;208.8
2028-04;925.82;1431.57;1843.26;267.97
2028-04;382.51;815.05;1293.43;377.9
2028-04;812.84;1158.84;1444.23;276.29
2028-04;373.86;973.61;1121.54;347.74
2028-04;850.46;881.56;1879.98;399.44
2028-04;729.66;1096.39;1781.59;375.25
2028-04;543.84;1235.54;1858.24;335.18
2028-04;823.41;901.22;1292.4;292.99
2028-05;404.56;1272.22;1794.26;332.66
2028-05;364.37;912.2;1697.56;467.77
2028-05;820.36;1309.02;1898.49;340.02
2028-05;710.29;1255.31;1082.77;467.38
2028-05;461.54;1484.59;1044.91;348.93
2028-05;511.69;937.94;992.62;366.12
2028-05;548.56;1126.43;1759.47;435.71
2028-05;787.11;1039.93;1374.34;271.91
2028-05;690.11;1482.14;1949.31;429.66
2028-05;831.01;1253.08;1295.66;468.15
2028-05;365.42;1454.65;998.84;236.71
2028-05;740.13;890.71;1837.57;407.69
2028-05;612.21;1078.35;1776.98;328.31
2028-05;471.83;1175.85;1885.57;215.08
2028-05;815.44;1499.84;1023.42;248.84
2028-05;949.31;913.14;1484.77;314.91
2028-05;906.46;1248.6;1015.96;206.92
2028-05;695.41;1044.92;1404.17;278.78
2028-05;793.45;1082.47;1523.58;387.37
2028-05;602.33;1451.31;1518.74;343.19
2028-05;424.2;1223.88;1293.01;450.25
2028-05;536.06;1419.05;1673.56;365.18
2028-05;459.27;1445.52;1354.53;372.17
2028-05;394.4;1093.48;1303.79;362.42
2028-05;822.53;767.07;1354.9;438.31
2028-05;508.87;818.9;1563.48;346.64
2028-05;625.74;791.93;1180.4;428.01
2028-05;824.28;973.96;1625.69;285.31
2028-05;925.54;797.1;1737.56;359.48
2028-05;742.35;1296.55;1877.53;267.57
2028-05;546.22;831.53;1422.34;478.83
2028-06;908.85;1455.78;1863.03;381.86
2028-06;500;1311.19;1594.33;208.59
2028-06;443.22;1458.85;1390.51;400.53
2028-06;493.58;919.76;1439.25;329.98
2028-06;775.68;891.62;NA;292.62
2028-06;881.15;1379.64;1093.91;395.57
2028-06;671.1;1184.14;1347.33;382.32
2028-06;499.47;989.65;1134.3;471.15
2028-06;377.32;1356.99;1736.63;325.78
2028-06;693.88;1041.02;1227.06;247.01
2028-06;470.38;973.85;1483.46;469.11
2028-06;491.03;1348.88;1476.27;339.79
2028-06;662.14;1218.08;1210.66;288.01
2028-06;407.5;1179.65;1778.52;214.73
2028-06;682.4;950.83;1538.8;479.63
2028-06;433.27;1334.13;1375.7;282.03
2028-06;588.72;910.29;1474.35;444.89
2028-06;372.72;1308.13;1891.42;317.48
2028-06;428.96;955.59;1480.39;446.24
2028-06;655.04;760.67;1880.45;409.55
2028-06;390.36;1273.85;1883.95;394.9
2028-06;469.53;1383.52;1884.21;362.44
2028-06;482.83;1321.15;1802.36;375.06
2028-06;485.08;798.72;1606.89;276.26
2028-06;562.83;1479.82;NA;205.67
2028-06;712.33;1006.93;1762.11;279.11
2028-06;432.79;952.14;1052.5;339.38
2028-06;743.63;1495.16;1900.22;314.63
2028-06;681.44;1042.51;1365.98;254.87
2028-06;867.28;1040.81;1649.22;345.07
2028-07;849.82;855.37;1511.14;340.23
2028-07;696.51;1030.16;1047.87;335.16
2028-07;749.51;781;1849.7;463.06
2028-07;482.26;1461;1288.51;368.89
2028-07;798.41;1114.22;1122.19;446.45
2028-07;617.52;1148.8;971.99;297.58
2028-07;698.11;1472.18;1938.23;229.89
2028-07;490.52;827.89;1709.26;247.03
2028-07;824.78;1377.44;1850.21;324.23
2028-07;879.44;1342.57;NA;240.07
2028-07;877.45;836.61;1615.81;477.8
2028-07;581.18;850.34;1555.27;438.56
2028-07;435.91;895.44;1742.7;243.23
2028-07;429.3;1072.83;1945.05;430.61
2028-07;768.7;1268.46;1160.25;462.66
2028-07;661.7;1110.75;1759.37;252.02
2028-07;412.61;1276.22;1264.81;258.82
2028-07;945.4;944.97;1115.15;285.83
2028-07;613.05;933.44;1636.01;404.23
2028-07;904.01;1465.51;1597.73;227.83
2028-07;376.81;882.75;1499.1;475.83
2028-07;374.19;1311.02;1210.34;220.37
2028-07;737.88;1072.84;1337.81;277.11
2028-07;939.47;1473.5;1804.13;449.38
2028-07;462.14;1489.76;1191.84;234.93
2028-07;864.1;1125.34;1142.83;468.66
2028-07;639.04;1282.19;1515.38;472.45
2028-07;528.08;1244.58;1102.92;442.19
2028-07;350.6;1378.01;NA;211.82
2028-07;782.6;1329.02;1780.12;365.4
2028-07;843.9;1386.91;1036.87;215.86
2028-08;802.44;1442.89;1143.41;306.1
2028-08;918.51;1336.94;1431.22;319.4
2028-08;534.32;832.55;1931.93;248.59
2028-08;386.65;940.13;1893.77;338.59
2028-08;741.03;838.99;1444.56;273.79
2028-08;399.83;1368.2;1016.68;446.66
2028-08;494.93;978.39;1880.58;317.21
2028-08;461.82;1237.29;1058.43;315.83
2028-08;359.59;933.08;1000.01;428.42
2028-08;663.54;875.73;1019.32;415.53
2028-08;698.9;881.75;1326.21;231.41
2028-08;928.8;1322.88;1277.66;471.55
2028-08;674.3;1493.03;1103.02;447.11
2028-08;497.23;1160.42;1698.5;458.03
2028-08;571.42;1262.91;1911.56;289.16
2028-08;624.85;1277.92;977.18;243.47
2028-08;886.08;814.85;1194.47;408.31
2028-08;662.38;1096.42;1020.56;364.62
2028-08;713.78;784.43;1533.91;305.77
2028-08;484.96;1053.96;1373.04;248.95
2028-08;533.16;1029.39;1023.33;394.45
2028-08;453.51;862.64;1140.64;304.24
2028-08;357.11;1189.73;1511.3;210.29
2028-08;532;1265.09;1394.21;423.66
2028-08;782.88;1398.45;1702.47;459.66
2028-08;664.23;1132.17;1537.1;275.59
2028-08;772.88;1017.34;1919.1;293.6
2028-08;812.42;1027.47;1377.95;336.76
2028-08;424.89;1259.14;1510.09;329.64
2028-08;448.05;1443.8;1062.65;211.32
2028-08;664.17;1163.14;1209.58;330.86
2028-09;559.37;1064.41;1251.08;376.87
2028-09;750.84;1258.82;1073.08;381.35
2028-09;728.77;1015.08;1131.04;264.64
2028-09;775.36;1339.1;1878.43;206.07
2028-09;496.12;810.06;1565.33;381.97
2028-09;563.49;1314.95;985.03;447.03
2028-09;546.62;1484.51;1405.72;263.96
2028-09;416.62;1066.15;1481.46;435.54
2028-09;534.57;944.31;1278.69;375.92
2028-09;496.41;884.09;1805.36;310.83
2028-09;763.03;1182.62;969.15;351.2
2028-09;768.73;1303.73;967.62;286.41
2028-09;597.23;1237.19;1018.54;363.2
2028-09;474.01;1285.47;1673.46;261.65
2028-09;664.99;1449.02;1743.48;240.83
2028-09;389.15;1069.25;1407.71;202.11
2028-09;734.01;1323.44;916.77;289.36
2028-09;878.62;1425.74;1261.53;461.08
2028-09;354.27;850.78;1508.7;348.39
2028-09;711.09;1462.27;1580.03;313.93
2028-09;563.95;1348.65;1251.09;429.83
2028-09;510.29;1081.64;1264.88;431.31
2028-09;388.3;1485.83;1355.33;211.23
2028-09;943.94;1211.64;1610.05;387.03
2028-09;747.66;898.67;1429.3;460.1
2028-09;412.83;1207.43;1046.71;355.83
2028-09;394.7;1137.24;1809.12;225.25
2028-09;366.1;1404.24;1740.87;348.27
2028-09;455.94;1407.74;1571.79;309.09
2028-09;493.81;754.09;1119.39;407.96
2028-10;839.53;811.81;1546.05;339.53
2028-10;469.38;1265.9;930.76;239.99
2028-10;596.4;955.93;1064.14;332.82
2028-10;727.86;1133.09;1229.45;239.5
2028-10;725.56;1098.2;1171.98;430.05
2028-10;601.8;1098.2;1575.29;449.64
2028-10;945.44;1417.28;1523.36;302.12
2028-10;611.04;1134.1;1225.29;209.16
2028-10;914.46;784.55;1231.27;310.46
2028-10;539.89;919.99;1502.95;233.43
2028-10;785.37;1322.1;1483.62;367.69
2028-10;643.56;1285.36;1088.45;241.64
2028-10;926.14;1118.64;1018.02;319.14
2028-10;354.49;1128.28;1213.01;389.32
2028-10;387.85;1066.51;1816.21;218.1
2028-10;632.41;1013.87;1347.57;248.05
2028-10;414.42;1410.74;1522.84;432.85
2028-10;772.71;1376.14;1847.34;445.17
2028-10;926.85;1394.78;1929.01;252.29
2028-10;901.39;803.32;1441.15;352.64
2028-10;371.77;883.5;942.8;338.13
2028-10;719.57;936.97;1081.19;397.41
2028-10;566.45;1285.42;1053.03;425.76
2028-10;786.49;912.93;1913.17;327.82
2028-10;812.8;1301.19;1328.62;443.04
2028-10;705.97;1255.8;1191.29;369.1
2028-10;643.1;1406.38;1206;331.54
2028-10;857.85;979.3;1338.64;259
2028-10;778.67;1493.03;1657.27;401.35
2028-10;882.73;788.39;1276.77;452.38
2028-10;543;1474.53;1064.84;283.89
2028-11;583.12;949.17;1714.42;264.63
2028-11;841.53;1467.71;1742.7;206.79
2028-11;872.63;1266.81;1348.17;338.5
2028-11;637.5;1423.05;1726.59;473.21
2028-11;735.52;886.94;1312.97;220.59
2028-11;595.86;1184.93;NA;384.84
2028-11;367.32;894.19;1047.22;233.99
2028-11;633.94;1167.26;1027.43;407.65
2028-11;790.58;990.81;1083.14;235.69
2028-11;937.4;816.97;1351.73;305.48
2028-11;943.76;1115.19;1883.37;202.83
2028-11;612.54;960.26;1583.63;299.74
2028-11;743.99;1444.63;1489.22;470.19
2028-11;920.87;1462.23;1863.66;348.11
2028-11;804.92;798.57;1390.57;340.78
2028-11;519.21;783.33;1813.06;324.64
2028-11;425.35;1484.93;1072.35;410.72
2028-11;603.1;782.48;908.6;431.45
2028-11;856.49;1298.77;1389.3;331.19
2028-11;488.89;1279.2;904.05;310.23
2028-11;860.72;907.97;1491.33;317.98
2028-11;570.69;1328.48;1352.36;212.94
2028-11;595.91;772.37;1164.64;405.41
2028-11;365.26;817.63;1866.71;299.23
2028-11;923.36;1107.77;1388.6;265.53
2028-11;384.52;1284.45;1074.72;322.03
2028-11;376.69;850.02;1575.88;296.1
2028-11;573.3;1439.38;1016.27;327.57
2028-11;504.63;761.38;1529.2;337.85
2028-11;419.65;1054.75;1897.51;351.83
2028-12;444.26;1336.06;1684.61;337.74
2028-12;500.87;929.88;1237.62;293.16
2028-12;810.33;1103.34;1534.63;233.05
2028-12;562.2;814.02;1238.55;206.01
2028-12;852.64;795.49;1405.27;314.47
2028-12;505.22;1146.54;1508.18;225.4
2028-12;742.95;832.6;1883.95;259.85
2028-12;948.65;1245.39;1839.89;459.61
2028-12;547.53;889.44;1880.8;372.6
2028-12;586.81;1116.6;1468.61;287.29
2028-12;557.41;911.41;1341.96;448.33
2028-12;478.65;1176.6;1123.29;252.63
2028-12;361.04;1093.26;1290.86;426.03
2028-12;403.98;1024.74;1577.62;425.89
2028-12;455.11;1344.93;1075.63;377.29
2028-12;577.03;1058.1;1346.76;249.8
2028-12;685.64;962.49;1050.03;456.25
2028-12;608.93;1384.42;1560.9;469.17
2028-12;514.52;1076.07;906.87;226.96
2028-12;594.89;1294.37;1157.99;347.07
2028-12;861.14;1006.67;905.05;464.92
2028-12;366.74;1273.87;1469.39;289.3
2028-12;858.92;983.85;1050.68;343.27
2028-12;537.04;1173.38;1481.44;232.68
2028-12;653.62;1313.24;1105.78;326.94
2028-12;861.71;1463.62;1156.53;344.12
2028-12;918.29;1158.97;1410.3;478.33
2028-12;882.21;893.96;1865.75;231.92
2028-12;782.68;1338.69;1711.16;236.54
2028-12;818.92;1185.11;1155.58;393.89
2028-12;638.96;917.28;1641.64;240.75
2029-01;897.11;1377.77;1488.67;234.57
2029-01;678.34;1313.28;1229.94;214.68
2029-01;918.29;1451.77;1437.69;376.22
2029-01;917.02;1250.17;1915.42;345.9
2029-01;830.88;984.25;1228.36;395.21
2029-01;638.16;1431.52;1389.19;364.08
2029-01;828.25;966.59;1012.52;209.09
2029-01;861.28;1220.85;1850.61;379.37
2029-01;922.65;1080.39;917.93;445.43
2029-01;541.98;1109.53;1469.07;296.21
2029-01;919.41;1089.66;1365.31;375.76
2029-01;633.46;1155.02;1064.97;247.26
2029-01;572.78;886.52;1765.58;476.5
2029-01;388.87;989.73;1072.68;442.63
2029-01;477.74;1109.26;1899.97;469.83
2029-01;600.74;772.55;1845.32;398.07
2029-01;415.03;1285.09;1942.23;348.18
2029-01;430.34;1148.21;1578.12;291.04
2029-01;769.91;1376.66;1070.21;465.71
2029-01;427.62;842.59;1908.86;411.6
2029-01;360.64;756.67;1820.02;360.31
2029-01;474.46;1068.25;942.71;273.63
2029-01;788.06;1209.32;1606.8;321.49
2029-01;696.76;1442.19;1679.1;320.47
2029-01;379.97;1461.35;978.02;398.24
2029-01;875.79;790.14;1658.95;386.84
2029-01;444.94;1468.4;1470.56;309.52
2029-01;752.04;964.14;1418.29;272.93
2029-01;506.96;1167.22;1001.18;454.99
2029-01;930.88;952.54;1014.84;316.9
2029-01;918.17;1393.02;1772.76;331.93
2029-02;523.79;1244.04;1843.38;230.98
2029-02;783.6;977.84;1662.98;255.73
2029-02;542.87;1017.27;1657.19;385.8
2029-02;945.22;1174.47;1018.14;428.05
2029-02;771.79;776.23;1330.68;226.01
2029-02;675.64;1190.35;1041.56;273.91
2029-02;738.07;1349.94;1306.39;423.22
2029-02;693.03;883.18;1885.43;302.27
2029-02;674.5;1099.69;1110.33;337.08
2029-02;781.81;937.23;1837.59;220.27
2029-02;646.38;788.09;922.8;355.66
2029-02;739.83;1131.37;1400.81;303.63
2029-02;424.2;1282.49;1713.33;350.01
2029-02;939.45;1489.75;1535.67;300.12
2029-02;625.71;993.47;1311.3;352.31
2029-02;457.76;1176.48;1378.05;355.6
2029-02;520.25;1030.51;1173.26;431.4
2029-02;526.75;785.88;1459.33;339.17
2029-02;836.35;1179.02;1719.56;384.94
2029-02;763.06;1215.26;946.41;432.88
2029-02;479.67;1408.04;1688.14;295.74
2029-02;611.7;859.19;1489.55;330.07
2029-02;630.27;1498.78;1713.47;445.26
2029-02;457.86;1334.39;1030.56;359.37
2029-02;671.42;1153.46;1229.95;427.22
2029-02;697.54;1129.84;1534.72;453.56
2029-02;851.06;1340.68;1267.17;272.94
2029-02;471.32;794;993.16;455.36
2029-03;686.49;945.36;1548.24;318.45
2029-03;823.27;831.09;1281.97;375.41
2029-03;400.61;754.24;988.57;302.71
2029-03;575.43;1353.46;1787.35;365.18
2029-03;530.4;869.75;1616.71;375.57
2029-03;946.26;1041.64;1262.7;342.58
2029-03;783.83;1241.27;1064.47;295.98
2029-03;790.06;1438.81;1477.17;450.21
2029-03;617.88;1249.09;1048.89;265.91
2029-03;694.98;967.83;1183.21;288.6
2029-03;657.85;1401.84;1070.4;262.8
2029-03;902.15;1389.91;1716.19;206.5
2029-03;830.54;982.68;1170.44;439.56
2029-03;439.01;1374.96;1938.22;216.36
2029-03;477.71;951.54;1244.46;206.62
2029-03;750.84;953.34;1893.49;344.39
2029-03;936.37;951.23;1265.18;447.81
2029-03;483.04;1334.73;1550.7;416.27
2029-03;635.72;1198.13;1417.89;267.84
2029-03;867.35;1356.13;1299.8;291.77
2029-03;906.17;942.53;942.28;280.08
2029-03;612.28;1077.44;1138.86;212.87
2029-03;435.3;1409.12;1757.91;400.07
2029-03;571.85;857.67;1401.06;356.67
2029-03;817.22;1426.83;1497.67;321.56
2029-03;821.48;967.31;1232.14;256.98
2029-03;816.21;897.02;1054.63;296.32
2029-03;427.98;845.07;1372.62;374.6
2029-03;888.85;970.15;1816.2;375.34
2029-03;943.18;1197.54;1443.68;466.72
2029-03;741.6;1152.9;1789.47;225.46
2029-04;554.96;1303.63;1682.76;376.85
2029-04;816.68;1161.44;1496.32;363.91
2029-04;744.64;859.81;905.75;221.27
2029-04;861.16;1196.23;1141.41;226.04
2029-04;507.18;1245.14;1065.11;348.98
2029-04;823.18;929.35;1611.64;410
2029-04;548.52;997.09;1816.77;384.95
2029-04;589.42;1133.57;1709.94;467.93
2029-04;831.4;888.18;1771.27;336.62
2029-04;526.94;1068.05;942.99;427.72
2029-04;557.12;1361.59;917.02;307.56
2029-04;599.59;1355.15;1920.9;377.6
2029-04;702.19;980.31;1745.36;475.89
2029-04;899.39;1142.72;1413.89;363.83
2029-04;821.2;1384.1;1161.27;333.52
2029-04;760.16;1128.23;1255.74;235.35
2029-04;413.95;873.83;1418.88;250.49
2029-04;465.41;1230.75;1656.1;236.42
2029-04;413.73;1044.71;NA;310.32
2029-04;589.66;767.69;934.68;292.69
2029-04;522.88;1315.9;1800.97;213.82
2029-04;405.29;999.37;1455.61;349.18
2029-04;898.59;1439.23;1101.17;478.54
2029-04;663.93;800.04;1456.33;252.51
2029-04;489.14;1155.49;1704.92;257.18
2029-04;626.96;1437.46;921.31;230.23
2029-04;360.12;1193.31;1213.99;386.14
2029-04;916.43;900.13;921.45;440.14
2029-04;587.9;1051.9;1433.91;345.74
2029-04;852.81;1426.19;1273.16;422.98
2029-05;821.2;1125.22;1564.65;342.67
2029-05;459.89;1040.6;970.66;348.51
2029-05;602.41;1195.81;1258.91;306.12
2029-05;447.39;1162.08;1555.73;336.53
2029-05;608.84;1178.5;1616.74;281.64
2029-05;445.55;919.66;1279.17;468.1
2029-05;357.14;1238.74;1391.48;409.93
2029-05;728.48;980.61;944.24;272.62
2029-05;671.63;1128.37;1905.65;435.5
2029-05;592.36;878.5;1294.17;266.3
2029-05;693.44;928.41;1283.7;384.16
2029-05;464.67;924.59;1410.09;374.91
2029-05;362.35;1032.73;1647.11;304.72
2029-05;580.87;921.05;1383.32;322.72
2029-05;926.86;1410.12;1464.68;452.94
2029-05;854.15;1219.69;1511.82;215.21
2029-05;496.88;1459.77;1504.09;269.55
2029-05;748.15;1198.25;1063.69;386.1
2029-05;677.37;854.85;928.32;444.4
2029-05;849.26;1154.94;1593.99;434.93
2029-05;497.83;846.16;1679.68;376.73
2029-05;818.17;1375.46;1300.32;382.79
2029-05;858.93;963.52;1851.03;404.62
2029-05;605.45;1310.55;1851.38;266.72
2029-05;795.37;1303.14;1713.53;236.05
2029-05;450.45;1070.88;900.2;343.16
2029-05;448.45;1185.16;1559.13;397.65
2029-05;369.87;1232.91;1191.45;246.73
2029-05;377.52;1371.18;1908.58;346.77
2029-05;885.33;1142.11;1424.81;357.29
2029-05;700.52;1130.58;1702.33;436.65
2029-06;622.61;1391.07;1407.52;302.09
2029-06;862.58;1478;1535.33;276.75
2029-06;566.94;948.11;920.31;279.55
2029-06;524.15;977.49;1535.48;304.76
2029-06;545.76;1469.19;1649.42;250.06
2029-06;679;973.26;1773.76;358.22
2029-06;756.03;795.49;1189.9;468.07
2029-06;928.77;1060.2;1917.49;287.45
2029-06;673.84;752.01;1407.93;269.31
2029-06;590.46;941.5;1348.57;466.19
2029-06;476.83;969.74;1565.07;211.14
2029-06;489.05;1064.71;1393.38;271.69
2029-06;900.24;1043.5;1268.93;211.01
2029-06;770.83;807.58;1362.44;295.67
2029-06;838.3;1312.37;952.17;310.57
2029-06;466.83;804.71;1700.61;201.88
2029-06;607.11;1308.22;1613.96;473.5
2029-06;641.08;869.06;1712.21;241.3
2029-06;372.4;809.44;NA;280.9
2029-06;896.12;895.86;1443.62;219.29
2029-06;655.2;970.29;1073.37;442.68
2029-06;653.01;1308.43;1805.57;389.14
2029-06;710.32;1275.57;1772.72;343.42
2029-06;835.72;1095.93;1718.42;334.58
2029-06;747.16;819.4;1332.54;327.62
2029-06;415.82;1406.96;1287.2;422.38
2029-06;883.26;1323.11;1352.11;215.95
2029-06;798.14;1057.74;1516.64;363.78
2029-06;889.87;791.9;1756.11;211.34
2029-06;572.45;1108.65;1176.79;243.93
2029-07;354;950.33;1545.07;445.35
2029-07;580.1;796.39;1154.5;326.32
2029-07;533.66;1484.5;1602.31;202.27
2029-07;539.19;864.5;NA;274.24
2029-07;455.23;966.67;1700.21;294.63
2029-07;478.28;1371.88;1290.51;330.24
2029-07;833.94;1378.86;1418.81;364.06
2029-07;459.38;1099.08;969.51;464.96
2029-07;731.63;957.67;1560.59;317.25
2029-07;613.69;1079.92;1662.77;354.51
2029-07;593.08;865.92;1367.45;375.78
2029-07;559.07;754.12;1498.04;351.12
2029-07;582.26;1470.26;1883.79;212.56
2029-07;639.29;988.87;1712.2;343.76
2029-07;642.52;1279.69;1155.84;479.02
2029-07;844.59;1405.92;1571.54;385.38
2029-07;671.68;869.96;1900.22;471.27
2029-07;685.08;1057.11;977.04;400.79
2029-07;868.69;836.03;915.5;312.12
2029-07;886.83;1001.89;981.81;348.72
2029-07;687.65;1402.17;943.62;327.76
2029-07;511.23;1489.63;1944.86;324.51
2029-07;499.93;806.15;1612.41;318.4
2029-07;478.59;965.04;909.84;340.34
2029-07;406.26;986.97;1497.32;454.69
2029-07;869.74;1076.63;1703.25;200.77
2029-07;781.56;1060.19;1668.01;294.95
2029-07;941.32;800.71;904.35;278.26
2029-07;879.76;1373.75;1057.96;410.58
2029-07;590.93;1288.42;1859.29;293.45
2029-07;941.42;820.31;1708.32;357.85
2029-08;511.45;1386.26;1071.74;401.82
2029-08;765.87;1163.49;NA;389.4
2029-08;947.9;1039.81;1894.07;223.16
2029-08;515.5;889.52;1587.59;367.96
2029-08;576.65;1264.4;1036.29;306.24
2029-08;582.2;1225.14;939.94;203
2029-08;392.77;1327.97;NA;344.53
2029-08;442.19;1214.59;1392.17;285.94
2029-08;633.23;979.98;1568.12;416.04
2029-08;868.57;832.98;1145.02;209.29
2029-08;540.61;955.92;1020.89;245.85
2029-08;535.29;910.26;1426.1;221.85
2029-08;819.11;754.75;1334.21;391.71
2029-08;589.35;1290.33;1084.45;409.88
2029-08;703.87;772.61;1365.38;438.16
2029-08;767.2;895.88;1135.34;461.02
2029-08;655.79;1216.77;1505.29;429.57
2029-08;925.22;1139.5;1717.09;382.96
2029-08;786.93;975.37;958.81;477.47
2029-08;654.11;943.11;1692.66;326.57
2029-08;398.35;1170.03;1776.08;256.21
2029-08;597.06;1436.93;1438.26;201.46
2029-08;620.8;825.99;1514.32;366.83
2029-08;857.18;1108.27;1725.7;214.76
2029-08;492.07;1417.35;1317.31;279.01
2029-08;461.26;1127.13;1660.41;312.66
2029-08;642.63;981.13;1703.79;312.76
2029-08;633.09;1319.75;930.79;218
2029-08;516.34;1271.59;1249.65;266.49
2029-08;900.07;829.23;1288.19;239.26
2029-08;750.36;1237.51;1729.33;218.69
2029-09;382.98;996.79;1344.23;254.15
2029-09;768.1;1389.63;1709.45;405.61
2029-09;756.68;1097.59;1252.03;311.2
2029-09;580.65;1272.63;1621.11;406.79
2029-09;395.14;776.49;1051.83;203.27
2029-09;661.36;1011.82;1103.94;300.15
2029-09;356.83;1138.68;1278.83;379.97
2029-09;665.9;1060.19;907.96;408.65
2029-09;908.28;1085.89;1340.71;214.56
2029-09;430.38;996.41;1898.52;247.76
2029-09;906.98;796.15;1904.78;329.67
2029-09;660.36;1167.53;1822.29;262.83
2029-09;586.43;1195.4;1533.94;445.56
2029-09;615.46;935.94;1781.67;470.45
2029-09;757.9;1314.78;925.81;360.17
2029-09;780.9;1453.63;1935.24;426.34
2029-09;536.51;1041.44;1341.3;215.26
2029-09;606.39;1412.47;1941.41;289.57
2029-09;663.56;1211.35;1818.01;443.72
2029-09;748.91;1443.07;1091.49;376.66
2029-09;769.67;1301.47;1585.02;219.4
2029-09;458.06;1464.44;1368.78;303.58
2029-09;413.52;1318.87;1788.37;474.13
2029-09;919.99;1443.18;1413.46;437.31
2029-09;707.53;1077.71;1781.31;320.66
2029-09;895.21;967.7;1410.96;283.56
2029-09;633.17;921.91;1807.99;415.96
2029-09;669.32;764.87;1137.7;211.02
2029-09;812.02;767.77;1108.93;306.84
2029-09;420.06;761.09;1761.69;338.66
2029-10;669.22;1360.32;1305.85;226.9
2029-10;418.37;832.18;1079.93;452.85
2029-10;500.28;1323.91;1837.09;209.69
2029-10;821.21;1239.92;1842.64;299.91
2029-10;519.44;1103.91;1944.94;261.29
2029-10;679.51;962.03;1190.94;372.67
2029-10;435.55;776.72;1378.13;313.16
2029-10;569.69;876.9;1071.72;252.01
2029-10;550.73;1232.69;1346.52;208.45
2029-10;473.09;1341.35;1180.41;385.99
2029-10;911.37;1089.09;1876.74;305.63
2029-10;560.74;1330.61;1660.64;430.75
2029-10;696.5;865.69;1370.11;303.45
2029-10;857.94;891.58;1406.37;225.86
2029-10;418.86;822.87;1207.71;414.77
2029-10;922.89;886.4;1122.93;269.59
2029-10;844.92;1094;1812.09;292.14
2029-10;400.32;1123.7;1908.24;292.38
2029-10;941.62;1345.96;1552.51;225.18
2029-10;767.91;963.9;1133.69;370.99
2029-10;611.72;1438.72;1218.1;430.24
2029-10;470.16;1174.62;1216.25;363.09
2029-10;682.85;947.32;1914.3;445.29
2029-10;728.59;776.54;1424.59;263.26
2029-10;595.34;1276.54;1321.1;328.54
2029-10;879.57;1074.99;1779.56;323.04
2029-10;377.38;1169.17;934.14;343.9
2029-10;905.27;1034.18;1079.91;407.38
2029-10;867.03;840.28;1210.8;304.88
2029-10;795.22;1077.84;1312.15;333.89
2029-10;556.23;1262;1737.09;289.51
2029-11;662.09;1396.78;1620.8;423.52
2029-11;490.2;1209.78;1856.97;447.48
2029-11;684.23;878.49;909.41;472.67
2029-11;767.55;1468.12;1532.43;412.07
2029-11;568.37;991.17;943.07;405.71
2029-11;541.39;1070.55;NA;312.75
2029-11;366.6;981.81;1119.48;285.71
2029-11;667.97;849.64;1851.57;441.15
2029-11;425.16;1301.35;1835.94;391.9
2029-11;860.71;1265.04;1412.78;274.51
2029-11;918.73;1277.05;1250.29;403.79
2029-11;855.66;993.96;1442.99;441.64
2029-11;931.45;1360.01;1613.88;331.68
2029-11;391.84;1074.83;1417.08;269.37
2029-11;424.17;812.33;1349.96;249.55
2029-11;653.92;1320.98;1499.16;437.51
2029-11;608.85;1392.76;1134.68;265.8
2029-11;418.67;1059.05;1614.22;381.39
2029-11;677.66;838.96;1443.27;364.1
2029-11;845.2;1173.94;1551.83;318.34
2029-11;945.73;865.19;1485.79;405.42
2029-11;896.57;829.48;1454.19;382.6
2029-11;554.18;879.19;1719.34;367.17
2029-11;870.4;990.64;1052.5;376.57
2029-11;606.81;1399.67;1126.75;244.33
2029-11;454.09;1124.82;996.05;466.07
2029-11;631.79;1450.36;1403.04;261.77
2029-11;577.35;1465.95;1587.26;335.49
2029-11;451.71;1470.18;1530.01;386.74
2029-11;596.68;1428.51;1027.77;344.44
2029-12;834.05;1237.68;1354.46;233.48
2029-12;621.69;1063.2;923.65;208.21
2029-12;435.64;926.19;1443.28;258.58
2029-12;681.77;1176.45;1405.55;261.52
2029-12;528.14;1063.31;1546.4;437.85
2029-12;746.66;1428.15;1704.71;247.68
2029-12;623.16;926.22;1369.08;362.71
2029-12;636.9;1037.36;1892.75;425.66
2029-12;579.1;875.87;1402.54;250.13
2029-12;900.1;1312.4;1175.88;407.29
2029-12;578.32;1055.38;1560.89;351.37
2029-12;385.34;1137.35;1138.85;306.27
2029-12;353.03;1484.56;1491.92;250.54
2029-12;934.54;858.2;1808.92;281.53
2029-12;932.28;816.02;1532.48;231.14
2029-12;881.36;927.25;1592.35;425.09
2029-12;605.22;819.92;1502.2;212.57
2029-12;905.88;1405.97;NA;253.89
2029-12;659.3;1441.63;1501.99;219.03
2029-12;612.78;773.05;NA;378.86
2029-12;861.28;1239.84;1799.24;241.75
2029-12;768.97;1070.73;1442.58;363.46
2029-12;888.28;1212.98;1577.53;382.28
2029-12;754.47;787.45;1437.42;441.5
2029-12;452.99;1449.99;NA;283.13
2029-12;745.88;1178.97;NA;351.77
2029-12;639.94;973.47;1643.28;383.66
2029-12;552.67;1417.31;1306.31;331.15
2029-12;597.09;1292.31;1521.11;374.33
2029-12;405.44;943.09;1548.67;365.8
2029-12;659.12;863.82;1047.08;465.74
2030-01;385.15;1281.29;1328.46;245.61
2030-01;431.04;896.74;1895.14;206.54
2030-01;889.12;871.97;965.65;251.76
2030-01;909.59;1456.72;1727.7;398.17
2030-01;638.85;1184;1063.89;312.64
2030-01;667.65;1416.17;1230.84;281.1
2030-01;763.05;769.03;1270.01;235.44
2030-01;905.89;816.75;1427.26;202.51
2030-01;453.12;1190.84;1130.81;389.99
2030-01;795.41;1297.21;1123.65;426.48
2030-01;372.1;811.74;1225.24;212.39
2030-01;457.47;931.77;1715.15;304.04
2030-01;814;1260;1531.4;358.54
2030-01;694.88;1334.92;1677.42;226.25
2030-01;457.44;1484.55;943.01;422.68
2030-01;702.63;794.43;1336.2;326.32
2030-01;484.03;803.09;1322.08;382.06
2030-01;797.38;1471.39;1529.15;393.1
2030-01;485.73;930.29;962.58;444.34
2030-01;879.68;1194.38;1429.44;442.45
2030-01;906.11;819.81;1451.12;402.63
2030-01;707.13;1079.78;1465.59;214.8
2030-01;831.68;1291.58;1504.46;333.34
2030-01;934.32;871.35;1312.01;259.27
2030-01;542.76;1478.87;960.09;228.41
2030-01;793.93;1389.08;1016.83;269.09
2030-01;615.39;1004.48;1931.41;315.4
2030-01;427.21;1469.52;1356.22;221.8
2030-01;773.25;1002.76;1350.91;381.9
2030-01;702.75;991.6;1842.42;300.79
2030-01;390.99;903.43;1163.03;236.82
2030-02;431.49;1034.55;963.29;398.21
2030-02;840.74;1031.9;1158.48;347.46
2030-02;730.84;1156.15;1941.22;281.56
2030-02;569.71;1259.67;1741.33;473.58
2030-02;470.22;1192.97;1581.2;336.98
2030-02;901.79;811.68;1067.16;450.43
2030-02;947.86;1303.82;1525;412.83
2030-02;475.37;1465.55;1566.54;250.49
2030-02;813.44;922.09;1729.59;316.07
2030-02;565.8;1274.04;1757.8;299.52
2030-02;883.13;954.89;1589.01;328.93
2030-02;600.66;891.65;1580.04;327.38
2030-02;448.6;777.52;964.4;279.65
2030-02;689.37;1395.67;1075.22;276.52
2030-02;889.03;1333.77;1684.59;422.25
2030-02;645.57;1460.05;NA;463.4
2030-02;882.44;1432.93;1724.03;280.01
2030-02;620.32;1417.65;1317.16;274.69
2030-02;646.6;1119.68;1196.21;258.42
2030-02;581.29;1367.13;1389.8;209.88
2030-02;946.37;1347.78;1542.61;257.09
2030-02;380.4;1376.5;974.56;451.72
2030-02;814.28;1006.75;1088.07;301.24
2030-02;521.13;1142.82;1643.75;264.3
2030-02;799.43;823.21;1380.33;201.19
2030-02;384.69;943.91;1852.3;429.77
2030-02;759.39;964.29;1745.19;268.34
2030-02;628.6;1223.61;1034.41;434.51
2030-03;601.9;1283.64;1302.89;434.52
2030-03;496.43;1219.73;1160.28;218.79
2030-03;829.27;1037.45;1014.14;357.7
2030-03;367.68;907.68;1464.71;252.72
2030-03;690.57;1406.59;1777.25;356.75
2030-03;778.08;1300.72;1182.79;214.95
2030-03;446.73;992.51;1805.09;452.08
2030-03;933.23;851.94;1691.41;287.73
2030-03;653.94;771.67;1802.49;408.8
2030-03;538.53;1432.99;1433.74;377.14
2030-03;831.79;1469.52;NA;427.76
2030-03;903.3;759.75;1245.13;330.9
2030-03;467.54;933.91;1145.63;234.73
2030-03;480.7;926.67;1412.86;245.97
2030-03;610.13;1138.95;1882.2;235.92
2030-03;928.49;1214.68;1488.19;206.32
2030-03;558.03;1078.86;1138.61;337.41
2030-03;696.35;912.9;1084.79;214.51
2030-03;695.58;879.37;1576.42;365.39
2030-03;779.63;848.71;1268.1;262.47
2030-03;845.75;1073.35;917.77;431.76
2030-03;499.48;1007.6;1544.55;228.22
2030-03;786.75;1098.73;1405.51;399.68
2030-03;562.66;767.4;1633.97;393.52
2030-03;496.96;947.06;1126.65;400.18
2030-03;513.34;880.58;1844.73;395.45
2030-03;579.56;1417.04;1784.07;209.6
2030-03;382.15;781.29;1888.11;320.56
2030-03;656.71;1429.02;1631.64;415.8
2030-03;508.18;1479.1;1751.89;203.54
2030-03;871.08;765.02;1419.71;464.77
2030-04;779.2;845.69;1463.59;462.06
2030-04;631.44;839.01;1945.34;292.45
2030-04;603.99;1389.52;1209.94;310.4
2030-04;805.53;854.22;1938.89;453.35
2030-04;501;1187.63;1035.75;473.25
2030-04;428.02;1372.09;1684.1;339.22
2030-04;395.82;773.63;1317.02;238.89
2030-04;523.42;901.21;1710.5;282.8
2030-04;943.84;1267.22;1884.46;316.83
2030-04;871.86;814.37;1813.28;449.4
2030-04;927.78;768.05;967.73;442.51
2030-04;411.33;918.63;1394.81;399.98
2030-04;936.79;1001.71;1793.09;228.17
2030-04;712.1;815.97;1899.56;305
2030-04;364.62;1031.51;926.46;293.61
2030-04;804.2;1484.09;1236.26;225.23
2030-04;518.76;832.62;NA;213.84
2030-04;491.68;1082.59;1108.14;428.06
2030-04;409.94;970;1089.27;363.45
2030-04;503.44;801.37;1707.1;250.31
2030-04;925.82;1136.11;1182.34;304.18
2030-04;780.37;980.41;1215.8;337.93
2030-04;760.31;866.29;1333.37;202.31
2030-04;449.95;1283.62;1142.43;206.91
2030-04;361.38;933.96;1849.89;469.52
2030-04;850.44;1193.2;1658.95;439.31
2030-04;617;933.59;1281.24;394.08
2030-04;540.73;827.52;1635.42;237.59
2030-04;671.1;797.9;1556.92;457.87
2030-04;667.97;1080.34;1810.1;451.26
2030-05;654.97;1010.48;1923.8;297.87
2030-05;511.7;1228.48;1515.31;323.72
2030-05;545.08;1358.6;1327.63;357.25
2030-05;729.94;1264.83;929.54;390.79
2030-05;689.27;755.4;1002.17;436.06
2030-05;919.76;1217.6;1812.94;294.16
2030-05;368.84;1089.44;1293.81;394.91
2030-05;780.76;1254.26;1882.51;327.83
2030-05;740.02;1284.29;1485.87;354.73
2030-05;693.86;1457.74;NA;323.55
2030-05;851.97;992;1930.6;335.19
2030-05;490.07;1251.46;1892.28;452.58
2030-05;441.87;1063.03;1376.74;267.99
2030-05;818.68;838.18;1111.04;245.91
2030-05;517.79;1094.73;1462.17;441.34
2030-05;560.66;1022.38;1006.4;275.48
2030-05;927.5;1203.72;1765.23;378.31
2030-05;427.18;1008.2;1191.26;202.38
2030-05;697.35;1433.54;1751.31;450.55
2030-05;603.72;1218.76;1322.68;370.3
2030-05;819.58;835.33;1765.79;309.67
2030-05;423.08;1046.91;1147.71;424.56
2030-05;843.66;893.5;1422.88;203.8
2030-05;905.62;1078.55;1202.07;418.96
2030-05;468.31;1075.26;1223.07;478.41
2030-05;885.09;1267.09;1283.54;287.66
2030-05;548.35;1412.67;1643.46;455.66
2030-05;541.95;984.05;947.6;407
2030-05;733.75;836.22;1600.25;437.6
2030-05;808.39;1104.85;1489.41;402.97
2030-05;802.47;1252.17;1255.69;443.73
2030-06;636.19;1291.49;1628.22;421.72
2030-06;602.11;894.06;1665.06;395.91
2030-06;419.36;1431.91;1651.9;412.61
2030-06;755.11;828.1;NA;205.2
2030-06;533.55;1282.88;1039.81;228.33
2030-06;561.53;1037.66;1793.2;314.15
2030-06;497.54;1206.56;915.19;336.21
2030-06;807.89;818.3;1087.04;366.25
2030-06;754.59;1469.14;1644.95;334.86
2030-06;690.82;1047.05;1257.48;473.76
2030-06;776.57;1208.62;NA;239.44
2030-06;908.91;1291.6;1219.08;462.81
2030-06;572.76;1345.32;1671.19;394.42
2030-06;852.15;1285.55;1313.34;237.36
2030-06;719.64;894.39;1663.91;433.27
2030-06;429.02;839.65;1037.71;440.39
2030-06;377.41;1435.71;1274.58;399.44
2030-06;743.43;1499.97;1863.31;458.84
2030-06;751.93;1234.25;1206.39;205.55
2030-06;714.3;1375.7;1044.93;301.86
2030-06;688.03;1098;1426.85;337.56
2030-06;799.48;1407.63;1321.66;299.66
2030-06;460.47;1403.46;1517.55;369.13
2030-06;634.89;1288.48;1588.68;293.29
2030-06;479.39;1325.76;1382.63;441.2
2030-06;846.76;932.76;1309.54;269.8
2030-06;537.59;1416.17;1755.6;424.22
2030-06;447.1;1288.2;1779.54;233.4
2030-06;438.74;1162.4;981.28;232.47
2030-06;883.96;982.48;1009.27;396.2
2030-07;471.45;872.09;1081.37;428.96
2030-07;915.15;1270.52;1824.51;283.89
2030-07;735.96;1076.91;1150.19;261.54
2030-07;847.57;1364.81;981.33;436.29
2030-07;472.78;1146.63;1609.68;321.29
2030-07;505.76;1165.57;1662.73;360.95
2030-07;597.01;874.5;1408.79;289.51
2030-07;407.87;1304.32;1320.3;355.65
2030-07;558.54;916.46;1817.59;427.02
2030-07;689.07;1281.77;1783.99;414.72
2030-07;907.67;1056.8;1282.86;358.72
2030-07;690.73;1136.19;NA;222.96
2030-07;802.07;1380.74;1285.94;418.91
2030-07;841.69;1073.18;1656.33;416.38
2030-07;753.19;1165.77;1681.85;462.55
2030-07;682.74;1246.74;1459.7;357.21
2030-07;808.36;757.1;905.3;397.05
2030-07;403.26;1240.2;1483.27;453.41
2030-07;856.6;1042.55;1573.69;463.32
2030-07;739.37;1139.08;1885.51;444.3
2030-07;502.02;1133.12;1740.75;281.65
2030-07;875.25;842.7;1838.66;429.71
2030-07;539.96;906.18;1553.35;396.1
2030-07;797.71;1068.38;935.87;382.93
2030-07;382.89;1264.12;1724.22;286.5
2030-07;375.75;1156.93;957.07;303.27
2030-07;591.53;1187.24;1221.09;284.37
2030-07;368.48;760.88;1737.7;341.73
2030-07;829.37;1116.32;1195.86;368.3
2030-07;461.34;1402.59;1429.07;477.36
2030-07;725.3;1142.82;1920.46;456.52
2030-08;722.09;1062.83;1004.06;389.98
2030-08;481.31;1050.29;1437.53;443.95
2030-08;554.81;1494.1;1409.11;359.3
2030-08;493;1378.67;1128.36;226.91
2030-08;812.89;1232.56;1900.26;224.4
2030-08;401.25;996.86;1469.95;281.38
2030-08;638.71;963.15;1051.9;330.78
2030-08;774.24;1058.02;1861.48;348.38
2030-08;551.93;1334.89;1630.13;401.07
2030-08;932.09;1140.66;1455.98;310.72
2030-08;896.87;1152.71;974.1;434.7
2030-08;853.54;858.37;1537.79;474.27
2030-08;467.34;931.2;1397.17;266.24
2030-08;876.16;1383.33;1181.29;263.46
2030-08;858.88;1161.75;1471.36;402.45
2030-08;754.13;804.56;1109.07;263.56
2030-08;677.51;1340.3;1810.97;279.72
2030-08;766.54;1372;NA;204.88
2030-08;384.05;1266.51;1704.15;293.69
2030-08;636.37;1283.84;1523.66;353.74
2030-08;641.99;1496.7;1796.69;249.91
2030-08;411.51;755.72;1106.24;444.7
2030-08;931.34;1340.82;1053.47;275.47
2030-08;622.28;1341.71;1281.01;341.07
2030-08;833.89;990.04;1909.56;478.33
2030-08;886.72;1216.02;1133.11;433.37
2030-08;851.8;1355.98;971.35;447.49
2030-08;421.46;832.5;1337.21;288.47
2030-08;720.64;1449.11;1586.37;265.57
2030-08;885.23;1193.42;1023.82;360.61
2030-08;765.74;958.43;1802.47;439.94
2030-09;658.1;1024.58;NA;284.83
2030-09;528.28;973.64;911.71;479.63
2030-09;677.28;887.12;1928.69;394.35
2030-09;777.39;1406.05;1870.26;455.79
2030-09;626.64;1202.96;1234.42;347.81
2030-09;508.55;1007.75;1192.21;224.37
2030-09;454.52;944.56;1675.66;396.27
2030-09;817.78;1054.25;1310.52;287.83
2030-09;714.49;1460.27;1683.11;253.57
2030-09;551.71;939.63;1363.94;478.55
2030-09;597.5;1005.91;1335.68;269.57
2030-09;742.63;957.33;1812.21;257.21
2030-09;357.66;939.22;1349.77;465.94
2030-09;613.07;860.77;1416.64;343.05
2030-09;597.98;1175.16;912.93;441.58
2030-09;603.62;880.91;1689.07;422.38
2030-09;858.82;1235.51;1886.08;380.08
2030-09;371.75;1187.34;1529.87;319.36
2030-09;669.31;1061.58;1759.6;417.49
2030-09;542.31;890.51;1104.2;277.25
2030-09;394.88;1109.37;1150.51;477.86
2030-09;367.33;864.76;1250.71;399.12
2030-09;923.05;1092.15;903.75;320.1
2030-09;704.57;1033.07;1866.8;376.09
2030-09;512.2;1103.26;1606.2;366.14
2030-09;516.3;1336.12;1166.84;285.12
2030-09;841.1;854.14;1461.3;399.2
2030-09;653.1;812.24;1110.91;346.1
2030-09;694.45;1131.03;1505.49;307.04
2030-09;917.79;1250.46;1499.37;229.76
2030-10;501.29;1492.53;1707.84;387.67
2030-10;719.27;1272.85;1603.97;295.23
2030-10;389.67;768.52;NA;474.43
2030-10;465.57;1376.77;1813.31;283.07
2030-10;645.83;1055.02;1896.87;303.24
2030-10;693.65;906.66;1251.77;422.72
2030-10;906.82;806.73;1732.48;391.61
2030-10;353.59;1441.22;1433.92;359.21
2030-10;738.66;946.74;1205.76;369.06
2030-10;799.49;912.79;1903.16;248.12
2030-10;747.02;925.92;1401.41;328.57
2030-10;419.65;1181.11;1632.12;355.28
2030-10;762.81;1484.77;1051.44;244.52
2030-10;375.16;798.92;1821.38;336.6
2030-10;531.21;1421.88;1244.26;400.42
2030-10;850.71;1274.61;1575.93;418.42
2030-10;932.01;766.12;1374.9;206.58
2030-10;915.12;1246.53;1882.9;250.49
2030-10;646.63;1001.76;1437.58;243.26
2030-10;671.6;1060.91;925.52;405.83
2030-10;465.88;963.01;1152.33;263.29
2030-10;881.88;1112.72;1454.77;384.19
2030-10;430.26;1464.77;1852.74;333.74
2030-10;651.58;919.21;1213.09;352.07
2030-10;848.75;1233.51;973.32;213.94
2030-10;533.35;1206.85;913.77;235.64
2030-10;936.87;770.75;1424.47;410.37
2030-10;827.57;859.85;1690.36;401.77
2030-10;786.53;976.71;1923.56;384.03
2030-10;734.06;1198.44;1454.21;474.28
2030-10;409.94;1158.72;1714.03;447.47
2030-11;608.78;1279.99;1756.41;389.58
2030-11;931.47;1345.43;1572.14;428.81
2030-11;682.22;768.58;1596.39;294.25
2030-11;664.28;963.58;1687.69;350.92
2030-11;830.14;1123.23;1593.96;445.15
2030-11;734.5;1497.65;1779.06;223.94
2030-11;685.49;858.24;1129.04;448.87
2030-11;686.65;1192.1;1426.38;311.31
2030-11;840.24;971.19;1005.69;233.45
2030-11;424.3;1214.22;983;404.34
2030-11;906.81;1103.91;1705.04;295.32
2030-11;759.06;1014.23;1267.93;251.18
2030-11;648.31;1192.73;1280.14;436.59
2030-11;855.19;1282.88;1241.99;423.69
2030-11;909.11;818.52;1319.26;296.33
2030-11;492.26;1463.66;1434.45;412.95
2030-11;773.03;1419.17;1731.57;265.73
2030-11;794.47;1499.08;1135.44;382.18
2030-11;472.5;903.1;1832.75;262.46
2030-11;898.13;1441.04;1294.54;383.09
2030-11;462.63;819.89;1088.65;445.23
2030-11;384.45;1262.22;1700.27;244.33
2030-11;482.82;853.96;1825.09;234.65
2030-11;782.17;1164.01;1017.99;277.3
2030-11;642.89;952.54;1797;422.66
2030-11;775.26;1002.48;1303.01;355.59
2030-11;598.33;1419.56;1890.14;434.73
2030-11;614.27;1386.02;1144.86;388.68
2030-11;844.73;862.36;1537.89;391.12
2030-11;903.64;1344.08;1200.69;309.89
2030-12;718.15;1294.5;1702.7;255.08
2030-12;765.18;866.06;1365.3;358.62
2030-12;467.76;1407.56;1949.17;296.47
2030-12;421.93;792.47;1551.68;466.36
2030-12;877.34;1441.97;1303.47;231.14
2030-12;678.64;1245.19;1484.79;454.46
2030-12;885.36;1054.66;978.8;234.32
2030-12;834.18;811.43;1073.53;378.57
2030-12;588.5;1165.52;1017.77;310.9
2030-12;755.19;1331.96;1658.77;212.45
2030-12;817.71;1144.14;1405.96;422.32
2030-12;633.77;1234.3;974.34;236.25
2030-12;734.17;1057.49;1559.28;201.4
2030-12;632.03;775.88;1897.9;275.19
2030-12;918.06;1359.65;1811.71;393.08
2030-12;607.7;1304.91;1561.66;429.5
2030-12;607.81;1301.79;1495.65;436.81
2030-12;416.66;1418.14;1461.68;280.14
2030-12;913.37;1061.47;1748.08;250.85
2030-12;707.34;1181.1;1539.89;286.39
2030-12;677.06;1088.29;1644.53;216.66
2030-12;579.33;1246.94;1213.27;353.08
2030-12;503.22;885.5;1826.69;230.56
2030-12;864.61;1042.8;970.31;282.36
2030-12;683.81;1324.55;1835.16;448.18
2030-12;764.73;1261.63;1701.4;472.74
2030-12;559.9;1138.25;1591.72;229.51
2030-12;518.44;1368.63;1453.55;421.32
2030-12;630.13;1003.71;925.73;232.93
2030-12;654.76;1345.4;1380.32;259.03
2030-12;914.47;992.93;975.26;323.34
2031-01;607.25;910.09;1120.28;364.92
2031-01;632.88;1072.4;927.07;451.98
2031-01;891.65;1372.05;1848.81;399.48
2031-01;619.3;1459.4;1552.24;263.57
2031-01;644.3;858.98;1168.66;243.95
2031-01;724.15;921.29;1103.34;373.73
2031-01;614.74;1213.61;1438.74;237.11
2031-01;886.31;1282.97;1877.41;444.54
2031-01;586.43;1292.74;1823.88;455.98
2031-01;722.67;1379.33;1943.23;396.43
2031-01;359.36;1448.03;1932.33;329.21
2031-01;642.67;950.06;1797.45;207.41
2031-01;416.28;1173.04;1376.8;414.01
2031-01;476.55;1119.83;1529.41;242.2
2031-01;900.47;1461.88;1898.04;332.9
2031-01;760.94;1409.07;1559.52;471.39
2031-01;885.64;883.15;903.18;382.2
2031-01;470.85;1095.75;1672.5;205.99
2031-01;695.22;792.73;996.19;303.81
2031-01;668.23;1499.21;1509.3;414.1
2031-01;463.27;1461.68;1026.54;371.96
2031-01;577.6;807.61;1452.89;261.31
2031-01;566.76;862.89;922.17;359.76
2031-01;801.57;845.15;1184.55;250.97
2031-01;613.83;1177.68;1626.14;261.81
2031-01;833.25;900.25;1072.85;231.56
2031-01;792.45;1190.88;998.34;285.32
2031-01;492.42;1313.32;1457.86;439.4
2031-01;646.97;1185.02;1337.37;264
2031-01;620.24;1054.28;1384.65;253.94
2031-01;624.73;1402.19;1219.1;271.98
2031-02;932.01;917.53;1755.56;423.87
2031-02;376.26;1450.17;1568.61;448.46
2031-02;637.97;929.13;1537.37;421.75
2031-02;360.26;1391.7;1518.02;400.3
2031-02;749.39;927.08;1064.86;438.07
2031-02;502.09;1493.63;996.58;432.08
2031-02;539.23;881.57;1552.99;311.92
2031-02;560.2;1028.13;1265.82;413.47
2031-02;917.58;1317.03;1607.61;234.13
2031-02;494.28;1113.3;1068.13;300.24
2031-02;677.4;1498.06;1218.05;468.72
2031-02;852.38;1356.15;1248.89;441.85
2031-02;472.9;867.08;1031.8;336.78
2031-02;501.58;967.51;1622.74;399.52
2031-02;723.98;884.22;1730.89;429.11
2031-02;422.81;1089.11;1710.31;296.36
2031-02;775.13;765.89;1772.26;475.92
2031-02;895.95;902.29;1500.89;226.53
2031-02;911.96;928.59;1072.31;314.38
2031-02;694.54;1358.39;1725.34;437.1
2031-02;459.65;1062;1831.76;247.66
2031-02;381.35;1110.26;967.37;210.22
2031-02;661.57;1488.27;1196.65;330.02
2031-02;420.75;1267.4;1553.69;273.26
2031-02;669.84;956.85;1618.94;256.07
2031-02;948.18;1246.22;1626.55;256.35
2031-02;445.94;911.3;1712.4;395.85
2031-02;379.17;985.76;1663.32;327.39
2031-03;567.1;905.43;1741.59;323.16
2031-03;558.89;1379.47;1917.41;292.11
2031-03;390.59;1213.54;1422.14;325.7
2031-03;812.63;1157.52;1524.33;308.06
2031-03;405.92;1476.25;941.3;225.47
2031-03;698.33;790.02;1668.96;374.94
2031-03;918.81;1115.09;1196.83;320.85
2031-03;937.1;866.5;1318.7;264.91
2031-03;902.57;773.59;1772.67;399.39
2031-03;478.6;804.32;1132.08;366.86
2031-03;878.71;1185.03;1576.44;447.14
2031-03;786.43;1468.42;1231.64;237.17
2031-03;791.64;1148.1;1429.44;239.6
2031-03;608.93;921.2;1468.65;245.29
2031-03;500.18;1403.45;1046.86;442.85
2031-03;806.79;1055.82;1619.19;394.12
2031-03;362.2;1343.25;1071.6;239.47
2031-03;836.52;1248.24;1617;293.24
2031-03;705.68;1019.19;1625.71;458.81
2031-03;688.78;1340.12;1944.61;269.59
2031-03;423.76;806.63;1733.44;385.24
2031-03;571.62;1222.35;944.57;383.9
2031-03;768.93;1137.68;1221.72;325.42
2031-03;847.67;1021.7;951.07;353.86
2031-03;820.06;1185.09;1073.45;295.61
2031-03;715.88;1177.31;1663.87;231.67
2031-03;612.88;926.65;939.6;258.86
2031-03;654.63;874.67;1115.07;242.64
2031-03;834.33;1076.82;1298.2;421.33
2031-03;748.86;966.05;1818.97;223.32
2031-03;398.65;907.58;1474.79;411.13
2031-04;493.43;1397.08;1488.96;305.19
2031-04;505.24;847.68;1911.77;338.27
2031-04;481;1063.85;1641.92;220.14
2031-04;625.4;956.02;1716.71;212.9
2031-04;751.08;931.04;1638.92;200.69
2031-04;697.74;1190.07;1852.22;388.75
2031-04;357.25;1451.68;1300.94;311.54
2031-04;668.17;1121.76;1243.52;311.57
2031-04;935.21;1195.32;1418.07;472.92
2031-04;836.68;1029.5;1005.94;430.12
2031-04;908.72;1269.49;1698.59;361.79
2031-04;442.89;1309.41;933.03;285.83
2031-04;793.03;1181.7;1830.07;217.16
2031-04;379.3;1305.67;1526.69;345.28
2031-04;609.99;1435.29;1187.28;327.87
2031-04;775.08;1076.41;1213.59;243.8
2031-04;623.27;1196.77;1056.28;262.34
2031-04;658.78;840.34;1663.43;273.67
2031-04;890.41;1029.89;1510.58;435.71
2031-04;624.37;1303.33;1826.66;334.45
2031-04;475.17;1084.36;959.83;372.19
2031-04;380.53;1476.64;1077.53;350.61
2031-04;746.39;1493.73;1346.64;256.49
2031-04;760.44;1130.84;1928.39;454.24
2031-04;640.02;1168.66;1127;322.65
2031-04;401.24;1476.91;NA;411.18
2031-04;930.54;1310.32;1148.47;297.28
2031-04;890.86;974.68;1453.2;475.78
2031-04;611.26;944.89;1495;467.49
2031-04;621.5;824.69;1637.69;302
2031-05;691.63;1154.87;1629.08;308.6
2031-05;717.61;1463.45;1585.8;372.73
2031-05;415.92;1382.7;1932.18;477.02
2031-05;396.01;769.44;1529.68;428.9
2031-05;399.29;775.1;1129.86;365.43
2031-05;589.43;1417.94;1559.62;439.39
2031-05;867.25;964.94;1152.89;371.64
2031-05;934.73;1434.36;1903.18;227.45
2031-05;794.99;1052.97;1596.18;369.34
2031-05;396.12;1404.54;1015.32;403.31
2031-05;513.58;1293.53;943.95;235.13
2031-05;520.63;1269.28;1217.84;200.06
2031-05;939.02;1487.15;1131.83;276.41
2031-05;919.38;1093.68;1830.47;318.69
2031-05;864.65;925.15;NA;473.89
2031-05;563.69;1308.8;933.56;470.33
2031-05;859.14;825.8;1192.24;233.32
2031-05;485.97;1345.48;1112.27;340
2031-05;566.92;758.19;1182.13;280.2
2031-05;509.65;1346.32;1674.76;416.31
2031-05;567.69;1233.83;1259.04;234.42
2031-05;481.13;1411.7;1119.76;448.56
2031-05;840.3;1291.13;1742.7;200.5
2031-05;593.68;856.28;1003.8;241.11
2031-05;420.78;937.32;1875.26;254.84
2031-05;521.73;832.55;1157.65;442.27
2031-05;458.97;882.12;1279.47;310.65
2031-05;668.35;1445.04;1470.67;262.09
2031-05;654.77;1112.24;1614.72;465.84
2031-05;777.94;1198.98;1278.88;383.34
2031-05;691.14;799.29;1543.11;349.37
2031-06;644.43;1428.31;1194.42;442.51
2031-06;350.41;766.77;1364.9;355.11
2031-06;522.72;847.99;1808.55;271.42
2031-06;362.77;1127.55;1759.56;320.67
2031-06;421.93;1318.19;1847.81;249.35
2031-06;497.38;849.47;1353.87;345.14
2031-06;687.33;1401.97;1221.41;226.74
2031-06;814.56;811.8;1380.51;366.56
2031-06;553.55;1054.52;1017.7;415.89
2031-06;863.5;844.75;941.87;217.33
2031-06;807.4;1424.54;1857.49;307.03
2031-06;814.02;1437.82;956.14;359.9
2031-06;431.95;1145.4;1746.12;434.27
2031-06;539.56;928.21;1540.86;423.43
2031-06;689.39;1040.27;1669.6;361.43
2031-06;500.85;1167.87;1138.43;297.77
2031-06;607.01;1036.87;1578.06;419.84
2031-06;619.14;1488.04;1482.01;222.17
2031-06;656.38;1248.97;1650.4;462.44
2031-06;374.31;1475.26;1695.08;201.11
2031-06;393.55;1304.69;1367.76;284.02
2031-06;496.79;817.19;1566.65;419.3
2031-06;756.76;1419.23;1097.69;234.9
2031-06;622.81;773.91;1299.02;408.72
2031-06;453;1445.29;1006.84;337.44
2031-06;485.98;910.41;1369.52;330.4
2031-06;628.54;1407.78;1878.36;340.36
2031-06;885.64;832.37;1837.89;363.16
2031-06;666.9;1104.57;1153.51;347.12
2031-06;522.5;1342.3;1746.5;311.27
2031-07;366.54;1454.03;936.53;205.62
2031-07;715.99;1117.23;1695.41;457.87
2031-07;352.51;1188.1;1104.32;307.67
2031-07;582.2;1361.51;941.5;435.08
2031-07;874.26;854.47;1881.91;260.3
2031-07;497.66;822.04;1762.2;309.14
2031-07;388.7;1258.71;1069.54;267.48
2031-07;363.57;1473.18;1417.26;303.07
2031-07;585.55;867.24;913.54;286.79
2031-07;380.84;1341.98;1302.59;321.02
2031-07;557.4;774.79;934.1;253.9
2031-07;766.99;1102.06;1456.83;358.68
2031-07;831.83;1421.87;1806.8;451.42
2031-07;918.28;1298.73;1749.24;293.96
2031-07;545.85;891.68;1027.98;373.2
2031-07;764.76;1376.44;1895.38;397.6
2031-07;387.09;887.21;1506.52;327.94
2031-07;813.66;865.27;1587.35;446.92
2031-07;706.11;790.49;939.28;318.82
2031-07;880.9;1365.86;1012.52;287.6
2031-07;841.17;1345.88;1401.46;263.61
2031-07;766.41;1467.37;1191.37;414.24
2031-07;781.94;906.01;1025.62;476.15
2031-07;773.48;971.73;1438.93;412.02
2031-07;745.43;1140.98;1745.43;363.59
2031-07;786.71;949.44;1761.27;374.25
2031-07;836.65;1111.43;931.42;351.21
2031-07;623;1269.71;1696.25;464.57
2031-07;704.56;794.68;1772.81;430.9
2031-07;614.46;1443.79;992.44;447.74
2031-07;437.8;970.51;1864.65;335.96
2031-08;391.82;1132.02;1945.71;385.55
2031-08;809.4;1329.52;1730.72;205.21
2031-08;920.96;1347.65;1283.18;325.76
2031-08;875.27;764.86;1345.01;208.45
2031-08;936.04;1386.59;1428.33;225.31
2031-08;675.42;1020.37;1723.95;331
2031-08;859.54;1293.85;1057.39;358.77
2031-08;423.2;797.3;1591.03;300.69
2031-08;657.44;960.67;1722.29;328.42
2031-08;919.53;1048.23;1948.33;301.37
2031-08;581.5;1404.6;1653.83;228.56
2031-08;727.19;1059.3;1627.16;459.7
2031-08;440.19;1295.98;1334.97;229.47
2031-08;515.62;1076.78;1560.33;464.3
2031-08;552.33;1159.21;1825.56;415.82
2031-08;863.8;1003.07;1593.25;437.94
2031-08;524.24;820.66;1099.43;251.22
2031-08;906.62;1004.96;1318.68;347.28
2031-08;698.3;999.15;1297.7;302.75
2031-08;350.63;930.75;1502.65;479.97
2031-08;368;1391.79;1263.95;348.59
2031-08;595.79;989.16;937.57;469.82
2031-08;366.96;1139.14;1703.76;360.07
2031-08;543.22;1415.26;1721.64;452.8
2031-08;422.08;1263.07;1830.46;289.6
2031-08;541.27;1190.49;1465.64;428.37
2031-08;861.43;1147.78;1418.98;236.94
2031-08;401.01;912.67;1296.41;412.17
2031-08;765.7;1110.07;1221.01;299.76
2031-08;877.95;1019.43;1030.87;378.67
2031-08;845.46;821.8;1311.4;214.23
2031-09;875.31;1020.04;1855.11;410.42
2031-09;863.65;1193.65;1020.02;331.52
2031-09;644.16;1023.12;NA;418.86
2031-09;686.02;823.88;1672.34;249.24
2031-09;805.67;973.72;1017.85;433.78
2031-09;702.71;844.64;1355.4;215.24
2031-09;589.22;808.92;1123.95;246.29
2031-09;561.61;812.58;1299.08;361.14
2031-09;566.02;1022.41;1928.32;445.14
2031-09;410.11;829.57;1168.2;421.24
2031-09;890.9;912.7;1354.64;304.62
2031-09;727.71;1172.57;1590.53;399.98
2031-09;389.8;1088.31;1273.85;252.85
2031-09;936.68;1318.92;NA;348.91
2031-09;563.26;1109.24;1045.22;461.55
2031-09;935.58;1423.44;1702.24;224.5
2031-09;665.65;1291.75;983.03;451.35
2031-09;914.72;1012.66;1703.37;242.33
2031-09;425.79;1135.39;1679.54;307.32
2031-09;388.21;992.76;1093.52;216.99
2031-09;949.34;1019.59;1443.32;303.78
2031-09;773.52;1351.96;1106.31;450.34
2031-09;544.21;1360.05;1827.75;242.26
2031-09;364.19;1096.21;959.33;283.15
2031-09;871.86;776.65;959.35;262.07
2031-09;731.21;1095.07;NA;221.96
2031-09;385.83;1249.25;1172.8;434.32
2031-09;869.8;1347.86;1629.22;462.24
2031-09;537.45;1217.36;1426.64;458.59
2031-09;413.19;1043.66;1116.49;397.21
2031-10;521.56;1296.73;1062.02;289.25
2031-10;376.66;773.43;951.06;445.46
2031-10;412.69;1367.99;1693.07;349.98
2031-10;824.15;1165.11;1912.03;310.58
2031-10;907.42;1166.67;1685.11;416.94
2031-10;648.34;1456.01;1211.97;328.32
2031-10;798.13;1337.42;1663.45;239.87
2031-10;888.82;980.01;1201.15;309.38
2031-10;811.2;947.16;1822.27;396.89
2031-10;447.11;1191.62;1803;415.21
2031-10;713.88;753.57;1244.3;255.92
2031-10;757.18;1489.02;1727.22;342.09
2031-10;882.7;1415.81;1719.9;282.6
2031-10;537.46;1121.78;914.56;396.72
2031-10;839.64;1231.63;1409.9;351.97
2031-10;817.15;968.55;1704.77;251.39
2031-10;910.79;1212.22;1723.81;361.27
2031-10;541.41;1030.52;1784.51;304.34
2031-10;610.28;959.53;1653.56;413.13
2031-10;687.45;1427.49;1281.44;435.5
2031-10;415.85;880.67;1259.86;387.04
2031-10;530.22;945.09;1008.19;374.41
2031-10;869.36;1380.94;1270.62;290.59
2031-10;575.62;1365.45;1170.42;235.63
2031-10;709.78;1203.46;1910.06;207.47
2031-10;613.83;759.42;NA;359.08
2031-10;742.31;1155.45;969.48;265.04
2031-10;513.14;1427.13;1301.12;461.38
2031-10;622.98;1458.23;1797.3;459.42
2031-10;790.27;1207.7;937.67;458.76
2031-10;502.5;1390.9;940.8;220.3
2031-11;833.07;1230.62;1768.33;214.28
2031-11;434.97;959.52;1027.77;230.27
2031-11;498.19;1203.02;968.39;249.14
2031-11;759.79;1471;1174.58;335.3
2031-11;867.02;754.31;1654.35;382.62
2031-11;548.26;1488.84;1366.89;206.34
2031-11;892.13;1336.37;1759.95;421.88
2031-11;376.57;807.37;1694.51;262.71
2031-11;731.51;1364.13;1821.92;246.45
2031-11;510.9;1155.26;1933;420.83
2031-11;922.03;940.28;1815.69;246.41
2031-11;496.97;1032.62;1377.8;467.59
2031-11;732.84;1268.46;1326.64;344.06
2031-11;929.7;1147;1715;399.83
2031-11;852.87;1168.68;1402.26;348.01
2031-11;412.14;784.57;1455.68;396.32
2031-11;479.3;1255.78;1664.16;323.56
2031-11;682.46;1141.15;1197.91;210.89
2031-11;614.38;753.74;965.88;320.5
2031-11;633.8;913.21;1550.8;476.26
2031-11;690.04;1401.11;1908.96;457.99
2031-11;686.42;868.84;1311.08;236.27
2031-11;425.73;1216.3;1866.28;404.54
2031-11;475.68;1170.32;1120.17;475.84
2031-11;459.04;1231.42;1771.01;362.78
2031-11;455.15;1051.49;1789.31;474.72
2031-11;434.54;1275.28;1201.15;364.81
2031-11;720.9;1231.81;1592.58;332.87
2031-11;607.94;1051.65;1153.62;314.73
2031-11;914.68;1369.33;NA;459.59
2031-12;885.03;1452.83;1795.07;390.07
2031-12;603.94;1389.29;1557.66;383.99
2031-12;647.19;1145.01;1088.7;331.7
2031-12;483.05;1149.31;1163.4;351.07
2031-12;892.66;1116.98;1738.33;279.86
2031-12;380.4;850.58;1616.41;475.79
2031-12;442.55;1367.72;1169.9;367.03
2031-12;755.66;1354.68;1474.81;466.11
2031-12;556.92;1098.1;1459.87;374.09
2031-12;577.21;1094.44;1049.04;451.89
2031-12;810.23;864.02;1359.01;237.84
2031-12;637.97;1459.68;1133.92;323.78
2031-12;727.34;860.4;1383.94;301.05
2031-12;593.94;1349.78;937.41;457.75
2031-12;522.76;1008.05;1318.47;217.74
2031-12;371.96;1161.09;1787.49;391.94
2031-12;780.29;1445.5;1878.57;312.29
2031-12;820.27;1474.27;1073.86;325.54
2031-12;524.5;1112.75;1137.71;429.32
2031-12;723.69;781.57;1141.31;394.2
2031-12;598.2;1265.27;1621.08;260.7
2031-12;659.03;1448.96;1654.23;233.06
2031-12;353.07;1205.67;1774.5;307.33
2031-12;466.23;778.35;1278.05;341.64
2031-12;932.26;1256.92;1663.89;237.17
2031-12;782.54;937.51;1114.09;465.91
2031-12;518.75;992.44;989.28;274.88
2031-12;729.05;1360.56;934.23;372.67
2031-12;617.19;861.05;1201.25;469.51
2031-12;618.32;1015.84;1699.85;254.33
2031-12;859.5;1291.39;1555.25;272.61
2032-01;797.92;925.36;1793.97;218.85
2032-01;643.24;1039.38;1201.16;269.39
2032-01;608.59;1395.69;1170.75;226.86
2032-01;373.4;833.55;1141.31;317.52
2032-01;646.25;1169.19;1785.72;420.91
2032-01;693.7;817.35;1166.84;315.14
2032-01;587.25;1340.98;1097.36;424.48
2032-01;646.8;1071.86;1427.17;247.65
2032-01;555.16;1039.59;1556.49;240.91
2032-01;905.61;986.41;966.9;437.26
2032-01;794.33;1204.35;1506.83;249.2
2032-01;936.24;988.61;1497.02;294.66
2032-01;582.76;1444.99;1018;387.17
2032-01;506.15;834.71;1307.18;287.85
2032-01;585.33;1344.2;1036.32;255.57
2032-01;663.8;765.36;988.55;281.56
2032-01;696.36;1072.63;1782.84;229.51
2032-01;385.42;800.06;1116.5;223.76
2032-01;524.82;1216.22;NA;278.35
2032-01;947.63;1249.33;1290.16;394.62
2032-01;748.09;1224.56;1021.9;347.34
2032-01;803.23;766.03;1065.25;401.32
2032-01;781.57;1426.08;1673.39;242.82
2032-01;863.35;938.55;1689.2;378.65
2032-01;621.39;1238.15;NA;305.04
2032-01;727.63;1015.6;1531.61;331.34
2032-01;819.77;1469.52;1113.07;364.22
2032-01;653.12;975.19;1017.86;332.75
2032-01;617.36;1106.54;1552.42;244.48
2032-01;582.11;1199.45;1393.87;374.59
2032-01;469.74;1293.81;1225;400.95
2032-02;618.49;1098.99;1414.32;237.96
2032-02;645.61;1068.4;922.39;399.67
2032-02;658.35;1294.5;1614.02;225.51
2032-02;743.15;1205.27;1256.29;298.49
2032-02;633.14;945.52;1261.75;370.42
2032-02;726.24;1227.78;1919.26;474.1
2032-02;903.08;1475.88;1503.76;270.63
2032-02;825.78;1479.47;1099.16;205.55
2032-02;883.05;1050.67;1747.76;369.42
2032-02;819.33;876.29;1764.91;310.82
2032-02;519.11;1460.36;1833.26;288.29
2032-02;452.72;879.82;1761.03;456.24
2032-02;864.37;781.4;1546.78;415.11
2032-02;678.13;1209.76;1879.3;243.53
2032-02;905.74;856.85;1521.24;458.55
2032-02;640.14;1082.86;1329.62;201.31
2032-02;599.52;1433.27;1225.77;298.64
2032-02;800.32;858.5;1538.31;478.85
2032-02;675.45;824.31;1346.8;430.33
2032-02;925.95;1010.57;1519.91;388.3
2032-02;404.19;784.45;1162.6;344.93
2032-02;447.39;1045.99;1107.96;258.76
2032-02;689.37;783.11;1200.81;369.18
2032-02;490.6;1391.88;1239.38;348.68
2032-02;482.61;1156.38;1834.86;205
2032-02;662.25;1083.81;1403.5;243.23
2032-02;847.94;996.15;1427.09;260.98
2032-02;563.41;1123.53;1537.76;378.61
2032-02;380.72;903.73;1102.92;464.37
2032-03;666.43;1064.13;1624.44;433.2
2032-03;832.27;1339.9;1233.95;470.95
2032-03;943.52;1268.71;1303.77;420.15
2032-03;659.03;936.03;1172.36;245.71
2032-03;888.93;1159.32;940.97;350.22
2032-03;791.05;1137.11;1412.93;280.49
2032-03;565.65;1303.25;1141.33;475.89
2032-03;414.03;1156.68;1285.37;415.53
2032-03;525.97;1389.42;1343.82;397.68
2032-03;479.11;1056.1;1514.13;438.27
2032-03;512.82;1001.82;1825.02;236.18
2032-03;851.14;1036.98;1839.88;213.09
2032-03;749.06;799.78;1325.97;373.26
2032-03;497.34;792.08;1304.84;315.04
2032-03;444.45;787.92;1141.26;428.66
2032-03;916.37;1084.67;1566.54;280.98
2032-03;490.84;1150.96;1322.69;332.24
2032-03;629.4;993.95;1321.01;462.77
2032-03;592.08;887.12;1663.16;278.86
2032-03;871.56;1319.78;1574.67;341.89
2032-03;385.57;885.35;1152.39;453.83
2032-03;777.49;1426.88;988.03;246.79
2032-03;742.31;922.35;1397.02;425.51
2032-03;551.45;1335;1920.31;278.11
2032-03;824.64;1235.08;1226.73;460.81
2032-03;635.01;819.86;945.83;479.18
2032-03;730.08;1340.44;1628.94;451.01
2032-03;739.22;1294.29;1655.46;463.23
2032-03;618.11;1177.82;1145.6;217.24
2032-03;726.72;956.74;1496.94;457.42
2032-03;614.22;965.86;1041.82;233.1
2032-04;861.26;816.09;1613.76;416.57
2032-04;439.66;1231.8;1043.2;365.96
2032-04;594.08;1312.88;1337.21;370.6
2032-04;865.22;976.45;1882.1;202.75
2032-04;919.84;854.12;1193.8;335.27
2032-04;853.89;1393.21;1255.37;259.77
2032-04;591.28;1398.37;944.6;336.42
2032-04;554.32;817.08;1235.25;395.95
2032-04;867.61;1467.63;1656.4;276.39
2032-04;753.42;971.96;1463.33;281.99
2032-04;622.87;1291.6;1457.04;412.1
2032-04;529.18;981.52;1806.85;320.54
2032-04;703.52;1129.76;1251.34;415
2032-04;667.07;1174.71;1022.15;314.76
2032-04;380.71;965.61;1413;365.59
2032-04;808.46;1311.17;1735.94;309.19
2032-04;751.76;1463.47;1314.6;364.03
2032-04;526.28;1198.62;995.73;471.86
2032-04;504.78;1455.62;1038.04;381.39
2032-04;769.98;806.64;1928.91;323.79
2032-04;705.81;1414.76;1241.93;325.09
2032-04;767.16;831.69;1854.54;369.17
2032-04;762.03;867.59;1851.41;316.67
2032-04;499.87;768.2;1708.6;473.23
2032-04;655.21;1174.59;1106.3;406.67
2032-04;796.6;1484.01;1383.54;292.94
2032-04;619.09;775.99;1010.27;284.56
2032-04;661.49;1483.63;942.33;403.42
2032-04;355.22;856.1;1818.7;250.4
2032-04;401.47;872.85;1497.34;470.76
2032-05;565.29;1010.75;1173.98;248.11
2032-05;808.59;929.33;1912.87;255.84
2032-05;638.22;1190.48;1948.74;215.55
2032-05;607.02;1107.75;1278.1;338.21
2032-05;643.49;1225.35;1465.92;269.67
2032-05;532.17;1305.27;963.09;360.68
2032-05;669;878.05;1801.39;466.16
2032-05;911.21;1479.89;1039.02;227.17
2032-05;497.03;772.49;1417.59;223.06
2032-05;368.21;1129.7;1004.88;326.45
2032-05;807.44;1354;1080.9;259.83
2032-05;697.42;798.13;1934;373.53
2032-05;640.83;996.95;1040.63;379.12
2032-05;700.29;1463.78;1882.41;385.23
2032-05;739.02;1316.21;1237.15;348.17
2032-05;745.72;822.05;926.08;203.43
2032-05;739.52;948.8;1588.46;297.05
2032-05;447.35;765.65;1239.7;231.44
2032-05;354;1096.87;1827.84;403.72
2032-05;798.02;871.54;1734.94;225.01
2032-05;886.88;1425.23;1657.11;453.82
2032-05;684.82;1198.53;927.17;461.86
2032-05;665.79;874.6;1538.84;447.19
2032-05;711.98;1227.46;975.37;271.34
2032-05;818.49;818.24;1286.63;239.85
2032-05;890.29;1292.65;1709.56;403.28
2032-05;545.92;1154.2;NA;370.78
2032-05;507.91;971.39;1382.77;269.01
2032-05;425.05;1270.24;1082.28;404.78
2032-05;411.38;1170.41;1439.47;298.74
2032-05;905.32;1246.81;1804.22;341.69
2032-06;693.83;837.42;905.16;307.65
2032-06;708.88;1115.02;1571.85;203.39
2032-06;390.54;1219.69;1358.89;245.63
2032-06;724.3;1411.79;1927.99;225.29
2032-06;475.68;1111.67;929.01;259.62
2032-06;772.36;1058.64;1794.14;385.4
2032-06;502.01;1310.87;1243.81;442.23
2032-06;401.2;1094.73;1224.09;247.97
2032-06;828.23;1021.39;1122.95;361.41
2032-06;809.61;760.59;1738.63;253.63
2032-06;782.09;1143.27;1454.67;376.5
2032-06;646.12;1373.68;1851.2;258.82
2032-06;362.24;1046.38;1858.28;400.39
2032-06;551.15;1431.59;922.64;416.7
2032-06;563.93;771.46;1757.66;242.44
2032-06;474.82;1036.39;1340.77;211.7
2032-06;395.87;1419.77;1792.28;249.03
2032-06;912.4;1459.91;1777.7;335.34
2032-06;375.16;1402.73;1386.88;328.38
2032-06;354.93;998.34;1403.15;333.47
2032-06;866.16;1309.24;1143.76;282.67
2032-06;882.78;939.59;1066.23;364.54
2032-06;861.68;1392.89;1734.03;286.13
2032-06;373.15;1408.19;1870.39;220.84
2032-06;665.58;1302.78;1097.97;338.83
2032-06;547.86;846.2;1269.53;317.44
2032-06;810.53;843.92;933.66;314.38
2032-06;494.12;1323.56;909.4;288.43
2032-06;652.75;751.33;923.61;478.75
2032-06;503.51;1089.81;1733.53;454.46
2032-07;591.5;1467.57;1768.16;291.04
2032-07;494.87;819.5;1914.94;250.35
2032-07;472.34;1236.9;1086.02;456.52
2032-07;534.76;1159.53;1143.43;327.82
2032-07;720.63;1100.09;948.87;423.76
2032-07;743.18;1385.41;1335.03;414.31
2032-07;743.18;773.51;1850;228
2032-07;796.23;985.58;1223.94;271.54
2032-07;783.24;814.44;939.8;374.47
2032-07;484.68;1214.65;1483.1;466.4
2032-07;812.74;1401.21;1547.14;468.92
2032-07;505.32;1046.22;1683.47;282.79
2032-07;802.84;1290.4;1577.34;362.11
2032-07;688.99;881.12;1563.38;207.52
2032-07;569.04;1059.37;906.31;216.06
2032-07;459.25;914.54;1593.54;300.83
2032-07;383.83;1180.81;NA;348.15
2032-07;534.48;1085.12;1319.12;260.33
2032-07;572.45;890.29;1932.26;237.01
2032-07;937.48;1079.24;905.05;395.65
2032-07;832.26;1213.13;1260.6;412.49
2032-07;537.02;1399.99;1008.37;409.9
2032-07;801.6;1184.27;1160.92;374.11
2032-07;862.36;1175.79;1835.68;464.74
2032-07;750.39;1262.27;1005.33;311.67
2032-07;435.9;1080.75;916.86;348.45
2032-07;642.41;1405.13;1370.07;202.44
2032-07;576.09;1272.75;1573.79;360.34
2032-07;915.86;804.6;954.55;265.29
2032-07;844.81;1407.22;1349.21;323.74
2032-07;842.78;857.78;NA;323.49
2032-08;908.11;927.43;1876.35;461.06
2032-08;449.81;1102.23;1783.93;241.09
2032-08;352.21;1075.59;1206.76;470.28
2032-08;908.13;873.88;1633.9;219.6
2032-08;386.97;1195.25;1481.84;353.98
2032-08;644.74;930.45;1450.43;304.13
2032-08;882.09;1445.91;1401.28;360.03
2032-08;658.68;989.76;1769.36;290.61
2032-08;398.21;1440.25;1207.32;286.43
2032-08;606.93;776.29;1016.09;322.14
2032-08;479.38;1018.61;1522.89;399.44
2032-08;638.2;1381.42;1003.13;445.14
2032-08;810.45;923.57;1531.18;476.13
2032-08;653;893.53;1789.8;278.57
2032-08;390.75;1455.46;1194.03;273.18
2032-08;399.36;813.23;1064.44;276.55
2032-08;796.52;1130.98;1794.72;468.11
2032-08;721.34;1061.77;1915.56;442.81
2032-08;360.91;1231.92;1458.9;273.53
2032-08;539.36;1441.82;1797.39;238.3
2032-08;523.66;1459.14;1790.96;419.15
2032-08;585.43;1472.57;1637.95;403.79
2032-08;698.73;1320.99;1771.49;391.87
2032-08;818.64;930.28;1538.23;231.87
2032-08;484.48;1396.96;1575.35;296.52
2032-08;389.1;1209.35;1232.15;207.52
2032-08;687.68;1046.6;1682.94;381.93
2032-08;543.03;850.08;901.23;318.08
2032-08;451.01;813.4;1407.9;401.18
2032-08;840.82;1405.61;1940.3;353.23
2032-08;378.89;1252.02;1637.71;319.89
2032-09;718.22;1319.39;1876.52;386.2
2032-09;701.26;773.19;1810.87;397.22
2032-09;776.85;1491.42;1103.01;263.01
2032-09;477.14;1156.5;1257.6;334.33
2032-09;917.03;1318.94;1340.24;401.07
2032-09;445.12;822.03;1062.75;363.21
2032-09;442.62;1348.94;1567.73;289.96
2032-09;713.59;935.46;1277.02;420.89
2032-09;494.68;1098.13;1362.52;206.94
2032-09;716.44;1411.47;1832.66;283.22
2032-09;617.38;836.24;1091.07;334.14
2032-09;642.14;1325.14;1312.84;275.64
2032-09;901.61;1486.03;987.46;346.1
2032-09;699.45;1140.76;1935.49;452.05
2032-09;361.83;1493.55;NA;458.41
2032-09;885.08;1203.74;1253.37;304.21
2032-09;391.92;1245.85;1140.9;278.34
2032-09;534.63;885.37;1856.49;382.75
2032-09;510.76;1149.44;1324.96;379.65
2032-09;477.59;1113.52;1054.61;405.52
2032-09;649.91;1423.51;NA;464.71
2032-09;679.8;1333.08;1314.72;254.69
2032-09;440.65;833.98;1948.54;413.8
2032-09;796.95;1402.85;1863.69;202.82
2032-09;366.44;813.44;1282.71;370.16
2032-09;402.03;767.31;1662.53;439.58
2032-09;681.81;900.02;1769.85;348.52
2032-09;946.91;867.74;1165.99;317.75
2032-09;380.93;1293.83;1311.56;389.79
2032-09;790.48;785.16;1157.22;298.5
2032-10;900.69;1094.75;1233.52;290.9
2032-10;816.16;1465.31;903.6;279.57
2032-10;834.89;912.41;1875.42;348.76
2032-10;578.05;1197.08;1568.92;419.58
2032-10;688.69;1335.77;1304.58;373.45
2032-10;763.01;806.26;1883.59;315.3
2032-10;886.41;1236.69;1418.89;462.62
2032-10;697.23;1071.8;1269.48;220.53
2032-10;520.54;1397.42;1333.31;440.83
2032-10;449.73;1386.83;1665.86;216.9
2032-10;599.07;951.84;1406.77;344.73
2032-10;645.17;1465.63;1204.39;310.28
2032-10;629.25;1007.26;1045.12;235.53
2032-10;655.09;1498.87;1469.67;216.75
2032-10;430.35;1299.3;1735.27;373.05
2032-10;473.15;768.43;993.22;220.1
2032-10;487.52;1192.69;1128.19;420.94
2032-10;761.04;1142.3;1640.82;366.1
2032-10;825.53;1315.93;1225.85;419.86
2032-10;785.22;1305.63;1594.41;352.83
2032-10;416.23;1391.82;1317.23;220.57
2032-10;648.06;972.25;1641.21;327.23
2032-10;437.08;1211.86;1064.39;206.31
2032-10;364.96;1375.28;1711.47;367.65
2032-10;660.63;1450.55;1603.28;455.9
2032-10;923.56;1201.15;1898.12;434.77
2032-10;602.44;918.16;1424.69;358.84
2032-10;484.61;1062.65;1160.76;320.48
2032-10;919.21;986.68;916.1;444.3
2032-10;833.54;830.35;1528.26;283.58
2032-10;571.21;801.48;1462.84;376.04
2032-11;470.6;1463.63;1254.53;459.19
2032-11;771.32;1157.07;1048.84;385.67
2032-11;683.44;1379.11;1157.42;426.81
2032-11;359.29;1015.06;1844.45;301.84
2032-11;810.44;1073.84;1378.15;411.55
2032-11;544.72;1006.41;1545.03;219.58
2032-11;766.49;1257.22;1653.99;254.11
2032-11;630.37;971.89;1262.17;242.94
2032-11;616.38;1376.13;1684.74;229.91
2032-11;904.44;1294.07;1870.72;264.93
2032-11;438.57;1473.27;1890.3;340.68
2032-11;408.53;969.44;1139.15;310.5
2032-11;536.05;877.35;1446.3;331.79
2032-11;671.22;886.62;1530.43;216.41
2032-11;455.18;1064.7;1769.97;457.08
2032-11;559.92;1373.37;1701.79;477.91
2032-11;456.47;891.31;1271.45;215.89
2032-11;835.08;1015;1938.62;327.64
2032-11;867.98;975.55;1851.81;403.37
2032-11;362.27;880.97;1169.72;356.21
2032-11;778.79;1342.84;1895.55;446.09
2032-11;705.98;828.18;1608.94;334.86
2032-11;760.4;1290.96;1926.08;458.5
2032-11;652.04;1117.63;1396.44;289.94
2032-11;590.58;1480.51;1474.8;297.18
2032-11;660.14;1189.19;1713.01;252.27
2032-11;938.85;1238.61;1591.08;343.87
2032-11;830.69;1114.16;1943.62;412.44
2032-11;401.68;1272.6;1078.21;259.99
2032-11;875.44;1325.94;1655.36;351.72
2032-12;558.54;1269.64;1373.77;219.52
2032-12;880.81;1062.69;1717.79;235.09
2032-12;517.97;1219.63;1504.24;233.72
2032-12;632.22;953.46;1176.35;453.4
2032-12;827.41;1196.99;1200.86;235.01
2032-12;934.76;959.9;1856.92;279.33
2032-12;792.94;961.5;945.87;419.88
2032-12;749.39;1233.61;1865.01;262.98
2032-12;614.92;1331.4;937.3;417.89
2032-12;414.32;1224.73;904.34;413.24
2032-12;401.27;1375.4;1295.28;250.77
2032-12;698.8;818.77;1129.89;457.28
2032-12;384.74;1053.42;1141.39;222.27
2032-12;771.34;1431.41;1484.77;325.08
2032-12;472.15;1409.63;1741.47;336.7
2032-12;514.81;920.48;1531.14;234.12
2032-12;550.36;1228.93;1191.72;392.85
2032-12;416.7;1411.2;1778.71;200.61
2032-12;857.52;1126.02;1073.37;410.66
2032-12;386.6;1176.47;1610.42;371.86
2032-12;769.98;836.98;1768.14;287.01
2032-12;512.52;980.19;1164.2;432.82
2032-12;685.13;1301.59;1240.33;222.4
2032-12;682.71;767.33;1569.46;437.13
2032-12;501.02;1086.97;1356.67;297.76
2032-12;798.03;781.55;1001.2;388.16
2032-12;783.62;1219.23;1870.1;227.82
2032-12;438.43;1263.28;1152.64;379.72
2032-12;375.7;868.08;1892.38;406.21
2032-12;796.01;1135.54;1310.21;272.58
2032-12;497.64;857.21;1007.64;438.99
2033-01;373;1422.29;1113.51;436.43
2033-01;373.37;1362.81;1428.66;234.02
2033-01;690.38;883.92;1014.01;359.64
2033-01;771.64;791.41;1786.75;337.2
2033-01;943.6;1352.71;1182.02;409.02
2033-01;827.78;1494.32;1282.87;350.33
2033-01;633.98;999.7;1019.33;348.27
2033-01;412.93;1351.05;1083.71;369.31
2033-01;899.58;1263.97;1595.63;359.62
2033-01;418.14;1144.29;1855.76;350.19
2033-01;522.7;1258.45;1498.11;207.21
2033-01;541.47;1071.15;1815.49;289.97
2033-01;370.72;843.58;1919.96;403.79
2033-01;483.53;1364.07;1566.1;297.82
2033-01;889.5;1043.44;1736.26;282.3
2033-01;699.75;1409.42;1864.87;304.34
2033-01;738.24;1332.02;1193.58;210.07
2033-01;467.1;1315.69;1861.45;445.65
2033-01;826.4;1293.33;1263.27;390.32
2033-01;362.48;1430.19;1251.34;423.15
2033-01;609.02;832.66;1845.99;204.19
2033-01;792.54;1411.77;1152.45;302.31
2033-01;605.18;911.85;936.28;442.43
2033-01;847.51;1444.98;1322.58;396.44
2033-01;437.07;939.29;1842.63;459.8
2033-01;488.77;1123.26;1934.68;416.51
2033-01;848.46;1236.22;1126.82;455.45
2033-01;801.11;1372.44;1471.29;454.47
2033-01;873.69;987.45;1497.3;417.54
2033-01;469.51;892.77;943;400.21
2033-01;742.21;933.45;1942.93;402.81
2033-02;764.47;1284.71;1326.05;331.77
2033-02;733.96;1494.8;959.83;472.14
2033-02;499.93;1069;1048.56;473.13
2033-02;831.6;897.47;1791.2;211.39
2033-02;512.62;1321.81;1892.22;318.73
2033-02;897.64;906.19;981.32;213.03
2033-02;621.32;879.08;1598.27;340.15
2033-02;527.28;946.28;1015.74;400.93
2033-02;811.3;1035.86;1854.08;262.85
2033-02;628.4;1263.42;921.52;475.56
2033-02;362.19;1080.01;1130.15;455.61
2033-02;512.09;914.01;1179.2;479.21
2033-02;918.31;1477.62;1637.44;200.25
2033-02;440.89;1185.98;1365.73;222.15
2033-02;695.57;1411.29;1135.69;433.51
2033-02;796.76;761.69;1563.69;202.22
2033-02;845.15;1484;1900.38;363.23
2033-02;945.25;830.32;1063.77;437.85
2033-02;872.2;1472.22;1949.11;336.78
2033-02;872.17;1338;1077.23;397.37
2033-02;442.31;1348.75;1442.63;469.69
2033-02;546.12;1457.46;1900.35;414.12
2033-02;501.77;820.93;1547.34;318.49
2033-02;449.07;1140.77;1018.79;253.36
2033-02;781.27;992.04;1494.06;297.78
2033-02;806.46;802.15;1947.03;311.66
2033-02;585.9;1181.36;1646.12;324.44
2033-02;893.57;1310.2;1793.55;200.84
2033-03;862.52;1335.19;911.92;359.56
2033-03;855.91;934.71;1736.7;305.18
2033-03;924.55;1378.58;1010.58;355.22
2033-03;604.24;1294.38;1792.42;328.15
2033-03;802.04;791.82;1775.89;459.43
2033-03;472.69;822.65;1171.46;388.71
2033-03;564.18;899.12;1926.33;314.02
2033-03;917.34;1012.78;1922.72;225.08
2033-03;380.36;1309.41;1225.11;363.96
2033-03;632.55;1391.16;1561.05;292.63
2033-03;699.36;1414.82;1403.43;210.41
2033-03;381.54;1167.85;1694.11;287.73
2033-03;579.4;1322.73;1769.43;468.19
2033-03;920.8;972.9;1523.49;243.63
2033-03;811.18;909.09;1915.58;302.31
2033-03;885.52;1276.39;1330.84;384.53
2033-03;451.01;1132.91;1742.89;445.43
2033-03;619.2;867.16;1007.46;225.34
2033-03;842.49;1446.26;1285.35;464.69
2033-03;885.64;1099.63;1013.25;239.01
2033-03;462.06;1391.39;1424.13;311.72
2033-03;556.98;830.35;1642.59;283.63
2033-03;851.05;1046.88;995.11;306.01
2033-03;478.7;1097.11;NA;478.98
2033-03;627.49;1184.29;1272.11;349.37
2033-03;371.13;1475.86;1653.3;325.56
2033-03;536.12;1431.69;980.33;398.1
2033-03;721.23;1459.76;931.81;296.74
2033-03;447.25;1008.01;1676.05;474.96
2033-03;606.34;1327.02;1434.24;390.32
2033-03;655.63;1358.99;1323.21;454.12
2033-04;490.11;953.2;1154.35;325.1
2033-04;822.19;1324.26;929.46;440.64
2033-04;534.14;1166.91;1252.5;382.57
2033-04;557.04;1184.67;1504.14;221.37
2033-04;539.47;1399.38;1248.87;408.1
2033-04;553.18;995.48;NA;206.44
2033-04;680.33;1271.6;1822.72;300.71
2033-04;937.65;1346.44;1218.53;220.81
2033-04;915.54;825.21;1408.03;232.08
2033-04;757.41;912.77;1076.66;321.14
2033-04;668.58;1181.89;1737.76;283.59
2033-04;884.73;1293.85;979.22;268.31
2033-04;841.92;1001.87;1420.73;361.45
2033-04;751.34;1491.97;1115.45;370.25
2033-04;856.77;1219.2;1346.06;335.47
2033-04;753.75;953.17;1345.7;220.27
2033-04;523.63;1176.42;1827.31;440.68
2033-04;719.12;917.2;905.73;355.18
2033-04;939.04;1057.28;1501;370.21
2033-04;358.42;771;1455.62;227.8
2033-04;563.22;1443.54;959.21;263.08
2033-04;822.86;1357.17;1157.37;417.88
2033-04;602.24;1275.42;1348.61;374.09
2033-04;728.07;1179.2;968.15;334.44
2033-04;748.9;1139.01;1548.29;378.25
2033-04;581.53;1166.9;1487.15;253.02
2033-04;391.43;806.98;971.72;350.79
2033-04;408.89;903.82;1494.18;212.92
2033-04;760.32;980.78;1018.37;205.13
2033-04;715.03;1445.76;1553.67;270.22
2033-05;895.49;902.03;1366.5;404.19
2033-05;590.65;935.12;1256.42;382.18
2033-05;831.37;828.14;1116.58;220.13
2033-05;876.72;984.54;1611.54;316.9
2033-05;655.76;1331.97;1874.13;272.14
2033-05;358.07;1054.22;1107.88;406.05
2033-05;528.09;1003.03;1301.93;293.09
2033-05;871.87;990.54;1886.69;293.83
2033-05;416.9;1427.77;1296.58;408.71
2033-05;554.55;1287.32;1626.39;200.23
2033-05;572.22;774.97;1424.66;441.96
2033-05;830.99;1452.86;1654.38;317.62
2033-05;584.44;1031.3;1391.65;309.96
2033-05;403.84;821.53;1139.15;312.47
2033-05;382.81;1337.66;1292.78;275.59
2033-05;765.93;1237.13;1552.76;220.67
2033-05;836.67;1467.91;1891.56;477.33
2033-05;786.98;1010.89;1492.02;202.31
2033-05;631.45;1346.8;1723.06;436.5
2033-05;527.27;975.84;1110.89;231.77
2033-05;735.67;1418.25;950.8;222.26
2033-05;806.72;1046.88;1710.83;384.79
2033-05;699.14;886.45;1736.39;220.33
2033-05;656.39;1125.67;1318.32;452.78
2033-05;595.07;764.48;1453.45;389.06
2033-05;863.48;809.84;1844.27;435.01
2033-05;668.74;1289.05;1883.95;360.77
2033-05;586.97;756.7;941.74;239.45
2033-05;912.06;1312.11;1508.05;208.19
2033-05;895.06;842.8;1218.43;356.09
2033-05;921.59;1381.71;1168.85;341.95
2033-06;784.42;1256.2;1345.73;474.17
2033-06;898.01;1147.27;1511.21;252.99
2033-06;590.55;1190.85;1518.68;432.94
2033-06;395.22;1314.09;1614.9;200.09
2033-06;937.01;1217.39;NA;465.03
2033-06;934.89;1162.44;1401.22;281.33
2033-06;690.17;776.73;1769.88;210.52
2033-06;502.35;1412;1744.44;410.61
2033-06;825.64;930.52;1610.71;434.25
2033-06;612.72;927.28;1792.29;252.23
2033-06;942.69;819.81;1713.62;344.06
2033-06;648.31;1271.71;1017.22;235.57
2033-06;449.61;1016.74;1107.95;455.44
2033-06;900.56;1199.85;1733.47;241.64
2033-06;567.19;1205.86;1582.24;328.28
2033-06;761.37;795.57;1378.24;359.54
2033-06;628.63;793.45;1451.57;390.03
2033-06;805.34;1423.79;1619.47;330.72
2033-06;394.5;859.52;1086.14;359.27
2033-06;613.07;1234.23;1596.37;358.34
2033-06;581.72;1425.52;1487.06;442.08
2033-06;460.77;1018.32;1585.31;415.4
2033-06;453.8;840.28;1819.86;279.1
2033-06;710.89;1041.2;1730.07;301.33
2033-06;665.87;943.98;1867.77;230.24
2033-06;851.77;1240.87;1100.68;403.27
2033-06;505.97;775.47;993.74;361.36
2033-06;793.26;1314.96;1944.66;270.05
2033-06;614.24;897.62;1697.47;343.17
2033-06;527.99;763.57;1286.98;285.93
2033-07;610.71;1445.2;1831.64;269.32
2033-07;421.12;1306.15;1199.42;214.21
2033-07;650.5;1444.24;1300.74;229.01
2033-07;919.22;1226.95;1107.7;296.57
2033-07;917.53;1009.42;1461.93;275.82
2033-07;803.4;884.96;1597.08;465.75
2033-07;941.92;835.23;1706.96;237.94
2033-07;869.95;887.24;1489.63;242.89
2033-07;671.57;1359.08;1078.28;434.96
2033-07;408.23;988.17;1141.86;351.86
2033-07;355.41;823.18;1666.11;248.23
2033-07;559.21;954.71;1762.96;334.65
2033-07;366.05;781.01;962.41;450.2
2033-07;865.04;1063.54;1927.95;253.04
2033-07;912.93;1190.3;1911.77;367.36
2033-07;497.41;835.62;1257.33;298.44
2033-07;933.66;923.83;1422.72;413.8
2033-07;414.66;1395.52;1051.54;254.6
2033-07;410.1;1061.06;1368.87;223.85
2033-07;503.87;1385.8;1154.46;451.38
2033-07;603.65;934.58;1548.61;311.98
2033-07;676.23;853.18;1778.27;387.28
2033-07;498.85;934.11;1080.54;292.07
2033-07;691;1476.72;1245.52;355.29
2033-07;927.72;1309.54;1938.2;326.12
2033-07;517.94;1173.67;1896.56;308.7
2033-07;384.27;1429.69;1623.09;404.57
2033-07;649.98;973.6;1344.57;254.97
2033-07;490.34;1211.63;1880.82;359.88
2033-07;728.98;940.34;1142.27;335.98
2033-07;577.39;1442.75;1257.91;312.29
2033-08;512.86;1338.93;1555.9;366.28
2033-08;525.68;843.56;1252.3;258.98
2033-08;903.81;1161.47;1912.47;335.73
2033-08;739.21;1296.99;1027.28;200.47
2033-08;598.53;986.74;1072.58;398.26
2033-08;479.83;782.07;1471;230.45
2033-08;624.36;1325.37;1341.35;312.13
2033-08;869.05;1205.75;1240.04;425.61
2033-08;645.88;1033.88;1719.29;313.67
2033-08;909.04;982.32;1113.64;257.02
2033-08;932.34;1204.12;1041.06;227.24
2033-08;727.94;1282.61;1115.93;310.92
2033-08;714.59;811.64;1806.02;369.88
2033-08;470.05;806.18;1298.47;409.06
2033-08;752.84;1147.03;1164.57;430.54
2033-08;685.48;1023.66;1632.73;225.69
2033-08;740.33;1006.71;1406.02;320.93
2033-08;414.84;830.45;1001.47;377.88
2033-08;463.04;951.95;1377.25;256.13
2033-08;866.72;1396.69;1504;351.75
2033-08;612.08;791.82;1169.16;304.57
2033-08;664.83;1386.71;1459.81;292.09
2033-08;450.11;767.09;1645.8;262.82
2033-08;563.77;1145.49;1481.44;390.65
2033-08;764.28;851.86;1749.9;393.96
2033-08;622.57;1060.9;1338.52;287.51
2033-08;633.48;1089.92;1438.49;408.54
2033-08;504.97;1092.04;1220.07;221.27
2033-08;942.93;1033.42;1433.37;265.22
2033-08;356.3;1431.38;1139.94;463.15
2033-08;538.9;774.94;1186.05;472.09
2033-09;428.06;1336.76;1804.82;359.46
2033-09;516.14;1134.21;1867.8;361.7
2033-09;419.94;1267.17;1921.48;291.26
2033-09;384.36;806.81;1539.33;477.69
2033-09;783.66;1018.98;1663.65;304.25
2033-09;867;1347.54;951.74;250.59
2033-09;813.42;1046.16;1294.47;340.22
2033-09;836.12;810.38;1481.63;284.75
2033-09;439.38;1185.29;1736.87;341.18
2033-09;351.59;898.12;1513.65;312.06
2033-09;808.49;1150.37;1163.93;304.6
2033-09;515.12;1487.5;1446.37;365.71
2033-09;387.07;1463.3;902.16;337.34
2033-09;540.92;889.2;985;302.8
2033-09;380.27;1203.97;1597.06;428.06
2033-09;520.77;1275.79;1676.09;255.78
2033-09;830.82;1022.69;1867.07;423.22
2033-09;769.77;1325.59;1919.92;252.84
2033-09;888.58;1122.62;1430.44;433.02
2033-09;534.96;1131.81;1015.96;207.95
2033-09;592.05;1414.53;1505.89;376.38
2033-09;770.15;1303.71;1845.88;456.85
2033-09;863.24;1358.36;1586.43;322.67
2033-09;578.82;1001.54;1155.77;295.25
2033-09;755.42;964.21;1119.71;365.58
2033-09;369.33;1065.77;1169.04;423.72
2033-09;597.59;1140.92;1504.56;364.9
2033-09;735.56;1395.56;1268.21;294.97
2033-09;676.29;1094.74;1792.67;230.72
2033-09;686.65;1071.63;1745.62;448.64
2033-10;454.66;1006.45;1849.24;448.02
2033-10;540.34;1434.86;1784.9;259.07
2033-10;784.27;787.4;1300.14;469.47
2033-10;647.06;1246.54;1571.87;289.65
2033-10;626.4;955.36;1348.68;454.58
2033-10;819.74;1151.65;1403.92;389.41
2033-10;939.35;1336.09;1938.27;428.48
2033-10;748.69;1224.58;1867.3;264.65
2033-10;416.57;1385.69;967.19;439.95
2033-10;837.91;862.73;1550.76;309.81
2033-10;569.64;1382.68;1500.49;287.63
2033-10;731.77;1065.03;1549.9;465.99
2033-10;443.28;856.48;1749.8;363.53
2033-10;531.87;774.48;959.94;414.25
2033-10;727.91;858.92;1768.05;371.67
2033-10;373.86;774.4;1571.42;392.35
2033-10;403.34;1460.42;1568.1;373.6
2033-10;408.63;1303.29;1359.56;232.31
2033-10;623.9;1182.07;1919.58;362.94
2033-10;604.76;1304.72;1577.55;216.91
2033-10;664.01;1303.31;1616.19;249.46
2033-10;831.75;1020.45;1037.33;470.06
2033-10;596.47;1128.2;933.04;385.57
2033-10;849.66;769.3;1308.12;274.58
2033-10;827.25;1437.63;1885.49;449.8
2033-10;594.7;1156.08;1422.78;355.72
2033-10;506.44;1365;1454.58;311.79
2033-10;760.39;871.24;918.4;380.49
2033-10;420.31;1423.71;903.25;361.28
2033-10;531.78;1246.66;1747.65;257.88
2033-10;795.11;1051.05;1536.14;465.45
2033-11;923.48;1007.05;1506.31;209.82
2033-11;468.59;1268.73;1918.34;286.16
2033-11;411.3;1400.48;1928.5;221.26
2033-11;845.12;1023.99;1008.65;231.67
2033-11;368.86;917.43;1102.18;250.87
2033-11;782.62;1474.2;1894.68;343.88
2033-11;848.14;1497.09;1259.76;361.52
2033-11;513.85;844.02;1583.7;287.53
2033-11;417.81;881.22;1315.2;293.6
2033-11;919.73;1045.62;1455.96;211.41
2033-11;866.12;1222.07;1363.29;462.78
2033-11;829.76;1237.04;1286.12;376.01
2033-11;441.92;1190.77;1778.51;451.23
2033-11;712.45;917.13;1435.16;207.91
2033-11;733.75;1365.24;1255.53;318.15
2033-11;358.95;1097.31;1324.86;208.44
2033-11;901.24;1444.41;1301.02;353.53
2033-11;666.47;1267.81;1197.82;232.31
2033-11;380.42;1054.65;1689.51;211.59
2033-11;538;921.59;1224.56;299.17
2033-11;591.84;1461.35;1802.55;355.88
2033-11;519.01;1105.79;1557.26;325.66
2033-11;672.24;1103.69;1043.64;351.62
2033-11;549.47;1351.56;1474.42;282.75
2033-11;745.19;1114.54;1651.74;402.56
2033-11;843.83;1140.81;1744.81;230.78
2033-11;555.35;1110.83;1164.88;382.34
2033-11;502.28;1175.37;1253.93;334.6
2033-11;627.6;1157.1;1468.73;374.97
2033-11;569.34;1055.8;1911.98;435.19
2033-12;614.41;1440.86;1324.83;387.95
2033-12;619.91;1063.22;1163.95;415.44
2033-12;753.07;1176.96;NA;360.74
2033-12;802.01;984.02;1531.67;299.59
2033-12;425.72;1066.91;1939.46;261.59
2033-12;584.32;1051.4;1134.4;255.51
2033-12;911.54;969.95;1403.84;316.21
2033-12;420.69;1275.75;1621.68;234.3
2033-12;555.28;964.62;1006.63;362.52
2033-12;511.58;1013.05;1824.1;338.75
2033-12;495.52;1086.4;1945.24;271.21
2033-12;617.87;1352.34;1108.95;261.15
2033-12;928.17;1054.91;1666.42;200.52
2033-12;553.68;1135.22;1101.71;327.16
2033-12;548.72;1055.1;1138.16;269.19
2033-12;582.28;1348.91;931.6;477.95
2033-12;479.05;1359.38;1810.98;369.18
2033-12;374.97;904.58;1195.12;342.55
2033-12;888.94;1104.49;1286;365.76
2033-12;596.31;1342.34;1324.42;279.74
2033-12;756.2;783.95;1490.34;367.47
2033-12;358.6;1122.58;1380.62;321.18
2033-12;753.04;1394.49;1617.92;325.42
2033-12;943.71;1320.95;1006.18;274.62
2033-12;535.33;837.28;1073.9;343.07
2033-12;802.2;956.77;1082.08;448.82
2033-12;666.68;896.33;1487.63;255.14
2033-12;659.92;764.51;994.16;201.65
2033-12;466.37;955.41;1708.79;468.52
2033-12;884.9;942.82;1625.72;315.5
2033-12;855.36;1078.31;1490.14;360.59
2034-01;355.19;974.83;1416.16;450.97
2034-01;942.64;911.97;1858.43;458.22
2034-01;734.03;874.93;1893.92;346.12
2034-01;835.16;1127.39;1685.35;418.87
2034-01;454.4;1114.83;1943.56;364.11
2034-01;354.31;1211.78;1736;414.28
2034-01;434.68;1260.84;1058.48;403.09
2034-01;567.04;870.75;1233.55;446.75
2034-01;605.93;831.71;1624.01;462.31
2034-01;515.47;1168.13;1146.13;328.38
2034-01;398.51;1003.13;1855.4;262.88
2034-01;520.17;1315.96;1793.7;282.51
2034-01;427.59;965.69;1033.9;360.93
2034-01;627.89;1068.38;1011.11;413.35
2034-01;673.63;1452.69;1374.93;277.21
2034-01;684.37;1130.49;1396.2;319.12
2034-01;469.81;762.23;1878.98;474.76
2034-01;604.45;756.86;1873.7;322.28
2034-01;510.82;1141.22;1836.3;226.83
2034-01;368.72;1006.71;1743.11;399.12
2034-01;840.34;798.89;1747.54;335.91
2034-01;921.03;754.52;1516.02;321.69
2034-01;672.83;921.98;1028.13;344.7
2034-01;867.92;1185.76;1211.43;255.01
2034-01;590.12;1497.28;1223.04;340.8
2034-01;609.71;1127.79;1611.12;450.95
2034-01;834.21;1083.07;1924.9;440.9
2034-01;411.39;1024.68;1625.17;344.45
2034-01;419.28;1313.17;1235.75;352.8
2034-01;602.1;925.03;1552.51;200.86
2034-01;606.7;1194.37;1704.01;348.71
2034-02;920.43;865.09;1595.84;450.13
2034-02;361.75;1063.98;1418.58;420.25
2034-02;923.27;1170.99;1172.75;251.5
2034-02;614.57;856.45;1889.73;321.66
2034-02;528.81;1391.29;1340.35;316.17
2034-02;388.17;1343.82;965.18;416.1
2034-02;826.16;807.62;1200.78;238.14
2034-02;743.05;1250.33;1224.49;335.75
2034-02;750.83;1430.93;1491.02;478.68
2034-02;752.57;773.79;1733.97;428.27
2034-02;404.27;871.17;1066.73;474.4
2034-02;929.42;1443.68;1600.46;472.37
2034-02;898.47;1066.53;1715.15;209.64
2034-02;885.73;1409.34;1847.25;344.83
2034-02;585.34;1434.74;1197.25;464.55
2034-02;881.71;1125.31;1028.7;402.87
2034-02;435.44;1095.57;1005.28;316.3
2034-02;551.47;1162.85;1621.14;420.1
2034-02;475.75;937.39;1619.8;304.3
2034-02;595.36;822.39;1008.19;351.21
2034-02;764.46;1260.25;1589.86;220.8
2034-02;846.62;884.83;1936.65;383.54
2034-02;700.95;850.03;1599.53;386.68
2034-02;798.17;1248.45;1128.75;404.15
2034-02;496.76;1006.92;1008.77;350.27
2034-02;637.29;1165.14;1166.78;429.15
2034-02;932.9;1351.64;924.59;237.06
2034-02;457.42;1281.5;1035.99;418.25
2034-03;833.53;849.44;1068.74;213.29
2034-03;633.46;1061.88;1091.41;426.43
2034-03;578.22;1463.6;1330.6;250.54
2034-03;522.92;1437.42;1309.6;372.94
2034-03;526.89;1056.24;1739.53;342.17
2034-03;641.63;1110.24;983.87;374.8
2034-03;704.16;1409.29;1642.26;471.61
2034-03;437.54;1030.91;1768.74;393.02
2034-03;552.93;1048.68;1937.92;304.39
2034-03;585.39;979.6;1115.92;316.14
2034-03;562.52;1252.5;1271.62;366.73
2034-03;700.28;959.59;NA;273.46
2034-03;417.53;901.29;1267.75;347.72
2034-03;368.35;841.67;1497.6;312.08
2034-03;388.08;864.25;1315.52;341.02
2034-03;865.54;1317.83;1030.15;253.83
2034-03;385.86;1414.37;1803.7;337.72
2034-03;556.99;1433.36;1589.09;211.56
2034-03;690.54;1165.16;1153.08;404.79
2034-03;659.4;1417.63;956.4;261.34
2034-03;786.08;1346.61;1217.74;278.84
2034-03;511.68;1477.24;1061.72;348.88
2034-03;567.04;1086.01;1505.4;348.74
2034-03;479.24;844.04;1069.07;474.82
2034-03;769.99;908.49;1440.81;364.9
2034-03;476.99;844.88;1721.25;361.39
2034-03;591.94;813.55;961.01;387.51
2034-03;510.73;1409.77;1535.04;211.32
2034-03;506.26;1019.91;1343.81;323.6
2034-03;828.89;753.62;1244.23;311.9
2034-03;838.34;1305.36;1579.5;292.97
2034-04;453.43;1373.03;1706.85;330.88
2034-04;427.58;1404.66;1818.62;353.99
2034-04;796.94;973.03;971.93;415.1
2034-04;527.68;1335.46;901.43;448.23
2034-04;467.93;1225.45;1816.59;246.56
2034-04;465.07;1039.48;1817.75;358.31
2034-04;599.79;1291.28;1645.45;461.78
2034-04;405.18;1192.64;1418.7;309.09
2034-04;365.31;976.38;1574.5;364.29
2034-04;359.81;1196.74;1119.25;396.85
2034-04;583.26;1357.16;1106.65;381.23
2034-04;607.66;1238.56;990.73;285.18
2034-04;838.49;1441;1810.9;338.51
2034-04;734.58;1450.17;1124.17;395.7
2034-04;409.1;782.46;1498.92;288.44
2034-04;862.83;889.95;1895.02;259.55
2034-04;369.91;1392.24;1562.57;439.78
2034-04;553.35;1330.02;1796.37;351.83
2034-04;605.73;950.5;939.58;335.04
2034-04;755.12;1286.92;1574.7;479.12
2034-04;797.22;953.5;1513.64;314.15
2034-04;391.73;1058.66;1309.41;427.76
2034-04;799.23;827.88;1387.1;200.68
2034-04;362.8;1153.26;1156.96;393.84
2034-04;828.76;1177.7;1452.77;214.41
2034-04;773.51;847.82;1737.96;266.38
2034-04;582.14;1293.11;1337.71;402.74
2034-04;426.28;1052.76;1259.52;325.34
2034-04;905.76;865.21;1054.53;229.02
2034-04;465.92;1426.29;1006.89;377.35
2034-05;487.56;1280.11;1471.62;278.2
2034-05;446.31;1059.97;1243.88;413.58
2034-05;813.83;1159.11;1822.22;433.86
2034-05;636.36;825.44;1403.32;226.39
2034-05;389.08;1361.92;1676.18;291.24
2034-05;850.43;1371.86;1724.09;467.79
2034-05;675.44;1494.9;1624.4;382.51
2034-05;750.76;1103.48;1393.2;282.93
2034-05;612.9;1155.43;NA;202.6
2034-05;358.23;894.39;1687.66;466.75
2034-05;679.56;1051.72;1682.31;419.77
2034-05;729.39;1075.19;1162.63;385.98
2034-05;626.28;1074.38;1179.41;288.68
2034-05;773.27;1110.16;1636.82;436.07
2034-05;936.14;1495.47;1811.31;282.33
2034-05;545.69;1013.22;1695.96;427.34
2034-05;746.6;1411.04;1343.98;369.44
2034-05;417.76;1404.31;1031.26;402.53
2034-05;539.5;910.85;1084.14;348.92
2034-05;871.3;1195.33;1937.95;402.62
2034-05;404.98;964.01;1564.61;315.27
2034-05;380.99;1166.37;NA;378.73
2034-05;359.45;923.7;1288.53;406.95
2034-05;664.58;1071.5;1912.42;380.19
2034-05;823.01;1241.56;1247.45;284.19
2034-05;809.39;1490.7;1795.13;307.54
2034-05;623.38;1021.81;1655;345.61
2034-05;601.42;1198.81;1448.33;214.17
2034-05;814.02;1447.74;958.57;379.89
2034-05;819.6;1007.29;1926.41;357.6
2034-05;853;1118.84;1725.58;200.1
2034-06;596.48;967.99;1872.51;235.67
2034-06;786.45;1489.11;957.1;375.76
2034-06;637.02;1201.44;1270.04;335.45
2034-06;571.46;1487.32;1327.06;415.74
2034-06;801.65;1322.97;1226.2;379.98
2034-06;920.33;1332.71;1105.34;405.26
2034-06;628.11;779.77;1011.46;346.11
2034-06;431.61;1148.89;1464.59;247.41
2034-06;742.41;1341.54;1522.93;402.6
2034-06;647.93;1202.62;902.58;334.51
2034-06;668.85;836.28;1362.27;384.27
2034-06;450.09;997.68;1612.08;290.23
2034-06;453.02;1220.92;1761.14;471.7
2034-06;531.08;1350.79;939.43;227.35
2034-06;635.93;1003.55;1021.23;456.8
2034-06;402.1;872.21;1476.53;335.75
2034-06;384.71;840.37;1281.05;456.83
2034-06;710.11;1107.09;1350.9;306.15
2034-06;596.51;1081.94;1054.55;447.22
2034-06;355.79;1026.06;1740.87;357.17
2034-06;417.17;1408.38;1712.31;299.17
2034-06;922.51;922.83;1675.04;271.95
2034-06;472.64;909.62;NA;208.02
2034-06;426.59;1229.55;1125.1;371.58
2034-06;573.38;1133.31;1406.66;433.8
2034-06;735.77;1213.94;1124.69;344.47
2034-06;812.47;1139.64;1500.09;327.65
2034-06;650.77;1019.46;953.97;295.83
2034-06;480.14;1279.55;1886;305.78
2034-06;379.01;1264.77;1221.86;355.93
2034-07;706.15;1442.7;1919.36;403.14
2034-07;377.47;818.92;1836.46;430.77
2034-07;522.53;1393.01;1404.99;406.36
2034-07;544.8;1330.45;1817.89;293.72
2034-07;640.99;1350.38;1925.82;355.29
2034-07;533.27;1019.91;1394.81;282.66
2034-07;502.39;1260.85;1164.75;479.47
2034-07;535.14;1260.12;1330.54;303.54
2034-07;814.27;1174.22;1580.36;212.35
2034-07;571.86;1284.4;1777.9;312.41
2034-07;390.55;1136.74;999.83;238.04
2034-07;667.11;967.69;1137.87;259.71
2034-07;588.95;1442.62;1091.08;245.16
2034-07;855.92;1362.16;1922.19;385.85
2034-07;639.06;1207.46;1361.2;284.01
2034-07;718.72;796.61;1351.99;229.69
2034-07;488.62;1010.42;1206.41;344.88
2034-07;765.78;983.02;903.47;264.7
2034-07;584.02;1262.13;983.26;203.2
2034-07;863.71;1258.26;1643.64;455.32
2034-07;510.84;1000.62;1084.83;305.16
2034-07;612.1;1453.22;998.28;317.08
2034-07;594.02;854.31;996.24;281.05
2034-07;376.36;1465.95;1484.05;249.68
2034-07;845.49;847.32;1609.94;435.1
2034-07;764.68;1393.8;1787.3;440.98
2034-07;803.49;1043.47;906.9;381.02
2034-07;885.62;1328.06;1030.88;434.91
2034-07;797.05;1370.91;1410.77;423.43
2034-07;605.38;1090.9;1505.44;333.01
2034-07;552.89;1199.35;1804;261.29
2034-08;922.62;845.71;1910.59;403.83
2034-08;897.67;1076.04;1283.52;286.99
2034-08;735.13;1063.5;1851.01;434.98
2034-08;368.79;1028.31;1665.57;325.66
2034-08;517.37;1403.25;1040.55;277.73
2034-08;368.26;1123.2;1240.23;301.04
2034-08;624.8;1393;1759.29;208.73
2034-08;586.7;1095.24;1687.5;380.87
2034-08;686.14;965.54;NA;435.3
2034-08;437.45;1225.46;1240.33;309.89
2034-08;779.82;875.07;1566.41;387.53
2034-08;712.28;1074.73;1734.07;413.23
2034-08;517.77;1328.98;1514.93;226.98
2034-08;700.96;1043.34;1789.17;370.74
2034-08;366.7;1306.62;1618.17;479.5
2034-08;837.63;1056.08;1582.03;252.6
2034-08;449.06;1336.93;1307.92;454.98
2034-08;529.24;1332.13;1605.72;367.3
2034-08;761.16;1164.42;1160.17;271.07
2034-08;730.35;1288.11;927.44;260.03
2034-08;696.85;819.55;1608.76;466.95
2034-08;605.08;956.85;1095.08;467.7
2034-08;720;1338.77;1490.68;391.72
2034-08;363.91;1321.7;990.68;256.92
2034-08;405.02;1313.18;1621.24;333.01
2034-08;604.28;823.98;1588.23;219.5
2034-08;883.51;1129.01;1146.99;462.06
2034-08;436.81;1154.64;991.26;362.88
2034-08;488.68;1083.88;1945.45;216.22
2034-08;948.49;1258.23;1194.21;211.56
2034-08;359.25;1274.08;1210.68;412.14
2034-09;495.13;956.19;1548.16;346.82
2034-09;826.8;1147.74;NA;446.57
2034-09;493.59;1422.98;1205.21;367.69
2034-09;805.35;1013.08;1344.82;389.23
2034-09;633.01;1138.63;1581.68;355.11
2034-09;841.17;1090.58;1938.6;406.37
2034-09;837.04;1490.62;1891.33;278.01
2034-09;856.04;1057.92;999.66;444.32
2034-09;710.35;1041.58;1525.31;327.04
2034-09;525.03;1375.75;1069.5;455.98
2034-09;866.52;887.97;1861.05;442.46
2034-09;566.42;1185.41;1138.06;220.36
2034-09;732.35;1048.96;1691.94;350.65
2034-09;868.85;755.56;1253.27;336.24
2034-09;890.92;965.42;1557.31;243.63
2034-09;548.14;933.06;1602.12;211.13
2034-09;825.1;843.07;1332.61;340.92
2034-09;451.58;1042.61;1446.46;474.33
2034-09;771.79;977.96;1560.57;321.31
2034-09;901.04;1269.27;1300.92;387.78
2034-09;395.87;801.32;1603.92;410.28
2034-09;724.77;878.2;1619.53;225.58
2034-09;437.83;1168.27;1500.63;285.01
2034-09;525.6;1456.74;1724.77;449.11
2034-09;838.84;898.98;1828.59;332.63
2034-09;655.64;1053.25;1009.09;339.6
2034-09;409.53;1098.05;1678.43;400.02
2034-09;804.17;773.45;1913.54;224.64
2034-09;788.21;1295.68;1867.86;374.45
2034-09;362.57;892.22;1707.61;469.1
2034-10;360.75;1114.62;1922.18;460.04
2034-10;629.02;1107.48;1503.45;466.43
2034-10;738.78;851.4;1703.84;400.93
2034-10;904.96;1328.04;1377.48;341.05
2034-10;581.62;920.69;1179.53;378.95
2034-10;390.42;1331.23;1229.11;445.38
2034-10;437.72;1217.62;1373.84;421.39
2034-10;880.36;1256.61;1283.73;355.1
2034-10;505.27;1106.33;1306.2;469.48
2034-10;828.35;1160.23;1422.6;251.9
2034-10;424.62;1044.19;1347.77;406.99
2034-10;883.79;773.02;1298.12;234.72
2034-10;561.53;1086.53;1280.57;245.05
2034-10;825.23;884.63;948.08;389.97
2034-10;440.46;819.34;1605.79;240.62
2034-10;676.51;1330.77;1088.67;304.41
2034-10;430.99;857.94;NA;366.31
2034-10;864.92;871.93;1787.52;453.63
2034-10;913.24;1031.26;917.91;385.05
2034-10;781.16;892.77;1928.02;220.43
2034-10;446.65;863.55;1585.38;441.21
2034-10;851.23;1138.12;1653.96;460.91
2034-10;398.78;903.01;1531.62;232.07
2034-10;360.8;1436.94;1383.22;376.66
2034-10;860.05;1391.63;1264.21;402.63
2034-10;807.25;1011.97;1727.92;429.14
2034-10;685.97;980.13;1831.2;203.62
2034-10;569.37;999.47;1166.77;298.81
2034-10;395.17;905.09;1457.05;240.99
2034-10;767.01;984.1;1720.97;375.85
2034-10;491.23;1091.16;1630.99;325.65
2034-11;686.05;1248.73;1758.02;269.32
2034-11;764.12;1070.02;NA;439.56
2034-11;584.93;1239.25;1461.49;265.43
2034-11;876.21;1226.91;1515.77;374.55
2034-11;659.1;755.88;1688.94;348.33
2034-11;553.73;794.85;1106.2;396.62
2034-11;863.37;771.38;1342.02;268.04
2034-11;603.41;1375.23;1278.93;284.75
2034-11;785.62;828.05;1895.74;205.67
2034-11;687.57;1307.69;1535.48;214.32
2034-11;897.06;952.79;1503.15;378.39
2034-11;666.01;1268.08;1006.85;299.34
2034-11;576.75;1059.53;1405.17;211.91
2034-11;581.66;1454.61;1878.35;414.13
2034-11;467.86;1337.47;1760;247.67
2034-11;863;1076.81;1019.44;317.25
2034-11;943.23;1289.56;1203.36;329.26
2034-11;815.29;913.81;1872.48;291.37
2034-11;414.98;1040.83;1377.67;256.13
2034-11;896.82;1033.46;1475.16;320.6
2034-11;922.69;1209.31;1705.48;407.08
2034-11;621.45;1216.72;1506.77;358.6
2034-11;674.7;1436.03;1056.07;218.45
2034-11;914.13;933.53;1369.09;464.23
2034-11;502.2;882.88;1696.25;406.62
2034-11;673.96;1386.73;1144.18;223.32
2034-11;726.17;1409.21;1197.46;241.44
2034-11;498.68;852.24;1052.53;261.97
2034-11;880.37;1492.95;1578.49;251.6
2034-11;752.44;953.74;1145.29;263.68
2034-12;475.68;1127.36;1600.38;263.16
2034-12;768.81;839.47;1638.05;344.7
2034-12;672.71;910.4;940.15;373.25
2034-12;568.79;1091.59;1707.25;292.79
2034-12;672.9;1084.38;1846.86;298.05
2034-12;563.28;1420.61;1875.84;426.09
2034-12;613.12;1240.27;990.82;330.49
2034-12;498.21;1007.15;1650.02;440.97
2034-12;475.79;1379.21;966.01;385.16
2034-12;439.28;751.33;1844.72;334.02
2034-12;850.68;1119.02;919.63;206.2
2034-12;876.14;1216.15;1295.21;447.91
2034-12;508.57;1075.81;1142.64;368.36
2034-12;405.98;974.11;1618.22;461.83
2034-12;883.96;1038.09;932.47;333.59
2034-12;686.4;776.78;1022.14;381.41
2034-12;693.53;783.76;1318.65;337.24
2034-12;804.09;882.59;1868.91;386.69
2034-12;850.08;776.36;1215.51;291.89
2034-12;702.39;1499.35;1582.9;298.45
2034-12;857.45;1271.39;1122.93;214.16
2034-12;559.23;1264.65;1294.97;440.54
2034-12;463;1066.59;1815.79;255.15
2034-12;798.4;1363.78;1363.94;248.17
2034-12;378.36;1361.81;NA;357.23
2034-12;636.74;1019.06;1737.82;283.81
2034-12;475.55;1458.23;1720.08;302.01
2034-12;433.62;1199.81;1062.12;234.39
2034-12;923.6;916.13;1407.28;354.12
2034-12;621.74;1392.4;1932.73;418.26
2034-12;416.98;891.27;1845.62;208.98
2035-01;822.39;986.36;1596.98;259.19
2035-01;710.72;783.42;1588.49;222.63
2035-01;567.16;1440.17;1835.31;212.95
2035-01;740.31;1193.91;1037.12;415.1
2035-01;419.33;1225.18;1263.19;258.16
2035-01;736.12;1404.68;1289.98;318.34
2035-01;586.34;1415.09;1752.08;300.6
2035-01;409.52;854.34;985.92;252.25
2035-01;413.09;1499.82;1727;448.04
2035-01;849.69;1405.8;1847.3;257.05
2035-01;883.3;893.16;1385.96;251.31
2035-01;928.87;1042.74;1779.78;254.19
2035-01;648.85;1246.19;1568.56;408.34
2035-01;487.85;1250.26;939.1;251.04
2035-01;575.13;1310.19;1146.77;290.06
2035-01;364.02;781.27;1363.79;389.78
2035-01;456.89;1126.3;1918.38;252.72
2035-01;430.73;943.52;1447.16;429.03
2035-01;722.91;939.22;1447.97;264.27
2035-01;710.7;933.12;1928.69;429.25
2035-01;791.56;1068.93;1395.22;343.94
2035-01;354.86;1061.69;1664.62;418.65
2035-01;539.71;751.98;1372.25;419.84
2035-01;682.91;972.28;1307.72;283.21
2035-01;800.71;925.31;1144.31;476.57
2035-01;631.9;851.83;917.06;343.94
2035-01;451.95;853.47;1328.78;370.12
2035-01;360.19;1359.31;1328.18;337.55
2035-01;633.13;1375.69;913.92;479.56
2035-01;709.51;927.54;1014.52;461.79
2035-01;647.94;1465.51;1934.54;402.65
2035-02;526.09;1349.55;1711.05;383.61
2035-02;475.6;827.31;1436.47;421.8
2035-02;668.53;1421.37;1502.7;315.37
2035-02;705.29;1229.24;1240.64;316.4
2035-02;544.32;1183.09;1836.24;449.94
2035-02;421.62;1386.93;1216.19;334.75
2035-02;528.14;1079;1303.2;394.94
2035-02;398.56;866.3;1226.02;456.07
2035-02;406.21;1312.14;1832.82;245.81
2035-02;457;1498.37;1711.98;455.63
2035-02;638.54;1146.09;1504.84;382.37
2035-02;705.04;1035.12;1484.1;278.23
2035-02;931.76;812.21;1927.13;245.99
2035-02;420.5;834.21;1475.72;465.06
2035-02;371.68;902.57;1539.62;256.33
2035-02;727.57;945.13;915.44;390.24
2035-02;789.26;1259.73;1546.91;226.32
2035-02;804.66;1398.49;1714.48;287.14
2035-02;350.18;1182.93;1048.37;249
2035-02;607.51;1457.64;1578.62;304.51
2035-02;394.8;1368.82;1212.78;307.16
2035-02;534.51;1499.78;1422.29;319.91
2035-02;579.23;1097.36;1408.68;330.1
2035-02;790.99;916.17;1459.99;463.67
2035-02;858.63;1194.55;1395.42;474.31
2035-02;731.99;891.51;1102.36;243.8
2035-02;910.31;990.62;1599.68;361.6
2035-02;787.52;1372.74;1232.26;421.47
2035-03;445.14;867.95;1692.6;429.84
2035-03;786.48;1461.75;1505.78;308.08
2035-03;353.68;1013.77;1691.32;219.2
2035-03;765.37;1051.02;1395.23;461.14
2035-03;588.82;1382.06;976.65;259.17
2035-03;895.35;968.55;1508.34;336.01
2035-03;470.13;1393.87;1228.25;213.43
2035-03;935.68;1416.02;1944.53;392.2
2035-03;938.81;1090.46;1530.07;389.05
2035-03;589.68;1242.25;1534.62;428.77
2035-03;915.08;856.81;1494.05;437.56
2035-03;937.12;1048.33;1222.9;226.82
2035-03;593.48;1384.53;950.06;216.83
2035-03;549.82;1257.89;1683.48;461.04
2035-03;611.97;754.28;1934.17;307.72
2035-03;659.28;1184.05;1513.9;218.71
2035-03;580.21;1086.18;1935.72;236.34
2035-03;753.04;1131.33;1921.47;380.9
2035-03;740.91;1418.73;1319.75;307.56
2035-03;585.42;776.04;1275.85;315.55
2035-03;772.2;818.06;NA;290.86
2035-03;469.05;1451.88;980.37;296.03
2035-03;888.47;1480.78;1189.62;473.71
2035-03;595.73;1061.34;1426.7;284.7
2035-03;634.08;792.5;1406.05;401.09
2035-03;766.06;971.67;1479.54;421
2035-03;771.83;921.37;1400.35;331.19
2035-03;769.77;1187.42;1187.89;428.71
2035-03;708.46;828.47;1729.92;398.72
2035-03;941.65;1054.28;991.62;386
2035-03;607.6;1116.67;1261.94;447.81
2035-04;359.62;1263;908.57;329.09
2035-04;600.68;1367;1125.99;404.5
2035-04;860.99;1428.6;1728.48;257.49
2035-04;728.77;1418.26;974.9;211.38
2035-04;424.42;825.08;1420.48;449.7
2035-04;447.34;1047.17;1140.32;224.01
2035-04;852.45;855.86;1498.63;204.3
2035-04;739.26;995.2;1020.63;323.97
2035-04;525.59;1017.62;1102.12;247.65
2035-04;930.21;1357.14;1582.83;408
2035-04;464.47;1111.82;1135.2;329.67
2035-04;873.24;1149.35;1075.58;460.53
2035-04;373.67;1283.82;1138.72;259.24
2035-04;924.22;927.45;920.93;344.74
2035-04;727.61;1422.21;1302.06;236.43
2035-04;869.38;1161.74;1871.35;275.42
2035-04;482.58;950.6;1053.7;292.68
2035-04;807.76;1339.15;1743.22;297.29
2035-04;614.62;1422.02;1104.98;351.12
2035-04;827.07;1094.34;1171.84;275.49
2035-04;518.55;1263.12;1159.2;432.59
2035-04;936.37;1137.58;1546.22;392.24
2035-04;745.32;1018.87;1650.09;341.17
2035-04;943.51;850.17;954.49;251.04
2035-04;619.83;1078.59;1170.08;336.4
2035-04;384.87;1478.7;1457.94;389.28
2035-04;534.85;971.18;1484.71;440.47
2035-04;944.39;1139.08;1881.07;351.25
2035-04;775.64;1237.96;1058.76;359.9
2035-04;760.99;1358.41;1812.08;413.85
2035-05;639.6;852.63;1727.94;469.39
2035-05;784.88;1010.07;1932.46;267.84
2035-05;425.37;1004.27;1459.04;221.78
2035-05;686.12;1138.33;1072.6;218.89
2035-05;856.89;784.04;1334.33;467.79
2035-05;786.01;1099.82;1891.34;442.69
2035-05;552.74;858.83;1414.58;472.04
2035-05;813.47;1443.48;1404.48;400.71
2035-05;789.12;1444.53;1825.62;389.98
2035-05;400.26;1344.48;1940.78;330.71
2035-05;949.25;873.55;1865.35;205.22
2035-05;723.53;1425.74;1725.19;219.76
2035-05;455.46;1478.89;1064.15;448.5
2035-05;516.31;1039.81;1820.54;377.79
2035-05;576.76;778.87;1624.67;301.58
2035-05;734.09;1213.59;1403.3;364.03
2035-05;917.93;754.89;1927.91;397.01
2035-05;931.58;996.15;1888.29;374.58
2035-05;611.01;1240.15;1780.28;468.21
2035-05;865.84;844.47;1088.06;433.14
2035-05;467.65;1160.01;913.28;447.35
2035-05;578.62;1049.52;1120.12;443.14
2035-05;807.12;913.75;1684.51;438.23
2035-05;929.11;1272.75;1868.57;230.56
2035-05;417.69;1456.4;1685.34;202.08
2035-05;913.21;1409.94;1035.57;211.17
2035-05;474.4;1173.07;1768.99;445.04
2035-05;737.82;1264.31;1886.57;278.95
2035-05;377.69;806.96;1147.24;441.3
2035-05;557.39;876.77;1408.21;317.88
2035-05;614.78;1437.37;1867.27;211.6
2035-06;499.38;836.98;958.01;424.53
2035-06;827.29;1444.08;1354.98;206.52
2035-06;790.14;1082.17;1790.02;466.3
2035-06;571.67;1196.67;1553.93;243.96
2035-06;367.74;1213.31;1038.13;220.66
2035-06;949.93;787.87;1769.65;208.51
2035-06;789.28;1326.77;983.77;365.4
2035-06;361.35;785.35;1266.83;323.58
2035-06;789.38;1357.73;1182.84;218.35
2035-06;783.94;759.26;1795.25;230.08
2035-06;828.9;1455.24;1445.95;270.51
2035-06;569.38;952.2;1798.55;303.95
2035-06;890.95;1139.56;NA;391.06
2035-06;719.59;1324.67;907.08;424.31
2035-06;878.92;1145.72;1326.75;348.53
2035-06;827.73;1138.81;1008.05;342.08
2035-06;421.68;1212.08;913.49;378.73
2035-06;586.26;785.64;1853.96;381.29
2035-06;802.05;787.1;1163.19;288.94
2035-06;760.01;1186.25;NA;316.37
2035-06;608.86;1469.56;1253.02;360.02
2035-06;839.9;986.94;1032.51;331.67
2035-06;445.78;1212.04;1503.49;228.73
2035-06;800.61;776.65;1366.61;344.6
2035-06;627.15;1311.95;1527.46;429.81
2035-06;352.1;1209.22;1901.22;325.02
2035-06;663.59;959.29;1020.78;395.47
2035-06;942.57;1467.26;1879.08;234.05
2035-06;355.65;1114.98;1831.82;479.13
2035-06;505.31;994.9;1617.66;369.61
2035-07;851.53;1344.59;1823.76;477.56
2035-07;623.71;984.38;1329.87;257.32
2035-07;654.62;1139.62;1497.57;451.17
2035-07;514.42;1118.69;1119.37;249.93
2035-07;408.97;818;1415.8;465.14
2035-07;924.79;1449.06;1629.53;259.4
2035-07;369.11;1099.18;1827.82;302.84
2035-07;902.24;1138.09;1267.86;476.31
2035-07;723.06;1472.37;1098.03;365.81
2035-07;616.79;1109.66;1619.02;363.87
2035-07;751.28;811.71;1494.07;254.54
2035-07;841.08;1158.07;918.62;345.32
2035-07;514.12;1108.51;1296.44;293.88
2035-07;859.77;981.85;1660.31;302.48
2035-07;610.74;1279.02;1369.66;295.53
2035-07;353.39;1333.18;1282.73;263.83
2035-07;857.74;1430.52;1725.01;252.95
2035-07;781.49;895.73;1702.84;267.44
2035-07;892.11;990.57;1027.96;208.38
2035-07;535.54;1392.23;1336.31;326.93
2035-07;475.87;921.34;1925.8;418.9
2035-07;681.89;1262.93;1093.67;222.87
2035-07;473.26;1292.01;1933.41;247.91
2035-07;782.6;1245.03;1102.37;239.59
2035-07;683.82;1008.95;1486.26;438.55
2035-07;829.57;1191.03;1697.56;414.39
2035-07;721.74;833.58;1227.46;378.3
2035-07;940.33;1079.33;1593.25;235.54
2035-07;528.08;1123.39;1577.1;412.32
2035-07;610.03;1011.78;1411.64;265.85
2035-07;508.56;896.83;1259.32;210.21
2035-08;717.57;1138.18;1338.96;369.18
2035-08;487.62;816.01;1869.36;448.36
2035-08;692.71;1366.06;NA;264.86
2035-08;544.14;1031.56;933.28;378.41
2035-08;819.52;1429.4;1200.14;284.41
2035-08;629.01;978.97;1477.89;476.93
2035-08;890.27;990.74;1888.83;410.93
2035-08;705.54;785.8;969.96;239.59
2035-08;389.22;1103.01;1702.7;400.6
2035-08;749.2;1077.92;1574.73;267.55
2035-08;543.07;1119.56;1928.52;459.7
2035-08;477.08;1080.81;NA;304.67
2035-08;919.25;842.15;1092.07;472.42
2035-08;890.7;1412.1;NA;360.18
2035-08;391.71;1116.41;1490.26;391.48
2035-08;402.21;1243.97;1405.36;395.16
2035-08;819.25;1098.33;1567.64;266.9
2035-08;944.82;1409.89;1265.29;453.15
2035-08;370.14;1415.34;1536.03;350.56
2035-08;534.97;1216.77;980.73;350.69
2035-08;725.96;1350.7;1222.23;299.19
2035-08;618.73;1107.73;1121.7;235.98
2035-08;834.8;978.97;1340.87;426.39
2035-08;650.86;1129.36;1668.41;384.98
2035-08;631.04;933.46;1329.72;293.62
2035-08;396.61;954.83;943.92;204.67
2035-08;586.29;822.26;1767.84;248
2035-08;377.46;1041.87;1021.06;284.3
2035-08;515.93;835.76;915.17;293.65
2035-08;846.09;947.28;1604.23;335.92
2035-08;535.56;1325.9;1513.13;269.02
2035-09;770.31;1307.15;989.03;216.44
2035-09;791.32;1195.75;1180.99;255.38
2035-09;681.56;1036.95;NA;374.42
2035-09;525.67;1128.54;1027.74;419.82
2035-09;491.13;824.51;1234.69;250.61
2035-09;802.71;1345.94;1430.73;389.51
2035-09;494.93;1275;NA;356.12
2035-09;644.08;1027.82;1349.36;271.42
2035-09;688.89;847.75;1341.25;451.65
2035-09;766.38;1420.02;1175.81;224.66
2035-09;354.28;1380.67;1142.76;289.66
2035-09;946.99;1214.55;1124.37;375.46
2035-09;683.48;1226.97;1163.98;360.27
2035-09;734.64;1212.6;928;214.4
2035-09;933.81;1378.94;1735.6;422.54
2035-09;386.75;1025.21;1425.76;428.17
2035-09;583.48;1365.82;947.15;475.78
2035-09;418.13;1358.75;1777.12;304.82
2035-09;750.46;1246.98;1522.57;439.67
2035-09;510.67;1221.91;917.76;304.05
2035-09;517.18;828.67;1090.85;346.68
2035-09;380.13;1326.41;1431.08;333.18
2035-09;853.83;1497.64;1118.68;400.07
2035-09;876.89;771.41;997.86;422.08
2035-09;405.75;1395.89;1771.54;257.65
2035-09;459.52;1382.06;1066;408.03
2035-09;673.45;915.22;1916.86;234.95
2035-09;909.89;1364.82;1599.92;346.82
2035-09;396.95;1061.88;1308.97;236.43
2035-09;565.59;1466.98;1104.05;392.46
2035-10;862.96;959.64;1462.2;337.31
2035-10;634.14;1113.54;1467.55;473.08
2035-10;400.6;929.42;965.29;335.67
2035-10;779.58;1112.96;1830.55;381.79
2035-10;754.51;1244.52;1525.36;479.8
2035-10;483.25;1186.37;1332.36;349.48
2035-10;591.44;919.43;1320.32;352.81
2035-10;717.89;1132.79;1092.62;414.48
2035-10;740.24;1080.96;1687.02;453.98
2035-10;720.96;989.05;1923.43;344.18
2035-10;403.63;1485.41;1277.59;383.52
2035-10;776.08;949.04;1155.31;457.56
2035-10;602.31;1165.8;1609.52;215.51
2035-10;715.32;1090.83;1119.04;248.87
2035-10;580.76;1389.43;1464.76;370.12
2035-10;385.02;1399.78;1890.21;309.98
2035-10;931.86;956.08;1674.31;429.7
2035-10;388.15;1322.34;1498.35;288.1
2035-10;901.38;1160.99;1010.58;424.22
2035-10;530.33;1441.44;1638.17;229.27
2035-10;755.67;1165.73;1911;425.29
2035-10;403.95;1128.1;1580.93;256.59
2035-10;500.1;1063.29;1180.7;273.25
2035-10;812.96;936.21;1798;209.9
2035-10;441.77;875.9;1146.66;317.4
2035-10;499.59;948.83;1836.81;290.42
2035-10;781.57;1195.6;1058.51;455.68
2035-10;541.52;1054.58;1464.22;330.39
2035-10;691.35;1378.65;953.66;339.98
2035-10;747.93;1342.59;1357;378.87
2035-10;477.6;829.75;1727.34;257.37
2035-11;467.11;1409.38;1121.12;397.54
2035-11;839.61;1290.93;1779.18;314.57
2035-11;422.95;1487.14;1452.51;231.79
2035-11;389;1460.35;1803.86;417.4
2035-11;356.43;1087.8;1601.71;360.06
2035-11;809.86;980.76;1815.03;282.64
2035-11;422.07;1431.14;1105.18;208.15
2035-11;897.19;1055.74;1516.23;342.81
2035-11;617.18;798.88;1922.72;437.56
2035-11;672.72;1205.38;1678.5;425.84
2035-11;543.32;1275.46;929.86;298.77
2035-11;933.59;845.47;1532.48;469.58
2035-11;656.74;1492.23;1407.92;311.87
2035-11;649.59;772.56;1462.31;443.73
2035-11;807.92;1395.12;1400.04;429.37
2035-11;878.53;1214.01;1014.95;232.39
2035-11;778.32;1166.27;982.73;364.05
2035-11;599.66;1381.96;1656.11;283.62
2035-11;390.44;1105.5;1572.78;417.41
2035-11;792.16;960.67;1535.86;351.63
2035-11;440.36;915.46;1054.82;211.84
2035-11;935.67;1237.88;1451.65;468.29
2035-11;494.32;1222.22;1623.25;442.37
2035-11;864.33;1273.86;1319.03;237.68
2035-11;444.02;1486.83;1790.82;338.27
2035-11;803.26;1311.12;1897.12;401.02
2035-11;405.5;1083.62;NA;322.71
2035-11;426.93;1093.34;1210.97;275.2
2035-11;668.24;1428.21;1617.88;211.95
2035-11;809.45;1212.09;1448.63;468.46
2035-12;909.57;793.03;1460.81;239.57
2035-12;366.15;1072.81;1170.64;233.77
2035-12;513.48;872.37;1472.87;308.14
2035-12;686.55;791.01;1128.92;252.74
2035-12;394.9;1329.91;1781.32;399.97
2035-12;443.64;869.33;1725.69;467.52
2035-12;576.67;780.69;1091.51;250.93
2035-12;887.07;1313.57;1164.18;435.9
2035-12;557.18;1051.42;974.4;356.68
2035-12;777.47;1350.79;1022.96;355.72
2035-12;709.4;811.48;1225.43;340.04
2035-12;593.15;848.74;1036.71;207.1
2035-12;633.2;763.24;1040.2;438.01
2035-12;365.8;1199.37;909.39;445.63
2035-12;491.77;1230.46;942.11;363.51
2035-12;758.69;1129.98;1659.66;408.26
2035-12;630.26;1024.23;1477.98;277.25
2035-12;698.28;994.43;1802.46;470.36
2035-12;772.43;1311.95;1838.31;379.68
2035-12;873.61;1371;NA;276.24
2035-12;924.7;1441.14;1649.16;471.16
2035-12;523.45;1094.1;1618.84;429.93
2035-12;421.65;1407.73;919.05;285.15
2035-12;683.81;1298.68;1913.27;416.54
2035-12;568.5;1389.37;1253.77;243.5
2035-12;619.98;1063.77;1342.26;297.06
2035-12;686.63;909.86;1689.08;317.22
2035-12;555.25;1348.42;1657.93;431.05
2035-12;579.07;1111.85;1822.89;425.97
2035-12;735.78;836.69;1923.48;363.55
2035-12;849.21;1400.37;1153.82;461.77
2036-01;442.25;1456.42;1105.22;464.06
2036-01;900.16;1150.83;1020.16;361.58
2036-01;589.02;870.07;1830.9;467.54
2036-01;742.8;779.31;1945.82;339.61
2036-01;841.22;1498.8;1572.86;217.29
2036-01;445.61;983.44;1903.9;272.36
2036-01;903.63;1145.89;1317.28;441.83
2036-01;868.32;1440.2;1430.97;402.67
2036-01;915.58;897.42;1269.37;410.23
2036-01;472.55;1382.33;1331.4;447.9
2036-01;564.21;995.93;1620.61;284.9
2036-01;355.5;1400.82;995.53;385.92
2036-01;627.65;760.3;1079.59;215.8
2036-01;793.72;1345.89;1652.42;271.06
2036-01;893.76;1231.01;1598.93;416.7
2036-01;355.16;1437.14;1228.28;309.76
2036-01;631.17;1066.64;1020.6;331.63
2036-01;617;893.12;1794.79;414.01
2036-01;763.29;1007.26;1129.74;425.51
2036-01;447.95;1137.54;1548.79;297.9
2036-01;676.74;844.52;1641.94;218.56
2036-01;794.72;778.88;1357.44;359.69
2036-01;592.35;1334.77;1512.55;445.37
2036-01;393.73;1304.98;NA;351.51
2036-01;806.24;784.45;1935.85;374.65
2036-01;839.37;1370.62;983.56;452.69
2036-01;856.31;782.37;1764.48;473.09
2036-01;477.43;1170.95;1470.08;263.24
2036-01;731.41;1028.41;1022.92;236.53
2036-01;735.42;815.33;1612.07;298.78
2036-01;881.98;1481.8;1204.23;371.77
2036-02;410.47;1422.25;1620.04;476.6
2036-02;734.53;1461.7;1204.64;433.03
2036-02;460.81;821.45;1022.03;260.97
2036-02;374.58;800.6;1904.11;351.6
2036-02;901.16;789.79;1829.54;254.42
2036-02;624.01;790.28;1114.49;342.65
2036-02;844.99;988.61;1185.61;298
2036-02;828.16;1186.69;1079.97;203.4
2036-02;371.34;1330.3;1848;443.1
2036-02;771.63;1260.87;1145.37;388.7
2036-02;741.83;1492.11;1184.3;220.56
2036-02;365.9;1355.09;970.75;356.02
2036-02;369.7;1088.9;1498.55;290.71
2036-02;809.33;1486.47;1049.29;465.44
2036-02;916.62;1366.15;1867.56;278.97
2036-02;797.66;1492.37;954.76;459.89
2036-02;695.96;1266.08;1792.13;255.38
2036-02;361.18;939.36;1393.46;269.75
2036-02;867.64;1441.65;1099.76;232.71
2036-02;432.54;1331.15;994.13;450.65
2036-02;810.69;1115.59;926.31;297.52
2036-02;604.41;1142.33;1227.12;414.33
2036-02;727.48;1255.62;1803.88;213.58
2036-02;754.61;1476.28;1162.26;295.21
2036-02;537.03;1160.32;1435.62;305.39
2036-02;436.66;1158.84;1438.54;247.02
2036-02;943.41;1284.94;1858.12;391.83
2036-02;730.64;1435.46;1510.63;233.16
2036-02;846.02;932.98;1700.07;250.79
2036-03;480.42;1218.38;1114.18;419.45
2036-03;745.68;1182.3;1525.87;278.45
2036-03;637.56;984.31;1599.16;458.32
2036-03;821.86;1442.78;1274.75;299.77
2036-03;355.75;1487.71;1775.98;328.18
2036-03;674.15;1377.59;1605.25;294.43
2036-03;754.78;1137.3;1585.93;236.32
2036-03;402.43;1302.05;1043.05;355.32
2036-03;720.77;1026.35;1112.11;299.64
2036-03;493.81;1149.43;1066.62;231.26
2036-03;688.01;1008.58;1164.87;414.53
2036-03;779.19;1498.4;1628.01;295.35
2036-03;659.87;1116.03;1272.2;333.07
2036-03;856.72;1457.63;1592.87;260.13
2036-03;470.2;852.13;1704.85;337.52
2036-03;716.74;977.48;1687.97;313.77
2036-03;431;1194.37;1262.83;351.33
2036-03;943.02;830.36;1286.68;400.96
2036-03;364.4;1010.57;1916.18;349.97
2036-03;597.94;916.34;1571.03;469.29
2036-03;731.86;862.93;1806.4;242.76
2036-03;890.18;1071.79;1812.05;410.89
2036-03;899.56;774.34;1725.19;381.41
2036-03;910.95;1285.62;962.86;324.07
2036-03;537.59;848.75;1006.41;381.63
2036-03;358.72;1174.6;1596.97;475.83
2036-03;908.85;945.54;1145.33;212.69
2036-03;639.66;776.88;1188.53;229.88
2036-03;454.84;1432.29;1317.89;395.68
2036-03;744.09;1313.68;1175.14;454.8
2036-03;781.5;974.06;1195.12;479.03
2036-04;767.02;1074.69;NA;237.04
2036-04;472.76;1291.21;1880.95;238.18
2036-04;841.72;924.48;1005.42;398.53
2036-04;440.74;1323.37;1536.26;279.52
2036-04;399.67;908.22;1376.38;293.16
2036-04;791.95;1334.93;917.99;294.13
2036-04;575.67;1015.48;1320.78;263.59
2036-04;380.37;1095.52;1111.44;448.83
2036-04;672.07;874.4;1427.69;455.89
2036-04;396.71;1196.48;1375.33;452.25
2036-04;715.77;1297.34;1813.21;234.19
2036-04;521.96;1363.43;1394.95;217.78
2036-04;937.06;1333.98;1662.43;288.16
2036-04;541.1;855.98;962.65;376.64
2036-04;455.11;782.27;1255.15;389.84
2036-04;525.68;888.07;1439.03;262.45
2036-04;515.65;906.36;1823.4;256.39
2036-04;666.88;1394.65;1353.61;254.89
2036-04;799.77;779.45;1264.48;402.51
2036-04;803.01;1419.39;1158.33;295.15
2036-04;844.7;1349.11;1482.07;306.85
2036-04;423.11;1331.77;971.75;356.31
2036-04;466.05;1198.7;1145.74;423.53
2036-04;629.55;1105.39;1828;316.39
2036-04;440.01;1492.84;1900.21;344.83
2036-04;484.43;821.84;1157.81;400.38
2036-04;922.1;1269.46;1307.9;384.55
2036-04;646.6;844.81;1909.15;463.81
2036-04;370.35;1190.08;1093.84;360.77
2036-04;608.47;1115.39;1381.65;250.87
2036-05;740.64;1120.43;1866.88;262.29
2036-05;723.23;1317.87;1585.35;277.84
2036-05;510.91;1124.78;1698.48;309.98
2036-05;380.4;1421.57;918.63;414.99
2036-05;357.12;1072.45;946.36;319.76
2036-05;480.47;1000.96;941.31;265.26
2036-05;788.25;875.56;1580.74;421.26
2036-05;528.09;823.69;1348.59;298.76
2036-05;366.63;880.07;1378.32;330.61
2036-05;922.9;832.89;1015.77;352.39
2036-05;918.83;1335.44;1057;304.24
2036-05;808.3;879.83;1926.22;306.33
2036-05;524.14;1350.39;1587.15;280.09
2036-05;805.01;1043.71;1236.04;435.24
2036-05;490.63;1177.5;1459.12;348.57
2036-05;907.82;1093.01;1643.48;300.47
2036-05;854.41;1402.73;1725.52;467.96
2036-05;868.94;871.06;1249.08;299.59
2036-05;819.02;1192.54;1350.64;457.06
2036-05;537.38;975.01;1199.59;412.54
2036-05;374.27;1120.67;901.27;266.2
2036-05;517.65;856.21;1912.38;233.91
2036-05;811.91;1240.47;1463.35;403.48
2036-05;920;1016.47;1901.52;217.87
2036-05;946.69;983.21;1781.61;432.6
2036-05;559.02;1247.09;1473.29;229.41
2036-05;897.2;1203.71;1345.77;456.12
2036-05;807.13;1333.06;1470.43;263.89
2036-05;715.77;1297.85;1939.7;265.96
2036-05;528.59;1244.26;1270.64;225.46
2036-05;367.49;1162.23;1509.88;336.65
2036-06;887.98;1091.24;1571.11;331.58
2036-06;865.95;1177.57;1835.48;255.98
2036-06;665.99;1348.03;1527.51;344.16
2036-06;745.77;1036.74;1799.82;460.07
2036-06;754.45;843.61;1905.62;376.41
2036-06;355.25;979.33;950.57;394.71
2036-06;651.63;1488.74;1858.68;422.99
2036-06;560.64;1254.88;1066.17;303.54
2036-06;617.91;1090.97;1516.59;297.12
2036-06;872;1470.56;1516.66;425.04
2036-06;719.86;1321.72;1852.8;417.88
2036-06;814.93;1294.4;1155.53;386.16
2036-06;696.6;1420.3;1789.34;205.85
2036-06;617.42;756.43;1158.13;408.34
2036-06;792.64;936.85;1802.7;363.72
2036-06;600.94;1114.05;1633.99;396.98
2036-06;714.3;1471.32;1049.68;465.68
2036-06;732.73;1417.9;1411.3;453.77
2036-06;846.87;1316.07;1563.79;447.52
2036-06;921.45;1472.8;1327.8;206.76
2036-06;581.91;1448.57;1005.9;419.3
2036-06;442.44;1474.84;1507.41;418.17
2036-06;658.39;1431.98;1792.85;468.68
2036-06;780.72;1316.29;1223.4;461.79
2036-06;698.56;1246.53;947.86;348.3
2036-06;817.55;1171.85;1817.62;281.87
2036-06;526.4;831.03;1133.75;382.38
2036-06;871.61;1137.82;1419.07;407.52
2036-06;381.73;839.32;1456.57;404.96
2036-06;538.79;1079.05;1085.84;300.44
2036-07;487.67;1265.99;992.05;405.15
2036-07;837.5;1445.74;1113.76;391.33
2036-07;773.47;999.59;1824.29;417.15
2036-07;787.31;884.85;914.62;276.61
2036-07;439.23;838.68;1331.58;238.29
2036-07;707.98;1327;NA;253.07
2036-07;508.41;1342.65;1258.11;292.42
2036-07;524.91;1403.78;1909.66;270.11
2036-07;428.31;1009.57;1523.07;353.29
2036-07;785.49;1319.11;1902.98;384.76
2036-07;423.75;1286.38;1165.79;445.15
2036-07;384.95;1240.77;1419.26;249
2036-07;811.31;1306.88;1686.61;469
2036-07;551.78;1453.77;932.54;476.46
2036-07;733.87;1454.86;961.6;443.07
2036-07;450.9;1387.43;1945.85;366.56
2036-07;395.26;1415.76;1939.37;380.64
2036-07;946.85;1207.08;1006.26;247.81
2036-07;350.15;1411.01;1540.78;387.27
2036-07;497.38;1487.27;928.04;434.23
2036-07;627.4;1040.37;917.82;455.47
2036-07;749.51;1379.07;1583.02;206.98
2036-07;778.01;1412.91;1348.72;270.58
2036-07;583.78;918;1798.4;435.23
2036-07;545.32;1294.78;1271.69;325.46
2036-07;728.74;958.17;1118.09;466.34
2036-07;538.89;869.52;1616.75;331.71
2036-07;809.7;1123.63;1478.2;346.85
2036-07;685.18;997.48;1029.7;280.41
2036-07;701.86;1050.21;1799.47;201.3
2036-07;355;995.77;1594.64;473.26
2036-08;673.91;875.4;1330.36;364.36
2036-08;876.72;768.75;1471.15;220.13
2036-08;918.24;1014.65;1054.89;219.64
2036-08;758.52;1290.59;1445.33;279.06
2036-08;746.1;899.42;1070.47;260.19
2036-08;731.6;1064.16;1153.95;376.01
2036-08;498.41;1090.54;NA;218.49
2036-08;669.2;866.76;1708.42;238.38
2036-08;474.27;1017.14;1565.74;242.48
2036-08;848.39;1100.27;1032.99;436.06
2036-08;551.21;888.04;1420.79;425.7
2036-08;359.41;1220.81;1046.61;222.14
2036-08;512.44;1442.24;1737.99;258.84
2036-08;790.03;1157.48;1608.78;269.61
2036-08;395.38;1383.61;1387.51;290.35
2036-08;432.94;1281.47;1512.31;354.13
2036-08;580.98;850.97;963.2;432.53
2036-08;485.11;820.79;926.11;468.13
2036-08;543.39;1441.67;1186.29;366.7
2036-08;915.7;1369.13;1226.67;316.14
2036-08;742.65;1495.15;1928.19;392.25
2036-08;582.49;1276.05;1409.95;213.1
2036-08;508.36;1425.6;1174.81;285.79
2036-08;695.56;868.63;1145.92;479.84
2036-08;790.49;1347.6;1884.81;284.43
2036-08;818.66;1121.04;1430.33;227.56
2036-08;655.99;1333.78;1468.91;285.22
2036-08;433.91;1242.54;1217.75;423.62
2036-08;355.1;1172.88;1017.4;353.21
2036-08;606.16;793.84;1094.24;242.1
2036-08;870.78;1400.97;1947.99;469.74
2036-09;615.97;899.69;928.94;380.09
2036-09;681.31;1312.68;1355.63;472.77
2036-09;631.61;1289.14;1692.89;409.78
2036-09;832.95;794.11;1695.9;356.97
2036-09;753.18;1152.82;921.83;475.59
2036-09;653.62;1026.38;1203.81;238.94
2036-09;411.66;995.81;1487.93;467.59
2036-09;567.86;857.47;1222.48;468.5
2036-09;506.66;1374.07;1123.52;215.4
2036-09;464.64;1143.76;1373.45;264.61
2036-09;416.86;954.51;940.96;470.32
2036-09;834.85;1299.87;1475.47;410.8
2036-09;481.95;1130.92;1909.43;211.15
2036-09;385.6;868.42;1134.38;390.58
2036-09;480.21;1250.43;1638.38;444.51
2036-09;759.75;810.78;1022.67;252.38
2036-09;783.85;961.4;1742.03;342.93
2036-09;476.66;1268.46;1344.26;294.49
2036-09;432.66;1263.39;1757;350.57
2036-09;876.36;1430.88;1074.33;396.41
2036-09;908.49;1142.43;1252.45;328.44
2036-09;700.32;895.18;1506.94;391.69
2036-09;901.96;1125.56;974.56;422.84
2036-09;584.77;1378.71;1111.23;215.49
2036-09;384.22;927.4;969.78;447.64
2036-09;431.37;1307.55;1229.87;295.43
2036-09;775.65;780.15;1890.49;327.38
2036-09;405.03;1460.79;1685.3;298.18
2036-09;610.39;1486.28;1717.2;301.73
2036-09;365.03;1213.09;1373.77;266.76
2036-10;560.87;859.71;1499.02;305.26
2036-10;543.8;1465.95;1432.34;207.4
2036-10;776.42;1301.91;1096.28;253.93
2036-10;878.32;1409.08;1508.56;245.43
2036-10;809.91;1346.97;1270.85;212.74
2036-10;478.21;1030.7;1725.27;378.3
2036-10;657.47;1248.77;1898.86;239.47
2036-10;514.19;820.34;1333.75;442.16
2036-10;867.07;1329.65;1356.3;428.33
2036-10;580.29;1166.35;1336.85;256.54
2036-10;575.82;1177.72;1314.25;451.88
2036-10;515.49;1440.88;1433.38;286.36
2036-10;807.08;1096.82;998.25;201.14
2036-10;813.27;1040.41;1773.12;465.84
2036-10;509;964.29;1526.96;206.43
2036-10;739.42;1258.27;923.55;399.78
2036-10;537.65;766.97;1538.98;394.9
2036-10;923.25;1070.46;1309.75;372.91
2036-10;405.53;972.94;1861.28;401.88
2036-10;907.16;1351.39;1857.9;383.81
2036-10;776.45;1153.73;1744.71;295.09
2036-10;540.63;959.48;1336.53;471.27
2036-10;685.12;993.05;1246.04;398.11
2036-10;399.37;1134.5;1687.52;272.58
2036-10;907.27;1291.87;1509.88;458.5
2036-10;404.43;847.26;1294.42;312.17
2036-10;621.5;977.14;1165.54;206.6
2036-10;913.88;920.4;1769.84;463.56
2036-10;549.11;1137.3;1406.24;310.21
2036-10;748.06;1280.02;1413.79;217.02
2036-10;556.54;1008.35;1597.23;451.97
2036-11;824.22;1003.95;1612.96;430.35
2036-11;909.02;1420.12;1916.05;386.96
2036-11;604.69;801.3;1413.61;305.77
2036-11;760.46;1419.55;1314.44;469.57
2036-11;795.71;1019.27;1319.72;305.2
2036-11;885.56;849.66;1401.65;377.44
2036-11;847.65;1356.75;1883.95;431.06
2036-11;754.75;751.93;1430.36;366.62
2036-11;628.52;916.65;1847.2;304.63
2036-11;938.17;1130.1;979.56;224.9
2036-11;416.61;959.13;1829.94;359.94
2036-11;868.77;1398.38;1581.2;217.9
2036-11;497.72;1006.81;1107.09;210.15
2036-11;602.14;1447.64;1545.19;463.49
2036-11;388.5;909.39;1504.27;327.57
2036-11;909.94;1209.38;919.36;374.92
2036-11;690.01;1120.09;1443.36;273.77
2036-11;416.34;1058.39;1288.6;297.85
2036-11;884.94;1228.13;1894.62;452.25
2036-11;738.32;1040.61;1222.64;286.43
2036-11;900.06;1136.19;1502.25;447.42
2036-11;560.8;763.35;1125.9;326.93
2036-11;594.45;1338.32;1016.14;467.87
2036-11;785.35;908.13;1438.19;388.35
2036-11;380.84;792.61;NA;313.42
2036-11;386.37;925.64;1009.71;231.76
2036-11;721.83;1277.58;1185.5;276.05
2036-11;434.4;873.37;971.44;304.96
2036-11;929.78;1136.11;1678.55;336.13
2036-11;721.92;979.16;1928.89;273.04
2036-12;878.12;1359.29;1072.18;417.12
2036-12;515.48;1063.16;NA;360.72
2036-12;686.56;1443.58;1570.04;350.64
2036-12;427.32;1044.29;1546.63;418.74
2036-12;723.72;1028.81;1146.2;427.99
2036-12;715.06;1063.94;1200.13;389.39
2036-12;691.64;842.38;1331.13;412.63
2036-12;398.79;1490.7;1932.15;264.63
2036-12;946.68;1240.77;1750.75;443.41
2036-12;573.37;855.64;1755.96;242.79
2036-12;634.83;1076.95;1658.78;467.58
2036-12;480.87;1023.51;917.24;333.68
2036-12;663.86;800.66;1441.07;364.87
2036-12;513.19;855.2;1893.95;479.47
2036-12;542.78;1004;1316.03;367.39
2036-12;912.58;1303.93;1948.03;363.21
2036-12;795.57;996.42;1863.84;257.97
2036-12;792;839.14;1627.82;447.61
2036-12;934.68;842.2;1937.34;249.44
2036-12;543.45;994.19;1058.98;443.99
2036-12;924.62;1108.3;1842.83;436.71
2036-12;493.36;874.89;989.86;450.48
2036-12;414.05;818.03;1861.44;260
2036-12;638.36;1188.37;1740.4;344.2
2036-12;794.04;951.25;1589.56;418.23
2036-12;436.38;1118.39;1527.98;262.29
2036-12;352.62;867.03;1749.34;302.01
2036-12;542.17;1044.72;908.23;287.32
2036-12;921.3;1090.75;1309.33;344.06
2036-12;824.34;806.81;1411.86;442.76
2036-12;494.44;1387.96;1801.55;429.06
2037-01;674.45;1211.29;1070.65;364.5
2037-01;456.42;1353.67;1616.51;376.24
2037-01;744.7;1262.53;1836.15;253.6
2037-01;726.99;1198.89;1195.38;265.32
2037-01;624.28;1188.63;1519.23;282.43
2037-01;714.1;1068.42;1734.76;442.9
2037-01;397.91;1196.17;1161.24;289.09
2037-01;663.42;1169.29;1296.11;414.16
2037-01;502.69;831.61;1335.88;475.16
2037-01;449.59;1066.05;924.16;201.08
2037-01;907.42;1468.4;1056.82;210.36
2037-01;613.61;981.51;1770.09;237.8
2037-01;778.6;864.11;1907.49;439.49
2037-01;785.94;1462.47;991.19;461.41
2037-01;377.88;1074.13;1665.77;220.36
2037-01;899.11;1004.5;1604.42;431.36
2037-01;381.04;1083.51;1115.2;415.2
2037-01;742.82;1203.96;1157.14;243.29
2037-01;782.95;771.53;1063.65;457.87
2037-01;627.9;752.86;1748.09;381.98
2037-01;360.62;1203.64;NA;353.01
2037-01;765.33;1398.46;1441.44;353.31
2037-01;858.16;1207.13;1343.06;224.3
2037-01;757.49;1372.63;1838.16;370.2
2037-01;805.11;1076.61;1889.73;216.94
2037-01;698.19;796.05;1209.32;201.89
2037-01;879.58;1433.42;1177.68;273.29
2037-01;803.8;1164.98;1314.38;433.94
2037-01;716.57;843.16;1161.18;454.46
2037-01;538.9;784.28;1396.26;398.99
2037-01;778.07;804.62;985.43;341.16
2037-02;685.24;823.21;1103.65;477.36
2037-02;362.09;1068.27;1549.71;324.08
2037-02;786.58;1104.42;1908.11;211.01
2037-02;892.93;765.3;1949.27;331.82
2037-02;933.73;901;1835.73;304.04
2037-02;464.76;914.48;1553.3;275.21
2037-02;666.58;1157.21;1099.44;267.34
2037-02;355.91;1351.72;1024.02;294.55
2037-02;851.63;1384.02;1384.56;260.87
2037-02;416.46;1485.3;1262.46;464.27
2037-02;946.68;1074.53;1385.88;277.05
2037-02;375.46;1138.02;1383;369.09
2037-02;615.75;1367.25;1234.26;221.8
2037-02;571.57;1440.08;1407.8;355.58
2037-02;492.17;1445.76;1233.75;380.17
2037-02;417.86;1436.3;1806.57;446.89
2037-02;761.25;1410.65;1793.19;459.86
2037-02;394.83;835.36;903.55;446.47
2037-02;410.36;1290.54;1024.95;204.5
2037-02;879.15;959.49;1016.44;295.03
2037-02;470.34;773.26;1079.59;275.4
2037-02;705.07;1068.64;980.07;361.1
2037-02;882.14;1030.69;1580.8;409.09
2037-02;407.87;864.5;1020.74;229.11
2037-02;881.43;757.98;1199.09;316.65
2037-02;855.71;1471.06;1610.99;342.85
2037-02;588.78;1038.88;1116.94;244.89
2037-02;445.28;1470.54;NA;427.13
2037-03;694.38;903.11;1206.66;268.61
2037-03;450.52;790.51;1868.28;419.67
2037-03;574.5;1236.44;1858.74;240.29
2037-03;852.76;813.04;1905.94;454.64
2037-03;717.17;1117.16;1304.39;286.73
2037-03;506.96;1301.66;1021.56;443.03
2037-03;460.4;1138.76;1475.98;430.89
2037-03;422.03;806.15;903.1;378.26
2037-03;760.35;842.13;1714.38;326.7
2037-03;920.27;812.18;1846.91;264.17
2037-03;449.65;878.25;1827.21;228.47
2037-03;589.68;1302.18;1921.17;381.41
2037-03;822.48;870.27;1934.63;410.26
2037-03;547.94;1233.49;1269.96;323.54
2037-03;381.48;941.61;994.9;317.22
2037-03;532.33;857.15;1089.59;266.93
2037-03;485.35;1237.61;940.71;236.02
2037-03;824.88;1141.36;1539.8;298.71
2037-03;432.62;1164.45;1422.6;380.09
2037-03;752.26;1106.24;1033.92;413.56
2037-03;915.17;1274.13;1736.29;383.77
2037-03;740.01;785.92;1635.77;416.43
2037-03;534.5;961.29;1024.68;310.4
2037-03;840.67;842.77;1190.09;452.9
2037-03;505.29;1412.8;1459.02;226.67
2037-03;937.16;907.8;1402.66;254.02
2037-03;583.58;778.15;942.49;459.52
2037-03;605.3;835.75;1589.66;257.74
2037-03;443.06;1059.96;1534.23;412.27
2037-03;923.16;1137.93;1800.14;425.9
2037-03;899.11;1067.4;1499.31;387.91
2037-04;668.94;1300.18;903.2;408.39
2037-04;420.4;1215.48;1007.85;303.24
2037-04;471.44;1105.78;1940.72;325.07
2037-04;512.19;1302.44;1579.71;477.87
2037-04;923.22;1199.48;1793.96;466.4
2037-04;649.23;1421.24;1173.63;374.73
2037-04;935.16;1006.51;1618.67;230.92
2037-04;769.66;1416.31;1856.53;278.54
2037-04;367.39;1487.38;1753.36;415.74
2037-04;729.39;1197.34;1345.54;314.34
2037-04;875.29;1090.44;1480.59;398.78
2037-04;409.8;1188.35;1777.09;339.81
2037-04;459.03;1478.48;1083.69;452.88
2037-04;606.04;773.61;1242.72;395.42
2037-04;937.73;1256.12;1494.9;463.1
2037-04;574.44;768.33;1235.93;425.8
2037-04;660.19;1386.26;1751.11;370.39
2037-04;884.83;859.72;1924.38;288.01
2037-04;748.47;1296.42;1190.34;239.74
2037-04;660.14;760.95;1685.12;393.72
2037-04;729.12;1332.7;1131.68;403.14
2037-04;779.28;1013.96;1489.62;230.08
2037-04;507.41;1244.2;1590.19;242.63
2037-04;899.35;865.54;1426.11;391.71
2037-04;459.69;1168.64;1900.86;231.86
2037-04;367.54;1049.98;1584.48;451.81
2037-04;379.61;1251.72;1310.16;426.55
2037-04;907.81;805.01;911.96;474.1
2037-04;372.65;1141.24;1799.53;208.47
2037-04;380.7;1248.3;1231.21;281.42
2037-05;675.7;898.67;1145.61;477.64
2037-05;765.51;1425.49;1627.22;322.26
2037-05;829.54;1347.64;1260.12;476.53
2037-05;722.32;1030.69;1664.1;447.57
2037-05;895.01;1206.69;1363.74;341.77
2037-05;718.71;961.32;1285.2;241.66
2037-05;746.51;943.24;1472.55;275.32
2037-05;828.05;1233.64;1574.8;409.32
2037-05;422.03;1395;1139.56;215.8
2037-05;416.83;798.4;1471.98;380.11
2037-05;601.68;1290.97;1480.14;453.85
2037-05;493.54;824.34;1028.27;203.92
2037-05;462.04;806.35;1685.11;467.65
2037-05;600.47;1459.51;1646.08;386.26
2037-05;948.56;817.21;997.55;401.58
2037-05;833.91;937.35;1843.8;426.12
2037-05;910.95;917.76;1617.27;235.68
2037-05;528.27;1232.13;1848.89;429.35
2037-05;772.2;1233.31;1198.23;365.99
2037-05;825.61;1224.97;1258.52;212.6
2037-05;753.19;815.85;1425.74;202.48
2037-05;575.46;963.72;997.03;347.69
2037-05;778.93;1164.53;1207.38;279.16
2037-05;942.13;993.02;1487.32;359.25
2037-05;390.96;915.23;1768.88;308.38
2037-05;477.27;848.18;1322.09;386.89
2037-05;507.43;898.04;1889.75;250.53
2037-05;847.42;802.38;1402.05;280.31
2037-05;642.99;939.83;1743.78;377.12
2037-05;631.43;1396.01;1662.89;220.72
2037-05;357.14;967.49;1122.27;280.61
2037-06;583.69;1242.58;1120.78;474.56
2037-06;486.21;1474.5;1421.18;473.62
2037-06;514.93;777.94;1425.37;356.01
2037-06;546.23;1438.37;1215.61;204.75
2037-06;544.43;891.3;1347.02;345.19
2037-06;788.92;1300.89;1816.99;275.28
2037-06;870.51;1090.44;1227.45;295.67
2037-06;889.37;807.38;1087.94;221.7
2037-06;435.79;1201.46;1538.58;463.98
2037-06;495.41;1484.16;1296.64;374.69
2037-06;852.48;930.77;1108.55;205.85
2037-06;536.96;1150.75;1912.66;340.03
2037-06;514.84;1457.56;1237.7;404.15
2037-06;414.98;1311.06;1368.07;359.15
2037-06;809.58;1450.66;1052.97;406.26
2037-06;586.9;916.26;1533.42;294.42
2037-06;355.86;800.82;NA;279.4
2037-06;937.11;1397.69;1894.42;306.64
2037-06;932.49;1142.35;1273.14;346.03
2037-06;799.65;1409.42;1065.03;259.38
2037-06;826.21;894.5;1941.12;428.8
2037-06;668.17;1392.33;965.05;360.45
2037-06;877.56;754.48;1435.63;456.67
2037-06;542.73;1226.25;1283.88;329.95
2037-06;442.24;889.56;1110.43;256.31
2037-06;388.43;1339.48;1512.44;386.16
2037-06;397.62;1309.4;1367.13;401.03
2037-06;722.64;1049.65;1467.2;336.24
2037-06;946.91;1142.07;1315.68;450.18
2037-06;367.56;874.47;1673.83;302.64
2037-07;467.04;1434.05;1255.28;250.37
2037-07;761.08;1218.33;1429.82;436.04
2037-07;539.68;1258.97;1541.66;317.86
2037-07;431.3;866.71;1796.82;295.4
2037-07;931.1;1308.29;1067.09;220.52
2037-07;529.78;824.66;1336.15;217.08
2037-07;552.3;842.56;1169.19;223.76
2037-07;377.1;803.28;NA;333.31
2037-07;795.17;1214.9;1052.23;422.54
2037-07;732.86;1326.42;927.48;211.87
2037-07;494.65;1479.79;1519.44;440.61
2037-07;727.27;911.46;1653.23;252.37
2037-07;687.77;1277.76;1576.7;457.26
2037-07;353.19;906.76;1066.81;288.65
2037-07;783.89;1143.68;1342.91;337.54
2037-07;771.12;1189.3;1007.59;400.95
2037-07;601.65;1340.32;1497.4;307.64
2037-07;842.85;1268.86;1518.69;338.93
2037-07;702.5;896.76;1345.99;279.9
2037-07;740.2;924.38;1855.8;288.42
2037-07;489.3;750.91;1394.66;203.87
2037-07;407.34;1011.03;1027.4;377.52
2037-07;639.69;843.73;1277.64;205.3
2037-07;871.53;1136.74;1615.92;422.68
2037-07;767.83;810.85;1180.73;250.56
2037-07;896.91;976.76;1365.09;394.94
2037-07;495.83;1491.32;1595.93;422.28
2037-07;390.55;1408.28;1900.65;270.12
2037-07;928.68;1414.63;1919.37;332.88
2037-07;631.55;778.56;995.91;472.97
2037-07;718.85;1312.4;1441.23;373.81
2037-08;765.81;1426.53;1807.01;362.93
2037-08;489.71;866.91;1724.06;336.29
2037-08;363.71;809.25;1090.1;216.32
2037-08;395.73;1088.98;1026.47;263.12
2037-08;366.65;1291.04;1826.57;425.4
2037-08;586.36;881.75;1074.16;456.86
2037-08;690.05;1302.32;1910.5;391.19
2037-08;913.24;998.76;1593.53;312.38
2037-08;946.16;1116.87;1944.35;278.78
2037-08;684.4;892.63;977.67;219.56
2037-08;697.2;779.65;1013.28;211.31
2037-08;739.28;1497.5;1834.52;208.44
2037-08;932.51;1114.16;1361.52;271.17
2037-08;804.86;908.68;1039.85;342.38
2037-08;705.06;1007;1230.79;375.66
2037-08;907.11;1463.44;1750.17;242.85
2037-08;574.41;1450.55;1593.73;218.23
2037-08;688.24;832.51;1815.03;476.22
2037-08;827.78;960.93;980.04;294.04
2037-08;797.22;767.77;1039.14;304.5
2037-08;874.28;941.71;NA;244.66
2037-08;699.45;1209.34;1036.75;221.5
2037-08;525.39;872.22;1105.95;283.01
2037-08;468.23;1185.93;1019.58;254.86
2037-08;773.38;1392.37;1507.67;317.78
2037-08;619.48;1437.18;1345.15;230.16
2037-08;866.5;1285.89;1022.45;359.94
2037-08;922.7;1398.65;1806.22;268.63
2037-08;467.77;937.87;1883.53;417
2037-08;359.8;1348.85;1758.74;285.28
2037-08;900.16;1361.07;1474.6;213.89
2037-09;594.85;1301.33;982.85;459.62
2037-09;820.62;1258.35;1066.03;353
2037-09;798.2;1147.84;1146.55;327.03
2037-09;913.41;1328.39;1522.26;412.16
2037-09;797.93;1220.97;NA;247.69
2037-09;576.54;1046.64;1871.02;462.37
2037-09;612.87;1234.71;1746.42;376.16
2037-09;378.39;1034.69;1002;460.14
2037-09;630.97;757.3;1692.96;447.9
2037-09;738.78;1385.92;968.24;350.91
2037-09;427.64;1097.18;1311.8;353.84
2037-09;713.52;1426.02;1939.65;383.04
2037-09;721.63;1388.86;1780.51;231.42
2037-09;851.46;1459.62;1812.99;319.3
2037-09;869.08;776.89;1822.77;302.86
2037-09;864.37;1014.42;1781.26;267.43
2037-09;794.93;825.65;1756.42;403.64
2037-09;872.9;1242.78;1580.39;361.5
2037-09;837.27;1250.4;1803.3;331.31
2037-09;698.72;1102.81;1250.17;204.13
2037-09;390.77;1490.47;1363.29;393.95
2037-09;377.57;754.93;1672.36;284.97
2037-09;705.72;949.08;1620.73;269.1
2037-09;612.17;1409.19;1279.02;273.96
2037-09;538.17;1239.83;1606.17;433.64
2037-09;380.12;1275.03;1406.36;241.96
2037-09;357.49;1247.87;1448.46;332.93
2037-09;409.52;1109.31;1510.03;342.49
2037-09;380.24;1022.88;967.51;388.44
2037-09;680.73;1193.34;1576.81;212.8
2037-10;901.67;1312.31;1783.93;220
2037-10;924.76;1156.19;1756.08;373.74
2037-10;583.05;1427.31;1412.07;211.64
2037-10;938.33;1201.8;985.39;459.72
2037-10;362.98;771.03;1618.86;305.65
2037-10;794.75;776.34;1914.93;450.33
2037-10;372.01;1311.83;1239.55;387.39
2037-10;392.8;1395.93;1253.5;240.77
2037-10;648.73;833.88;1900.36;217.56
2037-10;877.44;1286.42;1160.68;241.1
2037-10;490.88;1181.43;1573.1;201.3
2037-10;636.33;1307.99;1329.22;407.09
2037-10;908.43;1145.69;1929.96;246.49
2037-10;544.09;863.21;1704.04;471.6
2037-10;947.99;1083.56;1710.13;348.14
2037-10;731.31;978.44;1089.87;443.77
2037-10;546.84;1468.39;1912.71;399.86
2037-10;464.7;1292.14;1578.54;328.47
2037-10;464.03;830.02;1153.71;240.13
2037-10;835.21;1234.32;1800.99;470.52
2037-10;746.21;1166.76;1148.52;292.72
2037-10;841.25;856.04;1587.05;427.89
2037-10;868;1274.39;1632.78;457.21
2037-10;650.1;917.53;1394.63;305.63
2037-10;834.35;1188.61;1783.5;434.25
2037-10;609.34;1186.16;1112.45;247.01
2037-10;355.03;1343.69;1826.59;222.14
2037-10;357.46;868.44;1144.55;292.59
2037-10;886.58;1470.28;1936.58;297.8
2037-10;656.15;1362.52;1697.09;298.58
2037-10;388.98;907.24;1571.71;335.3
2037-11;668.78;1305.83;1489.45;375.68
2037-11;681.97;1033.99;1407.66;420.87
2037-11;453.94;810.11;1528.5;393.54
2037-11;517.18;954.54;1021.64;310.64
2037-11;873.97;790.67;1344.2;414.68
2037-11;597.65;826.72;1279.52;469.38
2037-11;599.13;1334.29;1634.79;363.12
2037-11;584.32;1409.97;1312.7;247.58
2037-11;928.78;967.69;1349.06;463.45
2037-11;465.42;962.03;1426.98;210.32
2037-11;539.61;1169.66;1914.49;304.76
2037-11;716.7;966.15;1271.81;215.3
2037-11;522.83;856.1;1243.03;421.03
2037-11;414.05;1435.99;1520.21;444.67
2037-11;834.41;1185.46;1272.06;286.01
2037-11;840.97;1391.02;901.01;300.18
2037-11;558.91;1034.86;1588.3;370.9
2037-11;705.22;952.48;1906.9;316.4
2037-11;463.16;1456.69;1625.84;219.75
2037-11;522.26;1132.35;1037.07;262.12
2037-11;421.93;1006.23;1201.49;368.12
2037-11;426.52;1208.03;1230.38;429.2
2037-11;739.44;863.78;1595.23;248.23
2037-11;670.43;1036.52;1665.72;298.92
2037-11;767.58;1267.57;1374.3;228.8
2037-11;640.98;1316.32;1679.98;457.05
2037-11;427.86;1454.47;1106.68;293.64
2037-11;483.21;845.54;1459.17;445.15
2037-11;841.51;1354.67;1445.26;392.93
2037-11;582.44;1107.95;1640.15;383.24
2037-12;827.55;1139.18;1505.38;453.06
2037-12;662.37;1145.34;1099.39;354.28
2037-12;588.06;1127.67;1640.52;327.89
2037-12;788.19;1272.88;1348;447.5
2037-12;739.62;1051.58;1246.96;329.48
2037-12;843.12;1264.07;1623.67;318.27
2037-12;705.94;1279.88;1281.07;200.79
2037-12;371.34;1230.18;1176.02;376.05
2037-12;538.61;1304.78;1051.21;478.54
2037-12;401.16;1134.35;1030.2;414.29
2037-12;530.55;1483.37;1782.56;307.73
2037-12;852.67;1275.35;1480.33;253.77
2037-12;373.92;755.17;1109.5;452.74
2037-12;617.16;958.94;1862.06;409.5
2037-12;889.35;1062.06;1287.31;290.73
2037-12;538.96;1025.66;1197.21;394.99
2037-12;679.58;1472.38;1307.7;217.45
2037-12;926.44;952.44;1366.62;247.29
2037-12;377.8;1062.31;1730.88;436.95
2037-12;471.94;764.92;1546.04;429.27
2037-12;893.72;1434.32;911.31;442.44
2037-12;801.8;753.79;1133;266.86
2037-12;427.58;1111.49;1513.21;311.44
2037-12;473.33;1334.85;1174.42;333.6
2037-12;740.59;1088.63;1290.24;428.72
2037-12;591.77;917.07;1850.5;300.13
2037-12;374.72;802.68;NA;354.43
2037-12;376.83;1294.89;1353.56;226.65
2037-12;723.54;1448.29;1595.98;398.55
2037-12;460.31;814.45;1713.84;228.55
2037-12;885.31;795.67;1523.65;349.97
2038-01;411.18;1476.05;1769.27;312.03
2038-01;942.41;971.59;1095.82;357.86
2038-01;747.34;1114.89;1384.74;467.43
2038-01;772.63;1336.9;1426.28;379.05
2038-01;581.44;1297.07;1422.85;213.88
2038-01;532.48;1276.59;911.06;325.94
2038-01;885.75;1284.95;1920.35;340.85
2038-01;838.98;1347.51;1699.4;316.63
2038-01;710.15;1136.7;1064.98;337.81
2038-01;694.3;816.82;993.25;271.81
2038-01;368.24;1478.46;1446.18;458.08
2038-01;636.83;923.04;1072.83;387.5
2038-01;560.24;1280.55;1014.28;347.77
2038-01;936.42;1135.4;1165.7;400.33
2038-01;822;1251.78;1448.43;361.07
2038-01;831.5;939.07;1503.24;394.98
2038-01;523.16;798.71;1595.77;345.63
2038-01;921.87;1157.01;1348.27;410.3
2038-01;458.1;849.66;1024.86;459.86
2038-01;505.42;1084.26;1393.95;383.14
2038-01;651.63;778.22;1864.12;229.23
2038-01;799.51;1497.36;1468.93;450.44
2038-01;886.26;1361.56;1043.43;225.33
2038-01;619.66;884.81;1495.43;434.72
2038-01;413.16;1167.59;1033.71;460.48
2038-01;706.51;1313.76;997.04;270.97
2038-01;445.27;1347.83;1028.37;476.03
2038-01;919.65;1112.77;1523.79;431.82
2038-01;659.52;1159.01;1490.71;270.93
2038-01;916.84;765.31;1486.18;375.19
2038-01;915.48;1347.67;1232.42;302.72
2038-02;599.99;1020.84;NA;254.85
2038-02;381.01;1192.97;1193.46;458.62
2038-02;773.47;1252.19;1054.98;316.46
2038-02;356.42;983.8;1264.88;395
2038-02;762.08;1049.9;1731.55;452.58
2038-02;877.31;1374.48;1304.7;291.24
2038-02;849.03;1159.59;1805.58;433.59
2038-02;548.81;972.09;1803.13;368.76
2038-02;357.11;1288.84;1930.96;452.48
2038-02;430.7;1034.43;1045.96;457.32
2038-02;947.28;792.18;1325.49;414.04
2038-02;614.7;847.08;1636.89;477.72
2038-02;821.2;1121.92;1620.24;250.19
2038-02;435.14;1392.57;1682.73;272.57
2038-02;402.8;1134.52;1492.34;346.1
2038-02;594.21;1192.96;1149.98;204.2
2038-02;575.54;1191.76;908.9;469.25
2038-02;593.57;1220.07;1662.19;369.95
2038-02;485.86;1090.87;1569.3;269.7
2038-02;734.1;926.08;1244.06;301.16
2038-02;815.32;847.15;1744.49;254.64
2038-02;581.35;1366.04;1189.58;344.51
2038-02;592.24;1367.62;900.52;260.59
2038-02;767.75;1280.07;1217.73;466.26
2038-02;844.3;940.83;1037.35;351.14
2038-02;703.45;1121.82;1041.83;300.73
2038-02;857.9;1497.54;1874.98;279.03
2038-02;791.91;1095.27;936.12;419.19
2038-03;921.39;950.83;1857.88;468.71
2038-03;409.81;877.45;1297.65;328.32
2038-03;677.11;1065.11;1780.47;325.88
2038-03;672.39;1230.48;1826.87;394.47
2038-03;465.62;977.14;1827.26;428.33
2038-03;390.61;1232.3;1730.78;475.3
2038-03;860.64;781.88;1326.53;289.06
2038-03;447.23;1149.66;1948.38;430.69
2038-03;590.43;915.76;1249.38;474.5
2038-03;635.67;1491.71;1505.75;454.44
2038-03;662.16;1346.05;996.62;216.25
2038-03;793.23;978.98;1703.01;398.81
2038-03;852.56;774.62;1885.79;448.17
2038-03;852.73;1427.34;1393.44;318.35
2038-03;562.27;1427.62;1289.42;213.18
2038-03;861.9;1027.51;1001.03;339.4
2038-03;749.23;1133.46;1311.66;439.95
2038-03;486.29;1375.72;1171;278.56
2038-03;888.44;1452.3;1347.3;364.95
2038-03;638.62;946.03;1811.9;215.61
2038-03;707.86;1016.74;1315.58;228.61
2038-03;626.88;1319.58;1257.72;479.37
2038-03;418.29;1402.39;1081.81;323.61
2038-03;357.43;905.09;1858.22;445.67
2038-03;899.45;1030.77;1704.95;218.39
2038-03;935.36;1061.07;1579.27;286.97
2038-03;924.48;948.8;1349.63;327.19
2038-03;784.73;774.32;1111.88;445.28
2038-03;859.97;970.66;1342.99;294.16
2038-03;643.78;1329.12;1496.86;348.02
2038-03;554.37;1263.82;1907.61;302.99
2038-04;570.01;1450.08;1899.81;315.35
2038-04;357.43;1115.29;1118.84;251.41
2038-04;366.77;1052.06;1027.85;451.48
2038-04;918.95;1172.22;1117.74;378.87
2038-04;913.77;1101.27;1824.41;205.27
2038-04;522.96;811.83;1272.31;287.23
2038-04;481.09;1301.05;1925.58;320.02
2038-04;579.61;1304.65;1638.94;216.67
2038-04;490.31;1043.34;1461.72;302.03
2038-04;569.18;784.87;1054.27;267.68
2038-04;702.36;885.03;976.56;322.49
2038-04;834.75;982.76;1320.74;303.06
2038-04;527.11;1366.46;1752.47;313.68
2038-04;878.94;963.23;1553.64;358.46
2038-04;386.98;893.36;1158.66;475.91
2038-04;835.18;843.76;1630.42;284.15
2038-04;476.26;1491.33;1580.28;470.36
2038-04;450.97;1317.43;1444.87;431.08
2038-04;902.81;1456.17;1204.74;215.64
2038-04;946.28;810.95;1432.56;253.87
2038-04;577.95;1216.17;1058.63;277.21
2038-04;581.46;1074.41;1060.5;351.09
2038-04;738.72;769.61;1662.24;468.32
2038-04;455.16;751.32;1620.81;354.96
2038-04;622.26;875.51;1366.27;463.02
2038-04;664.17;1004.17;1726.08;393.8
2038-04;425.11;1150.25;NA;264.18
2038-04;434.78;1127.99;1845.45;297.07
2038-04;834.18;948.65;1001.18;276.67
2038-04;368.43;1170.01;1755.84;294.19
2038-05;810;1307.69;1540.55;273.86
2038-05;769.32;999.44;1835.58;430.63
2038-05;357.91;1336.41;1882.24;414.16
2038-05;931.8;1270.05;1119.31;205.87
2038-05;680.87;1384.36;1308.02;410.84
2038-05;845.43;914.29;1057.15;314.98
2038-05;393.16;1405.36;1089.22;260.91
2038-05;506.89;1470.96;1751.51;368.13
2038-05;862.53;1119.63;1642.77;409.73
2038-05;676;1193.35;1114.42;309.73
2038-05;454.64;1226.74;1779.51;285.96
2038-05;922.61;1432.55;1465.57;391.52
2038-05;527.11;916.07;1881.11;203.65
2038-05;663.79;1052.14;1800.39;279.73
2038-05;460.82;1115.69;1089.22;363.39
2038-05;428.55;1497.22;962.84;277.11
2038-05;375.72;950.95;959.36;364.84
2038-05;810.39;1464.74;1486.72;333.09
2038-05;914.42;987;1479.53;302.68
2038-05;837.85;1055.9;1730.03;342.47
2038-05;722.68;1302.55;1544.35;325.06
2038-05;509.67;809.8;1904.01;223.49
2038-05;718.95;1046.12;1768.67;382.67
2038-05;944.88;1155.45;1582.02;446.53
2038-05;721.42;1124.03;948.77;356.47
2038-05;822.12;1445;1935.98;335.67
2038-05;927.37;1083.08;1200.45;263.08
2038-05;692.27;1322.47;1180.23;371.46
2038-05;371.45;920.95;1664.37;252.93
2038-05;362.88;1426.26;1281.17;445.73
2038-05;839.46;904.27;1919.13;301.98
2038-06;786.4;1349.74;1805.13;365.45
2038-06;592.15;1118.94;925.82;424.94
2038-06;414.42;1187.2;1718.79;248.11
2038-06;794.39;1308.75;1258.12;289.47
2038-06;441.66;1094.77;1414.56;247.3
2038-06;351.13;1070.16;1735.99;357.37
2038-06;687.27;1033.63;937.02;379.94
2038-06;596.42;787.69;1225.44;305.86
2038-06;777.81;1173.04;1744.55;467.34
2038-06;741.93;1209.58;1671.43;231.94
2038-06;496.39;1329.62;1076.16;349.25
2038-06;361.74;843.11;1872.28;281.32
2038-06;860.28;1333.17;1258;461.85
2038-06;374.55;820.04;1874.53;258.8
2038-06;790.24;1344.76;955.53;309.52
2038-06;616.01;1355.33;1260.02;239.09
2038-06;880.09;1215.08;1009.65;414.26
2038-06;524.56;1358.2;1281.09;212.98
2038-06;836.6;1223.57;1948.64;218.21
2038-06;370.86;1289.52;1036.01;246.69
2038-06;684.13;928.95;1433.25;391.56
2038-06;449.82;800.41;968.25;201.09
2038-06;944.47;1452.76;1866.87;213.92
2038-06;792.35;1032.24;1842.71;369.78
2038-06;553.42;966.4;NA;320.69
2038-06;792.05;872.55;1007.57;246.11
2038-06;883.64;850.08;1617.82;299.48
2038-06;745.95;963.76;1323.92;380.8
2038-06;766.93;896.86;948.01;295.06
2038-06;943.43;1157.09;1819.51;301.94
2038-07;922.73;1163.66;1659.8;415.34
2038-07;720.76;1136.8;1129.6;452.2
2038-07;533.2;1326.82;1223.48;230.23
2038-07;752.29;828.28;1861.34;387.27
2038-07;671.19;1266.42;1244.39;250.02
2038-07;942.91;1384.87;1836.77;274.07
2038-07;742.7;860.13;1514.71;389.55
2038-07;496.59;1393.85;918.26;307.76
2038-07;647.75;1248.98;1355.06;371.41
2038-07;445.2;1309.11;1609.12;251.32
2038-07;699.01;1007.77;989.56;386.99
2038-07;828.94;1246.05;1848.14;357.33
2038-07;612.14;1154.78;1854.16;293.2
2038-07;780.24;1192.78;970.35;300.01
2038-07;778.54;1187.06;1513.17;233.08
2038-07;832.47;1290.29;1925.12;385.06
2038-07;377.7;805.74;1433.34;441.89
2038-07;638.07;1387.63;919.3;459.65
2038-07;689.65;836.34;1332.76;375.63
2038-07;765.58;832.9;1569.11;255.08
2038-07;618.46;832.43;927.08;429.43
2038-07;532.27;1409.05;1576.23;261.36
2038-07;726.52;933.36;1624.8;264.48
2038-07;516.5;1215.14;931.33;288.76
2038-07;771.76;1425.97;1319.84;250.93
2038-07;910.54;784.19;1424.56;451.39
2038-07;754.75;1417.78;1736.26;431.02
2038-07;701.76;1249.85;1572.81;409.27
2038-07;872.95;1126.93;1323.4;232.22
2038-07;416.02;771.04;986.38;227.29
2038-07;527.12;1223.88;1507.71;398.38
2038-08;515.41;1054.11;1300.62;445.87
2038-08;356.27;815.05;1323.4;202.37
2038-08;813.11;854.24;1919.89;445.32
2038-08;552.77;1193.32;1125.2;297.21
2038-08;824.14;1431.84;NA;423.92
2038-08;669.47;1326.81;1800.82;423.04
2038-08;456.32;1160.25;1792.05;437.75
2038-08;665.3;1192.08;1880.59;399.63
2038-08;396.25;1197.46;1571.46;450.3
2038-08;789.4;1023.27;1294.23;444.61
2038-08;387.91;917.08;1939.76;357.69
2038-08;652.96;1209.02;1372.69;308.31
2038-08;796.39;877.01;1030.97;292.76
2038-08;687.79;1274.83;1020.77;460.55
2038-08;386.56;1197.56;1876.44;328.66
2038-08;378.18;1491.5;1571.07;381.77
2038-08;553.04;1372.46;1554.13;237.22
2038-08;809.13;1403.37;1036.61;267.34
2038-08;491.36;822.28;1233.32;421.72
2038-08;622.43;1181.67;1131.22;267.05
2038-08;708.51;1186.9;1669.55;243.41
2038-08;394.64;1430.45;1737.18;394.45
2038-08;746.81;1434.27;1264.82;338.77
2038-08;781.17;938.18;1066.34;439.56
2038-08;534.18;1433.35;1948.62;329.57
2038-08;377.09;1033.21;1822.46;413.4
2038-08;716.03;1153.55;1761.49;321.22
2038-08;870.44;1040.6;1269.71;392.73
2038-08;584.54;1366.36;1551.64;315.87
2038-08;456.73;1409.27;1855.17;385.93
2038-08;695.64;1312.09;922.92;307.89
2038-09;785.56;1481.7;1531.08;222.27
2038-09;369.16;1168.62;1166.02;394.2
2038-09;874.27;832.68;1055.83;466.04
2038-09;567.91;776.56;994.55;243.02
2038-09;521.4;989.07;971.51;289.44
2038-09;804.35;1319.55;1361.27;289.35
2038-09;737.65;1391.48;1502.04;227.82
2038-09;425.46;1214.89;1831.6;455.09
2038-09;430.83;1252.46;1346.16;468.05
2038-09;566.29;1255.54;1911.13;362.88
2038-09;854.65;793.11;1626.41;452.7
2038-09;519.59;1313.69;1162.03;425.22
2038-09;929.38;1391.21;1564.03;200.81
2038-09;441.89;1089.78;1898.15;305.04
2038-09;879.18;868.24;1423;217.15
2038-09;862.57;1404.79;1329.14;289.86
2038-09;485.55;1327.93;1124.07;227.43
2038-09;865.1;1140.55;1763.28;204.19
2038-09;901.48;777.68;927.84;201.95
2038-09;556.7;1288.07;1405.36;387.19
2038-09;431.53;1036.29;1528.01;245.73
2038-09;754.22;1371.27;1141.46;362.04
2038-09;759.83;1353.56;1193.18;323.82
2038-09;423.61;1215.01;1349.47;380.39
2038-09;869.79;1474.38;1065.47;366.63
2038-09;945.56;957.65;929.3;471.44
2038-09;427.65;788.01;932.78;296.13
2038-09;872.53;1036.65;1734.78;259.48
2038-09;617.86;888.65;1274.89;218.83
2038-09;627.03;1321.39;1419.72;449.61
2038-10;763;1460.4;1312.44;202.04
2038-10;649.09;796.12;1207.68;374.77
2038-10;622.14;1185.67;1175.18;248.5
2038-10;781.35;925.44;935.89;349.83
2038-10;483.69;1065.4;1405.14;304.95
2038-10;597.9;1113.51;1036.1;407.44
2038-10;871.79;951.17;1207.39;231.73
2038-10;612.27;1026.62;1678.52;393.51
2038-10;753.46;1104.44;903.12;468.91
2038-10;520.71;1322.28;1344.46;270.24
2038-10;577.89;1053.57;1909.62;329.71
2038-10;407.92;1460.94;1629.88;294.83
2038-10;480.63;800.86;1486.26;471.42
2038-10;431.37;1229.04;1754.53;311.54
2038-10;896.71;896.3;1058.13;418.56
2038-10;622.35;1147.07;1237.9;213.94
2038-10;394.48;1093.15;1232.28;446.21
2038-10;752.12;1468.51;1603.29;248.71
2038-10;641.27;941.79;1881.71;290.4
2038-10;804.15;1425.96;1310.44;375.21
2038-10;793.46;1479.52;1048.21;379.15
2038-10;673.1;1168.72;942.89;302.64
2038-10;641.35;1326.92;1541.49;420.3
2038-10;570.05;1152.96;1076.97;471.82
2038-10;409.51;1126.95;1031.51;266.51
2038-10;943.77;785.89;1011;211.57
2038-10;454.1;1128.59;1136.07;388.3
2038-10;577.17;1190.45;1273.07;262.39
2038-10;547.63;1386.43;1416.42;459
2038-10;599.23;1024.04;1270.5;477.34
2038-10;710.24;1292.27;1541.89;466.49
2038-11;942.28;1236.9;1769.12;319.22
2038-11;385.25;1302.42;1684.5;238.74
2038-11;913.46;1271.61;982.66;478.62
2038-11;372.19;1033.74;1933.64;332.76
2038-11;427.59;1091.11;1187.78;207.82
2038-11;841.77;1325.83;1897.74;403.09
2038-11;660.98;953.35;1561.52;380.22
2038-11;609.48;1263.48;1166.82;204.84
2038-11;851.79;1198.39;1751.83;216.74
2038-11;373.38;1398.93;1211.52;460.42
2038-11;686.09;1062.66;1433.47;347.13
2038-11;786.12;1006.21;1683.55;341.33
2038-11;626.28;910.19;1452.5;379.01
2038-11;696.66;1133.19;1652.62;231.6
2038-11;643.81;1097.53;1369.94;224.39
2038-11;466.16;1050.25;949.56;242.18
2038-11;833.35;1105.67;1739.3;237.89
2038-11;774.14;798.14;NA;283.51
2038-11;766.86;1110.84;1060.59;316.26
2038-11;791.89;1428.27;1819.09;349.61
2038-11;756.44;1487.51;1897.74;269.86
2038-11;756.45;855.25;1874.53;366.19
2038-11;544.44;1200.54;1861.08;428.58
2038-11;680.68;1231.38;1621.22;294.39
2038-11;528.04;1186.6;1356.83;432.94
2038-11;485.98;944.64;1840.92;292.96
2038-11;946.06;1287.17;1534.12;299.22
2038-11;762.39;887.85;1520.74;448.37
2038-11;663.76;1023.95;1335.68;260.53
2038-11;943.88;1068.34;1126.17;216.37
2038-12;362.15;864.59;1687.07;362.1
2038-12;734.78;810.12;1029.08;333.82
2038-12;846.22;791.91;1642.8;438.58
2038-12;600.44;1408.66;1356.46;424.41
2038-12;716.92;1089.68;1931.81;451.41
2038-12;889.41;854.57;1077.13;245.64
2038-12;379.7;1105.46;1380.08;355.68
2038-12;900.5;1056.29;1881.6;266.19
2038-12;787.08;1176.67;1916.33;343.91
2038-12;561.79;1043.85;1949.73;340.65
2038-12;923.35;1068.49;1405.66;320.16
2038-12;832.98;1422.78;1383.95;382.69
2038-12;372.2;1320.85;1787.56;445.16
2038-12;396.66;1114.56;1038.7;471.13
2038-12;886.68;1329.28;1126.35;451.18
2038-12;473.02;1328.37;1052.43;409.12
2038-12;776.25;1410.58;1624.71;353.2
2038-12;504.93;1385.64;1216.96;203.86
2038-12;643.53;1403.48;1514.86;341.86
2038-12;756.51;882.61;1575.29;202.24
2038-12;798.6;784.37;1409.3;239.93
2038-12;595.18;818.23;1625.76;266.9
2038-12;374.58;1351.86;1842.16;373.23
2038-12;720.53;753.95;1445.52;423.8
2038-12;705.21;1485.35;1743.14;214.44
2038-12;800.87;1352.39;941.37;296.79
2038-12;545.25;1098.57;1519.49;382.82
2038-12;684.19;1465.68;1854.04;469.21
2038-12;904.6;1479.95;1454.16;475.84
2038-12;531.32;1212.22;1744.22;467.81
2038-12;500.66;1347.07;1503.97;450.92
2039-01;914.12;1284.55;1636.22;258.05
2039-01;823.68;1054.26;1916.5;295.78
2039-01;786.99;911.6;1320.86;311.84
2039-01;828.62;834.03;1637.22;270.58
2039-01;500.01;936.71;1820.71;308.77
2039-01;516.52;1216.05;1350.5;316.11
2039-01;697.06;985.63;1788.97;466.94
2039-01;452.98;787.46;1150.13;217.35
2039-01;925.72;930.99;1246.22;457.17
2039-01;357.65;1260.69;1029.76;202.48
2039-01;728.71;1444.49;1307.75;353.65
2039-01;463.25;1137.09;900.63;417.31
2039-01;768.55;778.35;1193.43;237.41
2039-01;639.21;915.44;1239.19;322.53
2039-01;546.13;1162.17;1117.46;464.06
2039-01;445.11;1295.96;1698.52;407.7
2039-01;791.59;874.21;1024.73;431.05
2039-01;657.13;846.64;1062.22;404.34
2039-01;591.12;999.79;1878.89;462.67
2039-01;872.13;1104.57;1668.09;458.31
2039-01;407.09;1007.75;1596.87;310.66
2039-01;572.26;1142.39;1908.35;316.05
2039-01;492.48;1260.83;1246.78;433.13
2039-01;845.89;1189.08;1599.28;405.01
2039-01;912.45;770.68;1009.17;344.1
2039-01;633.73;1446.66;1101.68;387.58
2039-01;931.71;1490.12;1803.87;339.4
2039-01;884.42;1430.36;1555.06;463.13
2039-01;938.48;1241.33;1932.42;419.22
2039-01;449.81;1402.58;1437.2;357.46
2039-01;407.11;1307.06;1273.04;215.06
2039-02;424.72;999.01;1467.61;428.22
2039-02;901.66;1281.95;956.13;464
2039-02;542.68;993.86;1772.49;471.54
2039-02;581.47;973.04;1030.59;322.45
2039-02;468.98;1104.81;1187.23;292.93
2039-02;673.58;1486.76;1850.97;473.25
2039-02;434.79;1107.21;1876.94;249.13
2039-02;649.97;1317.35;1747.44;441.78
2039-02;702.99;866.02;1222.83;213.05
2039-02;734.76;1329.41;985.67;430.37
2039-02;813.37;1433.06;1854.35;330.21
2039-02;880.9;1323.57;1854.92;294.6
2039-02;744.43;908.15;1253.54;376.37
2039-02;611.56;1409.46;1382.91;235.6
2039-02;544.31;1344.46;1125;268.69
2039-02;388.35;959.51;1016.95;347.12
2039-02;896.6;985.81;1687.61;462.89
2039-02;936.98;1129.29;970.27;320.66
2039-02;673.73;1413.74;1264.52;399.42
2039-02;565.27;1356.02;1943.24;296.3
2039-02;358.96;1300.3;957.75;288.19
2039-02;766.96;1056.82;1224.89;296.69
2039-02;613.39;919.08;1001.78;424.74
2039-02;532.58;1008.53;946.69;355.91
2039-02;709.51;1253.7;1145.81;317.94
2039-02;672.64;910.19;959.3;290.76
2039-02;652.43;1020.94;1388.72;412.26
2039-02;781.39;1239.96;1396.01;289.33
2039-03;939.84;1475.52;1485.72;415.64
2039-03;653.11;1339.4;1556.85;225.65
2039-03;695.89;1048.16;1472.68;402.82
2039-03;699.02;975.91;1597.45;434.45
2039-03;568.04;761.48;1088.12;292.94
2039-03;924.63;1415.14;1228.25;278.7
2039-03;788.5;1479.72;1627.29;275.41
2039-03;594.58;1494.53;1236;267.79
2039-03;611.18;788.62;1759.03;316.17
2039-03;673.78;990.19;1193.35;382.44
2039-03;676.95;1206.69;1528.27;318.15
2039-03;690.66;1282.95;1254.01;269.5
2039-03;593.87;1440.18;1278.8;327.48
2039-03;571.71;799.33;1651.92;313.57
2039-03;877.52;880.57;1399.9;214.23
2039-03;767.71;1159.15;1778.02;389.84
2039-03;931.37;1391.37;1560.06;212.16
2039-03;385.22;1443.86;1695.43;396.57
2039-03;622.89;1134.56;1650.26;354.4
2039-03;407.01;1301.85;1291.36;305.37
2039-03;717.31;1109.84;1757.87;301.39
2039-03;764.72;1007.12;1774.17;419.54
2039-03;788.41;1313.19;928.92;434.02
2039-03;623.25;854.41;1827.56;359.45
2039-03;947.42;820.77;1856.61;414.73
2039-03;594.52;892.69;1537.14;337.47
2039-03;381.53;822.31;1190.91;324.24
2039-03;468.89;1159.73;1308.03;350.86
2039-03;914.54;1218.17;1599.37;361.56
2039-03;915.91;1407.09;1807.67;261.29
2039-03;434.64;1268.66;1011.81;235.51
2039-04;502.81;1141.12;1259.14;355.82
2039-04;851.83;903.95;921.54;283.25
2039-04;848.56;1392.44;1172.8;250.86
2039-04;780.53;1431.55;1394.29;310.8
2039-04;490.33;990.19;1912.47;412.9
2039-04;775.37;866.96;1459.85;331.36
2039-04;785.71;1192.59;1382.56;455.54
2039-04;684.51;1110.14;998.45;305.02
2039-04;491.45;882.05;1133.2;474.38
2039-04;602.53;1049.32;1337.18;409.16
2039-04;548.7;1047.66;1471.19;326.51
2039-04;402.84;858.8;1295.09;455.66
2039-04;627.09;1142.65;925.87;459.72
2039-04;709.6;1018.19;1079.83;214.46
2039-04;667.58;1226.55;1584.82;226.6
2039-04;568.2;1446.09;1289.14;465.42
2039-04;671.37;1087.52;1059.59;412.94
2039-04;620.81;753.54;1221.59;420.93
2039-04;545.88;825.11;1358.93;377.85
2039-04;580.42;787.31;1407.2;290.27
2039-04;888.53;1373.59;1005.59;476.66
2039-04;811.34;1062;1325.72;277.44
2039-04;465.75;1139.77;1461.93;427.65
2039-04;709.79;1418.77;1691.59;276.72
2039-04;375.93;1386.97;1676.98;301.2
2039-04;718.28;1341.64;1081.24;285.37
2039-04;624.14;1409.49;1170.87;327.11
2039-04;355.15;1491.67;1002.57;421.77
2039-04;908.46;1337.44;1648.97;344.07
2039-04;651.91;1263.83;1657.23;432.48
2039-05;586.64;972.1;1731.76;414.38
2039-05;375.35;1452.95;1056.89;453.46
2039-05;689.66;1052.09;1214.84;445.37
2039-05;759.38;773.38;1805.23;477.31
2039-05;450.57;789.06;1408.96;309.9
2039-05;628.68;1032.72;1094.4;385.32
2039-05;386.35;756.14;1672.87;223.33
2039-05;638.94;1062.73;1200.81;397.68
2039-05;830.53;1475.93;1749.39;230.68
2039-05;883.5;1218.18;1077.44;218.3
2039-05;606.77;849.67;1029.55;200.64
2039-05;471.32;1011.71;1362.24;243.16
2039-05;528.75;1231.95;NA;340.88
2039-05;409.97;1312.14;1082.38;341.36
2039-05;809.82;795.37;1629.53;333.83
2039-05;795.66;1031.05;1900.33;453.33
2039-05;426.76;1463.02;1452.87;304.73
2039-05;720.92;1450.16;1080.69;359.46
2039-05;654.18;1475.02;1869.78;273.72
2039-05;425.28;1483.27;1353.24;270.77
2039-05;635.34;978.89;1465.45;251.56
2039-05;692.48;753.22;1819.76;477.34
2039-05;462.23;1364.19;911.71;242.59
2039-05;787.25;954.89;1915.76;360.52
2039-05;624.79;1007.37;1103.76;311.46
2039-05;670.39;826.02;1576.63;290.9
2039-05;731.83;925.08;1668.64;284.01
2039-05;661.25;1198.97;1735.66;331.29
2039-05;697.16;828.7;1878.13;343.2
2039-05;477.66;1026.52;1656.49;255.01
2039-05;881.15;961.17;1184.43;319.35
2039-06;714.74;1281.5;1493.08;395.54
2039-06;575.4;1315.16;1640.34;276.23
2039-06;534.24;1360.34;959.28;461.84
2039-06;859.03;1494.87;1290.01;245.66
2039-06;888.74;1482.2;1847.27;465.42
2039-06;634.41;1405.34;1360.86;414.03
2039-06;594.44;865.48;1163.41;469.12
2039-06;593.34;913.59;1292.18;415.92
2039-06;436.64;1422.64;945.64;446.74
2039-06;664.42;945.87;1655.17;402.33
2039-06;557.43;1201.72;1829.32;266.37
2039-06;941.94;1117.87;1740.85;240.3
2039-06;387.87;1099.08;1165.16;417.71
2039-06;456.72;1005.55;1876.67;393.12
2039-06;663.46;865.01;1237.13;437.59
2039-06;888.25;1022.58;1284.01;435.97
2039-06;742.02;1226.32;1369.24;288
2039-06;738.84;1417.59;1613.98;201.87
2039-06;668.8;1252.81;1566.33;347.92
2039-06;363.64;1386.35;1241.86;456.43
2039-06;555.94;1114.47;1205.21;360.21
2039-06;577.46;1056.41;1888.68;406.76
2039-06;481.38;853.67;1108.52;211.79
2039-06;882.77;1227.08;1508.86;469.77
2039-06;761.23;1180.49;1190.75;235.65
2039-06;601.6;900.64;1180.34;472.86
2039-06;776.26;797.35;1680.82;434.89
2039-06;537.21;986.52;NA;436.78
2039-06;847.71;1439.78;1747.54;427.48
2039-06;565.45;916.14;1611.64;307.04
2039-07;652.16;1026.46;1283.36;268.5
2039-07;748.84;847.53;1683.92;356.62
2039-07;390.67;856.24;1668.34;406.14
2039-07;936.27;881.84;1387.11;350.1
2039-07;423.3;1194.71;1867.91;285.36
2039-07;617.82;1386.77;1300.8;302.23
2039-07;857.67;1109.92;936.21;474.14
2039-07;652.29;786.73;1189.16;382.34
2039-07;623.04;1034.3;925.56;304.03
2039-07;608.71;1481.85;NA;237.84
2039-07;485.78;807.03;986.83;453.91
2039-07;547.02;1285.65;1796.53;346.31
2039-07;445.6;1352.6;NA;288.54
2039-07;706.34;981.08;1145.35;400.9
2039-07;474.6;1228.55;1013.12;379.88
2039-07;520.06;1052.74;1263.54;356.69
2039-07;683.88;1341.92;1807.18;373.17
2039-07;793.98;829.35;1852.06;271.18
2039-07;817.63;1172.45;1505.39;239.35
2039-07;824.16;1431.45;1543.7;345.65
2039-07;758.24;1024.88;1178.1;232.83
2039-07;720.63;1235.78;1830.2;207.76
2039-07;705.29;1116.7;1751.07;236.75
2039-07;617.36;937.28;920;408.69
2039-07;716.17;794.9;1587;330.2
2039-07;936.02;1037.12;1789.49;292.5
2039-07;728.21;915.24;1412.54;469.39
2039-07;497.05;1030.53;1347.45;460.38
2039-07;658.83;1240.23;1243.77;213.59
2039-07;741.34;1037.48;1256.88;414.37
2039-07;922.21;1140.64;1831.11;349.24
2039-08;692.67;1461.71;1653.85;292.86
2039-08;527.28;963.71;1542.65;282.25
2039-08;551.99;1102.06;1604.07;304.84
2039-08;674.19;1326.87;1920.04;424.86
2039-08;515.6;1020.32;1247.98;376.18
2039-08;724.42;1350.19;1802.73;329.42
2039-08;878.84;1497.95;1812.71;312.48
2039-08;738.49;1462.16;948.82;222.98
2039-08;820.77;768.73;941.77;325.83
2039-08;669.97;1102.12;1676.84;455.13
2039-08;439.14;908.47;1558.73;236.28
2039-08;572.16;1253.27;1533.14;434.19
2039-08;438.13;1070.32;998.71;343.01
2039-08;648.48;1242.64;1458.59;280.51
2039-08;773.31;847.6;1081.5;463.16
2039-08;869.73;1389.64;1607.73;368.82
2039-08;862.05;932.12;1237.71;369.63
2039-08;458;884.21;1797.76;278.09
2039-08;773;1195.18;1692.28;420.35
2039-08;547.82;1430.34;1623.12;413.29
2039-08;415.43;991.98;1571.14;451.27
2039-08;722.13;963.13;1079.66;245.49
2039-08;818.67;1445.86;1075.09;224.2
2039-08;696.15;1238.73;1093.09;371.03
2039-08;898.57;1144.09;1423.38;431.99
2039-08;501.24;1371.62;1232.92;240.63
2039-08;864.68;1348.74;1248.38;422.86
2039-08;929.87;1052.13;1106.87;397.78
2039-08;760.49;911.61;1813.68;384.5
2039-08;757.37;1111.07;1179.04;352.57
2039-08;779.48;827.51;1602.58;208.57
2039-09;812.97;1226.37;1590.19;479.59
2039-09;736.21;976.62;1286.53;315.38
2039-09;782.5;1262.28;941.2;288
2039-09;425.03;1482.01;902.55;360.12
2039-09;604.48;982.85;971.08;445.4
2039-09;927.48;945.76;1676;388.59
2039-09;806.62;1352.47;1440.58;219.38
2039-09;743.91;1184.64;1314.71;230.5
2039-09;564.99;1402.59;1786.08;336.83
2039-09;585.32;1201.41;1717.66;213.83
2039-09;869.53;1492.53;1628.52;473.52
2039-09;524.87;1062.73;1291.19;412.94
2039-09;546.92;1220.38;1905.95;204.81
2039-09;606.22;1003.33;1005.43;446.44
2039-09;720.81;1267.41;1407.52;468.08
2039-09;870.76;777.74;1325.2;310
2039-09;777.47;781.21;955.82;247.22
2039-09;382.02;1179.04;1691.37;444.33
2039-09;736.48;835.45;1521.99;403.96
2039-09;474.5;1437.46;1501.92;390.11
2039-09;406.96;1176.6;1880.06;362.18
2039-09;594.44;948.47;1503.54;258.9
2039-09;533.48;906;1138.04;288.82
2039-09;727.04;975.19;1492.84;396.96
2039-09;905.56;1080.21;1602.84;465.19
2039-09;776.23;1482.51;1798.48;226.29
2039-09;373.02;936.39;1945.56;269.43
2039-09;599.76;1017.08;1417.5;344.04
2039-09;518.83;1226.32;1043.28;459.98
2039-09;774.47;1115.04;1529.33;305.4
2039-10;367.83;1079.17;1261.12;300.81
2039-10;433.76;1369.88;1564.31;260.57
2039-10;498.24;1216.58;1084.05;219.62
2039-10;884.37;1326.36;1568.94;363.71
2039-10;803.85;1147.88;1278.26;288.93
2039-10;379.88;1142.25;1368.46;410.02
2039-10;651.76;1315.7;1529.56;434.25
2039-10;489.29;950.24;1855.18;254.43
2039-10;651.97;808.77;992.2;368.14
2039-10;695.74;1481.66;1317.01;372.34
2039-10;552.01;932.73;1843.81;424.64
2039-10;751.48;1310.78;1760.6;263.68
2039-10;668.79;982.7;1648.5;267.79
2039-10;448.77;773.62;1495.16;340.8
2039-10;385.51;1211.16;1541.08;246.31
2039-10;519.24;1260.98;NA;323
2039-10;882.3;1296.14;1293.4;280.24
2039-10;690.77;812.83;1129.49;213.8
2039-10;641.06;1012.79;1860.3;208.16
2039-10;884.42;1439;1337.26;449.17
2039-10;508.63;1027.09;1171.97;247.88
2039-10;737.98;1311.82;1282.97;320.7
2039-10;919.01;798.24;1719.66;392.42
2039-10;618.76;1372.12;1703.67;293.04
2039-10;821.58;1291.56;1624.41;242.47
2039-10;786.6;1467.93;1033.19;447.55
2039-10;560.99;1325.51;1502.82;261.72
2039-10;354.4;1495.39;1857.65;361.74
2039-10;564.55;835.95;1051.79;280.01
2039-10;743.43;758.81;1862.24;471.71
2039-10;562.75;1347.4;1519.38;301.08
2039-11;570.26;1393.95;NA;349.02
2039-11;735.34;823.61;1461.43;355.62
2039-11;804.14;1491.54;1906.55;435.76
2039-11;419.29;754.34;1431.28;324.13
2039-11;807.66;1216.31;970.56;340.86
2039-11;439.54;880.92;1678.67;207.6
2039-11;409.89;1259.61;1858.97;456.36
2039-11;949.29;1022.06;1064.63;421.84
2039-11;409.12;1284.59;1263.47;423.53
2039-11;445.14;1319.37;1457.34;237.03
2039-11;758.17;783.69;1696.42;332.99
2039-11;408.05;1495.27;1403.72;254.36
2039-11;483.59;1296.05;1906.74;417.1
2039-11;367.74;813.76;1277.89;337.59
2039-11;621.38;885.49;926.53;318.84
2039-11;425.85;859.95;1787.54;285.5
2039-11;705.59;877.26;1704.83;384.15
2039-11;504.95;1064.33;1034.59;455.28
2039-11;848.61;1477.95;1442.46;312.94
2039-11;888.9;992.62;1445.06;431.53
2039-11;661.66;1007.49;1568.42;389.21
2039-11;666.88;1238.67;1091.92;256.9
2039-11;884.36;1318.92;1779.94;410.76
2039-11;813.16;777.36;1600.77;396.12
2039-11;844.45;1138.09;1420.26;225.57
2039-11;706.59;1495.19;1762.38;411.46
2039-11;848.87;914.7;1565.31;216.72
2039-11;481.65;904.38;1074.08;300.58
2039-11;453.42;1307.26;1722.17;309.01
2039-11;534.62;1064.86;1348.97;231.6
2039-12;491.56;877.35;1461.34;389.09
2039-12;481.21;868.35;1783.95;358.68
2039-12;521.32;1129.3;1682.49;357.63
2039-12;480.59;1381.83;1728.01;438.17
2039-12;468.39;850.78;1516.88;467.01
2039-12;548.32;1214.77;1944;240.53
2039-12;736.45;1342.92;1114.15;447.98
2039-12;893.5;868.29;1503.88;440.92
2039-12;557.47;1456.67;941.06;391.71
2039-12;634.47;786.78;952.13;266.15
2039-12;701.16;1498.98;1691.08;404.8
2039-12;728.97;1145.14;1832.5;287.26
2039-12;686.41;918.92;1827.32;435.1
2039-12;710.44;810.73;1941.54;230.89
2039-12;442.65;791.4;1198.42;350.71
2039-12;510.88;1199.57;1199.48;284.7
2039-12;854.67;1146.92;1376.81;328.19
2039-12;928.5;1156.64;1837.22;213.81
2039-12;792.09;959.29;1715.85;478.85
2039-12;465.06;1149.07;1364.97;213.78
2039-12;407.49;1394.84;1949.87;377.41
2039-12;836;1320.79;1347.9;341.12
2039-12;382.67;1435.34;1153.24;463.72
2039-12;603.83;1014.3;1141.64;296.88
2039-12;468.21;1039.23;960.79;201.33
2039-12;929.58;1291.14;1934.78;359.04
2039-12;938.22;863.26;1707.34;432.81
2039-12;386.33;1456.68;1774.74;216.04
2039-12;406.86;1113.81;1430.48;361.48
2039-12;524.31;867.19;1613.12;461.16
2039-12;694.61;1160.69;939.09;371.25
2040-01;387.17;1435.21;1460.75;466.08
2040-01;370.12;1459.89;1474.46;224.24
2040-01;862.92;1082.39;1258.15;273.07
2040-01;814.2;1121.51;1475.45;400.85
2040-01;735.35;821.99;1756.33;256.64
2040-01;705.58;1498.24;1921.28;247.26
2040-01;862.49;771.87;1460.4;241.47
2040-01;814.31;1047.51;1879.29;370.13
2040-01;487.65;822.17;1150.16;449.37
2040-01;387.97;817.49;1553.96;420.71
2040-01;383.21;1442.17;1702.76;344.83
2040-01;511.48;1386.54;1033.05;271.14
2040-01;936.57;770.93;1903.81;338.58
2040-01;688.15;849.15;1263.94;382.6
2040-01;793.59;1002.57;1838.35;211.24
2040-01;395.22;1278.73;1693.36;205.71
2040-01;795.01;1125.48;NA;431.54
2040-01;711.82;1398.29;1227.39;269.62
2040-01;713.1;1025.7;1010.29;381.81
2040-01;763.5;1325.17;1681.63;288.04
2040-01;824.45;788.08;1325.37;249.95
2040-01;744.94;1321.55;1773.61;470.9
2040-01;532.23;916.05;1620.57;405.08
2040-01;941.31;1259.24;1566.27;214.08
2040-01;491.16;1265.01;1506.1;451.14
2040-01;487.93;862.01;1254.57;271.34
2040-01;397.84;821.12;NA;251.94
2040-01;412.77;1120.19;NA;457.61
2040-01;521.37;1069.49;1532.21;258.83
2040-01;482.02;1001.39;1252.15;314.05
2040-01;889.43;935.17;1806.16;275.83
2040-02;357;1435.82;1297.79;467.86
2040-02;689.51;1013.23;1213.75;260.72
2040-02;825.69;1038.66;1887.04;305.99
2040-02;388.51;842.28;1293.19;200.34
2040-02;621.61;1234.81;1049.3;250.89
2040-02;561.61;1406.99;1510.47;223.31
2040-02;856.02;914.15;1083.25;355.38
2040-02;401.57;1335.67;1289.41;462.77
2040-02;700.42;1467;1216.08;425.72
2040-02;577.44;797.91;1159.48;283.26
2040-02;866.56;1416.22;1704.98;465.88
2040-02;792.34;1455.79;1138.67;224.41
2040-02;806.3;1062.62;1662.01;305.63
2040-02;402.02;1324.19;1429.99;371.62
2040-02;603.12;994.67;1522.26;272.06
2040-02;476.38;758.58;1868.56;461.46
2040-02;357.46;1329.57;994.22;457.99
2040-02;519.89;1334.31;1653.54;330.83
2040-02;635.93;950.82;1613.66;354.46
2040-02;785.08;1085.97;992.43;222.46
2040-02;799.78;1471.11;1461.18;226.01
2040-02;540.64;1060.53;1596.71;438.36
2040-02;863.41;872.7;1465.34;249.43
2040-02;690.61;1031.16;1308.75;385.75
2040-02;598.49;1099.93;1558.51;247.39
2040-02;478.87;1058.97;1766.74;234.09
2040-02;565.21;1341.77;1540.1;348.38
2040-02;355.09;1466.62;1083.88;242.17
2040-02;351.76;769.65;1215.79;341.19
2040-03;502.05;1083.27;1325.97;466.4
2040-03;864.58;1478.35;1306.29;309.01
2040-03;887.43;951.11;1161.96;292.74
2040-03;511.18;1057.35;1914.58;456.17
2040-03;430.39;750.52;1629.21;261.83
2040-03;656.01;1363.55;1657.3;444.72
2040-03;935.26;1227.27;1781.31;239.61
2040-03;907.21;955.55;1803.71;269.24
2040-03;424.16;755.93;1186.8;226.57
2040-03;716.53;1022.36;NA;375.82
2040-03;804.24;1258.18;1445.4;419.25
2040-03;843.37;1152.17;1508.46;415.36
2040-03;471.87;833.06;1501.47;462.87
2040-03;658.74;1167.78;999.84;356.39
2040-03;854.29;1125.13;1024.32;357.75
2040-03;659.87;1276.29;1518.22;257.28
2040-03;757.04;882.47;1569.85;232.74
2040-03;677.22;1062.15;1729.74;387.47
2040-03;937.08;882.42;1796.11;412.99
2040-03;864.82;1276.33;1206.71;349.74
2040-03;821.08;1455.57;1272.48;395.27
2040-03;369.32;900.71;1504.63;408.54
2040-03;823.32;1422.99;1068.64;427.46
2040-03;392.88;941.02;1913.76;358.16
2040-03;436.15;1038.24;1892.52;381.37
2040-03;768.56;1348.21;1324.18;426.81
2040-03;784.07;1198.91;1572.63;314.75
2040-03;560.89;1245.9;1036.37;328.85
2040-03;516.27;1329.88;1452.95;426.63
2040-03;859.57;1250.05;1292.09;296.88
2040-03;662.33;1121.34;1489.56;354.29
2040-04;371.52;975.3;1380.12;236.88
2040-04;531.46;1007.93;1618.28;248.72
2040-04;478.81;1416.14;1405.93;367.28
2040-04;623.88;903.59;1773.6;242.53
2040-04;470.45;1090.39;1543.47;280.26
2040-04;662.62;1039.22;905.06;305.29
2040-04;581.35;1429.83;1359.6;349.66
2040-04;357.2;828.44;1571.33;439.9
2040-04;855.16;933.48;946.98;293.95
2040-04;636.57;1319.2;1163.52;276.02
2040-04;415.1;990.07;1903.26;436.24
2040-04;770.76;916.96;1272.62;239.27
2040-04;571.49;1374.72;1873.09;397.4
2040-04;754.18;939.3;1547.32;407.65
2040-04;714.32;936.41;924.92;356.47
2040-04;669.9;1078.64;1212.13;242.8
2040-04;853.05;1109.8;1122.79;373.47
2040-04;394.87;888.39;1421.68;344.56
2040-04;689.5;810.86;1272.29;457.01
2040-04;848.84;1451.23;1928;405.54
2040-04;592.51;896.55;1574.67;279.21
2040-04;823.71;1015.2;1945.19;270.62
2040-04;798.27;1243.37;1712.28;349.05
2040-04;894.94;941.79;1764.44;344.12
2040-04;638.53;970.68;1353.48;200.41
2040-04;386.26;999.28;956.72;404.28
2040-04;446.79;1248.66;1064.38;258.64
2040-04;479.73;1059.75;1111.9;440.12
2040-04;496.63;1386.52;1320.88;361.55
2040-04;354.81;1101.97;1506.64;349.38
2040-05;526.51;826.46;1053.56;398.23
2040-05;375.33;913.06;1011.69;407.59
2040-05;662.51;1004.56;1253.8;225.44
2040-05;536.02;794.13;1074.33;330.7
2040-05;613.04;1492.41;1112.65;285.36
2040-05;407.38;1341.19;939.23;241.8
2040-05;569.09;969.42;1061.77;476.58
2040-05;645.47;805.75;1521.91;466.18
2040-05;350.41;1351.1;1743.72;226.7
2040-05;867.97;862.15;1420.19;465.22
2040-05;906.1;986.3;1685.93;242.11
2040-05;511.63;1213.33;1843.68;219.82
2040-05;499.68;1082.16;936.67;221.86
2040-05;933.56;1270.62;1118.52;468.21
2040-05;408.77;1215.26;1419.21;431.48
2040-05;889.87;1156.3;1378.85;382.15
2040-05;948.3;758.35;906;205.13
2040-05;531.75;1382.52;904.56;375.16
2040-05;523.3;1455.75;1129;210.96
2040-05;516.41;1132.27;1628.93;281.21
2040-05;615.91;1175.01;1258.53;338.47
2040-05;688.09;1270.49;1079.67;328.65
2040-05;784.42;1188.82;1196.06;362.41
2040-05;713.77;1438.19;929.91;365.35
2040-05;350.7;863.74;1236.97;381.72
2040-05;528.01;759.1;1428.16;316.4
2040-05;705.31;885.35;1595.94;417.53
2040-05;446.3;1271.46;956.18;329.48
2040-05;778.18;840.99;1606.5;451.5
2040-05;616.44;1227.24;1693.11;454.88
2040-05;457.09;805.34;1790.42;226.25
2040-06;883.21;1449.35;1243.45;344.55
2040-06;931.37;1405.17;928.11;351.85
2040-06;895.88;1281.86;1839.07;317.01
2040-06;752.55;1204.99;1062.02;261.36
2040-06;828.15;1343.47;1565.38;427.05
2040-06;928.77;1470.93;1011.47;201.67
2040-06;726.85;877.82;1496.79;259.87
2040-06;633.97;983.86;1514.55;295.98
2040-06;944.65;1230.83;1784.6;361.63
2040-06;487.24;1442.72;1627.14;450.31
2040-06;665.93;772.52;1012.49;470.47
2040-06;430.89;1077;1813.48;306.66
2040-06;753.38;1358.64;909.8;226.71
2040-06;706.98;1398.6;1099.26;351.09
2040-06;638.12;1270.54;1451.96;236.33
2040-06;696.7;1268.82;1483.81;310.97
2040-06;577.04;849.35;1214.94;333.48
2040-06;575.61;1201.08;1293.29;459.94
2040-06;885.37;754.63;1722.74;305.16
2040-06;762.03;1141.9;1894.19;325.69
2040-06;906.93;1121.77;969.35;392.59
2040-06;858.87;1350.36;1423.63;225.66
2040-06;709.3;1319.72;963.72;202.04
2040-06;583.78;1067.24;1015.32;308.28
2040-06;414.28;1047.61;1489.22;252.24
2040-06;712.08;1315.41;1737.4;360.5
2040-06;518.66;908.69;1674.45;346.28
2040-06;436.96;968.51;1425.79;374.1
2040-06;435.73;1068.92;1613.34;259.86
2040-06;863.86;1332.51;1201.79;334.85
2040-07;745;975.72;1477.28;398.59
2040-07;514.2;945.58;1891.53;408.5
2040-07;937.36;1302.27;1585.86;329.94
2040-07;435.3;1347.03;1208.15;219.99
2040-07;647.5;1134.22;1683.69;368.69
2040-07;798.28;1317.57;1359.53;458.37
2040-07;830.92;1408.86;1807.02;279.62
2040-07;701.12;1202.69;1686.03;315.06
2040-07;592.6;1250.8;1212.01;320.76
2040-07;876.63;1203.75;1326.06;323.53
2040-07;527.47;796.96;1026.79;268.44
2040-07;405.05;922.31;1557.82;464.05
2040-07;662.19;1264.5;1211.37;272.79
2040-07;788.86;1319.2;1504.35;408.47
2040-07;388.3;935.26;901.96;333.86
2040-07;942.15;839.98;1564.75;377.66
2040-07;687.68;947.98;1102.28;346.15
2040-07;675.16;1111.56;1760.37;394.55
2040-07;451.37;915.63;1519.88;239.79
2040-07;812.26;922.3;1943.94;399.65
2040-07;871.14;1412.24;918;262.56
2040-07;549.62;878.4;1864.08;335.1
2040-07;662.09;1095.38;1154.92;351.2
2040-07;396.86;818.98;989.79;390.47
2040-07;769.06;1206.83;1852.65;368.98
2040-07;771.76;1424.67;1409.44;278.89
2040-07;824.86;1000.54;1165.05;300.01
2040-07;520.97;1247.92;1347.1;405.85
2040-07;514.17;790.33;1609.96;413.86
2040-07;406.96;792.18;1151.66;205.46
2040-07;939.8;844.52;905.92;348.12
2040-08;433.15;1470.76;1802.47;219.83
2040-08;901.06;871.31;1546.48;286.73
2040-08;428.79;816.37;1268.37;413.67
2040-08;721.92;1200.65;1163.55;376.99
2040-08;810.82;1153.02;962;405.46
2040-08;710.41;1356.59;1668.1;453.39
2040-08;588.31;1240.39;1650.39;307.65
2040-08;625.37;1134.52;1474.66;261.99
2040-08;561.09;907.02;1427.47;305.8
2040-08;600.18;1322.14;1487.28;268.92
2040-08;903.44;1220.85;1334.94;202.03
2040-08;893.42;1304.94;914.04;302.62
2040-08;559.3;1114.88;1194.03;389.03
2040-08;856.08;1321.85;1114.06;418.02
2040-08;702.81;1237.32;1336.25;396.61
2040-08;801.25;1383.58;1916.69;407.92
2040-08;385.18;1358.58;1699.09;449.22
2040-08;852.75;1361.62;1036.66;355.38
2040-08;887.06;1496.24;1765.01;398.57
2040-08;371.21;1302.1;1696.31;226.44
2040-08;416.84;1037.39;1102.57;479.5
2040-08;617.87;1381.64;1885.88;401.66
2040-08;877.89;1323.13;1730.43;414.51
2040-08;946.78;1150.11;1071.59;327.61
2040-08;637.67;1294.82;1911.38;208.05
2040-08;445.66;1379.23;1005.93;357.21
2040-08;874.1;1246.85;1108.01;291.75
2040-08;705.26;1224.9;1757;398.32
2040-08;859.68;1068.32;1869.83;465.39
2040-08;476.67;970.13;1185.14;475.51
2040-08;596.16;1482.55;920.81;403.04
2040-09;595.54;1361.69;1121.13;380.46
2040-09;949.82;902.89;1302.4;227.81
2040-09;618.2;1497.53;970.56;438.92
2040-09;938.72;1424.11;931.03;303.35
2040-09;410.91;898.78;1783.46;359.26
2040-09;371.89;1143.74;1610.58;320.8
2040-09;847.21;1127.13;974.04;230.42
2040-09;892.32;1342.96;1706.3;439.89
2040-09;635.58;859.27;1464.95;441.24
2040-09;849.36;1246.12;1137.58;433.12
2040-09;758.98;1303.22;1045.48;347.34
2040-09;858.71;980.28;925.05;432.58
2040-09;757.81;854.64;1824.11;432.26
2040-09;774.86;973.11;1491.36;317.17
2040-09;457.49;1295.8;1741.3;395.74
2040-09;694.31;1444.44;1695.03;385.86
2040-09;637.73;1235.17;1826.57;316.31
2040-09;880.74;880.34;1732.75;420.22
2040-09;546.93;1401.77;1194.1;228.76
2040-09;541.49;927.47;1061.61;324.08
2040-09;723.06;1210.54;921.59;451.47
2040-09;594.97;1460.63;1690.76;324.43
2040-09;897.1;1056.27;937.01;321.06
2040-09;931.05;784.04;1791.61;324.43
2040-09;804.83;775.2;1034.66;285.18
2040-09;626.54;923.95;1350.85;347.37
2040-09;406.78;1018.09;1675.47;462.29
2040-09;470.39;1270.62;1460.67;297.23
2040-09;639.36;1455.54;1471.31;220.37
2040-09;743.81;1127.87;1905.04;302.58
2040-10;367.17;1455.84;1408.62;313.21
2040-10;746.4;1492.99;1002.97;395.78
2040-10;461.77;1266.84;1945.9;371.84
2040-10;460.36;827.27;1612.99;221.67
2040-10;887.84;1094.57;944.39;308.8
2040-10;713.39;820.31;1095.43;232.83
2040-10;407.14;1311.54;1669.39;241.16
2040-10;893.8;1104.32;1845.08;462.89
2040-10;848.42;1447.76;1040.08;381.84
2040-10;364.41;811.51;1499.14;390.75
2040-10;886.67;1457.66;1063.46;236.41
2040-10;760.62;803.36;1128.04;401.61
2040-10;827.98;899.47;1453.83;458.22
2040-10;772.51;894.91;1489.24;457.01
2040-10;726.31;833;1243.74;468.78
2040-10;425.39;1289.95;944.92;258.84
2040-10;920.69;942.5;957.91;444.89
2040-10;874.99;1292.11;972.92;383.45
2040-10;749.54;822.58;1661.18;349.98
2040-10;823.73;1458.57;1063.65;292.8
2040-10;555.83;1295.61;1628.43;267.77
2040-10;783.14;1085.71;1158.76;367.86
2040-10;556.49;1396.96;1456.07;406.31
2040-10;564.65;1089.17;997.29;220.27
2040-10;788.52;1369.59;1439.95;217.62
2040-10;728.91;950.84;1456.5;455.19
2040-10;798.84;1319.79;1538.92;407.75
2040-10;612.79;1456.45;1873.28;349.28
2040-10;765.22;1428.46;NA;311.14
2040-10;937.5;826.36;1455.8;233.64
2040-10;767.23;972.61;1032.52;207.13
2040-11;636.49;880.24;1250.15;310
2040-11;783.91;1025.48;1389.95;271.85
2040-11;483.97;1001.68;1881.38;348.71
2040-11;746.01;1170.7;958.04;274.25
2040-11;793.29;1309.92;1420.67;373.19
2040-11;758.97;790.23;1179.75;282.26
2040-11;500.52;936.63;1175.88;309.54
2040-11;556.59;1405.77;1627.39;230.69
2040-11;681.42;1117.61;1666.73;331.55
2040-11;706.51;1358.6;1461.75;217.36
2040-11;689.72;858.87;1159.78;430.89
2040-11;823.4;760.93;1403.28;266.36
2040-11;391.89;1117.29;949.47;278.87
2040-11;467.26;908.57;1452.98;472.21
2040-11;641.78;1452.78;1429.99;337.03
2040-11;758.54;1124.14;1864.88;229.37
2040-11;805.7;1015.79;1949.21;462.54
2040-11;826.7;849.54;1681.79;384.12
2040-11;868.05;1127.41;1052.27;217.54
2040-11;822.45;1035.64;1856.14;469.84
2040-11;547.09;963.66;1908.05;378.48
2040-11;643;1191.14;NA;314.75
2040-11;534.49;1066.27;1482.74;318.8
2040-11;598.08;807.68;1413.3;427.48
2040-11;900.61;800.85;915.67;271.42
2040-11;654.27;1436.89;1914.52;450.99
2040-11;443.02;1362.94;1702.04;329.34
2040-11;785.38;1400.26;1282.56;246.17
2040-11;756.12;882.02;1705.98;342.79
2040-11;532.25;809.25;1811.58;436.91
2040-12;685.28;1385.52;1587.9;403.84
2040-12;605.78;906.36;1856.95;439.97
2040-12;638.24;960.42;1216.87;301.73
2040-12;505.86;1415.31;1934.41;432.4
2040-12;869.72;1468.33;1017.86;212.03
2040-12;826.18;1190.94;NA;342.09
2040-12;941.03;1386.8;1070.3;233.55
2040-12;362.39;1461.41;1768.34;365.46
2040-12;602.56;1273.54;1477.63;267.22
2040-12;711.5;1339.35;1755.6;443.4
2040-12;571.44;1387.88;1425.26;292.51
2040-12;896.23;1468.44;1678.36;334.37
2040-12;511.96;1490.69;NA;360.84
2040-12;760.86;797.17;919.56;304.56
2040-12;912.69;1035.78;1231.65;385.9
2040-12;432.64;1020.54;1130.24;298.94
2040-12;763.09;811.55;909.15;324.57
2040-12;855.51;883.82;1131.24;274.53
2040-12;411.6;1283.86;NA;320.38
2040-12;549.28;1205.99;1672.25;246.52
2040-12;660.46;1062.97;1628.41;301.33
2040-12;922.29;1092.4;1278.84;247.53
2040-12;549.06;796.66;1382.5;451.05
2040-12;411.59;1125.6;1882.8;430.44
2040-12;820.76;954.47;1426.68;421.63
2040-12;480.44;863.97;1426.99;407.02
2040-12;542.59;1248.75;1100.96;337.52
2040-12;615.71;846.84;1917.76;438.88
2040-12;588.31;1280.43;1257.66;217.5
2040-12;487.79;1029.71;922.67;223.05
2040-12;868.57;1041.1;1614.08;305.69
2041-01;869.43;1288.57;1670.33;265.81
2041-01;896.42;1273.99;1857.59;349.96
2041-01;846.16;1391.57;1170.1;232.83
2041-01;462.04;784.64;1704.51;278.41
2041-01;844.34;825.29;1846;206.52
2041-01;374.66;1063.24;962.27;216.4
2041-01;496.25;1301.2;1276.53;230.79
2041-01;369.1;882.31;1067.69;343.69
2041-01;525.18;1158.25;1880.76;366.04
2041-01;354.51;892.1;1280.92;313.14
2041-01;906.12;1282.2;1561.44;348.21
2041-01;422.28;1316.43;1432.62;385.64
2041-01;769.84;964.8;1943.9;434.18
2041-01;626.99;781.11;1668.49;267.36
2041-01;389.22;1369.35;1118.38;249.59
2041-01;909.19;878.21;1117.51;241.59
2041-01;466.2;1096.2;1561.24;447.26
2041-01;856;1206.02;1663.7;385.98
2041-01;396.37;1444.48;978.56;230.81
2041-01;544.65;827.59;1772.15;451.65
2041-01;509.82;1262.22;1776.07;469.12
2041-01;435.07;893.35;NA;442.52
2041-01;580.39;1388.96;1230.87;308.08
2041-01;475.1;1182.16;1486.36;276.71
2041-01;764.4;885.46;1502.57;439.76
2041-01;934.47;979.6;NA;399.74
2041-01;876.69;1408.68;1567.06;384.33
2041-01;501.74;1461.16;963.54;218.8
2041-01;819.11;1214.24;979.96;425.79
2041-01;935.88;1401.28;1705.41;239.84
2041-01;675.9;1345.49;1825.72;237.94
2041-02;806.01;977.81;1294.01;429.15
2041-02;516.25;1438.78;1502.21;216.08
2041-02;727.38;1373.53;1163.18;479.68
2041-02;695.91;1050.48;1455;333.33
2041-02;438.01;820.99;1442.68;225.41
2041-02;615.71;1272.16;1627.19;261.03
2041-02;574.09;1182.05;1742.7;302.89
2041-02;822.23;987.35;1616.54;453.74
2041-02;931.03;1304.77;1473.1;416.45
2041-02;885.2;1115.79;965.18;380.01
2041-02;408.86;991.96;1480.89;457.82
2041-02;896.17;1205.48;1570.12;294.59
2041-02;436.07;977.54;1482.55;228.17
2041-02;492.92;765.35;1736.3;318.61
2041-02;544.45;1465.77;1790.08;225.29
2041-02;377.51;1131.04;1453.96;367.36
2041-02;549.13;1394.23;1673.15;460.99
2041-02;475.25;1369.61;1779.32;420.96
2041-02;599.43;998.9;1112.21;400.83
2041-02;796.32;810.13;1763.79;463
2041-02;454.29;865.41;1273.65;405.33
2041-02;438.72;942.99;1184.51;372.43
2041-02;441.11;947.26;1839.34;384.51
2041-02;819.69;1119.02;1104.13;358.29
2041-02;398.58;1175.5;1144.54;390.26
2041-02;736.58;1214.63;1177.4;419.64
2041-02;821.99;1168.46;1937.38;230.4
2041-02;469.96;1174.24;NA;208.32
2041-03;770.69;800.53;1454.12;224.14
2041-03;754.76;1117.03;1615.01;400.95
2041-03;567.51;1376.69;1362.04;331.52
2041-03;778.24;1313.1;1709.73;276.38
2041-03;717.42;1088.56;1005.03;394.14
2041-03;939.11;1447.61;1662.08;394.42
2041-03;619.14;1271.77;1899.19;341.92
2041-03;895.22;1206.77;1202.55;438.27
2041-03;587.99;1066.37;1017.9;209.21
2041-03;748.7;1442.49;1292.6;462.86
2041-03;655.57;838.61;1423.72;268.87
2041-03;428.9;1105.67;1343.58;406.32
2041-03;366.2;829.78;996.85;307.2
2041-03;520.31;968.37;1896.1;270.34
2041-03;381.04;1224.47;1007.85;411.18
2041-03;665.75;826.51;1803.96;368.81
2041-03;761.22;1316.78;NA;335.39
2041-03;869.58;1222.59;1351.5;286.44
2041-03;646.5;1191.57;944.41;434.36
2041-03;635.67;1178.05;1693.64;277.66
2041-03;736.03;937.5;1725.13;291.67
2041-03;750.28;1135.14;1292.51;422.72
2041-03;500;797.29;1548.8;314.81
2041-03;736.52;790.2;1425.94;409.99
2041-03;476.54;778.15;1302.17;332.48
2041-03;591.07;873.96;1136.38;250.73
2041-03;855.33;925.03;1820.94;308.98
2041-03;642.43;1175.61;1045.94;420.05
2041-03;418.5;879.45;1111.59;415.35
2041-03;742.06;907.16;1759.61;478.77
2041-03;368.98;800.04;1573.61;423.46
2041-04;909.56;1397.01;1557.86;381.19
2041-04;593.64;1493.43;NA;343.81
2041-04;742.66;1076.24;1072.58;386.65
2041-04;802.5;1302.33;910.01;456.6
2041-04;450.65;1136.17;1495.73;432.69
2041-04;425.36;764.73;1277.21;212.33
2041-04;871.57;1265.2;1633.57;478.58
2041-04;650.01;1362.33;1913.45;348.84
2041-04;442.6;1331.12;1112.08;256.79
2041-04;855.7;1259.87;1225.93;349.82
2041-04;575.8;1356.75;1113.63;285.7
2041-04;528.34;1458.39;1581.1;409.49
2041-04;434.86;1062.61;1787.92;363.74
2041-04;405.13;750.99;1728.32;397.94
2041-04;533.04;1326.85;1470.85;375.14
2041-04;511.9;818.94;1146.74;338.7
2041-04;481.32;1194.73;1236.56;323.25
2041-04;802.63;1398.01;1636.54;349.04
2041-04;915.59;794.93;1318.95;447.53
2041-04;384;1222.02;1690.4;466.37
2041-04;754.87;1007.03;1704.33;258.43
2041-04;913.81;1069.5;1781.91;424.31
2041-04;500.37;1321.67;1206.25;475.95
2041-04;522.67;1227.3;1369.12;471.45
2041-04;649.16;816.85;1164.52;426.03
2041-04;791.41;1478.82;1429.18;397.26
2041-04;466.47;1043.37;920.31;257.54
2041-04;695.19;1121.52;1547.64;387.99
2041-04;362.21;1421.48;1562.53;314.94
2041-04;751.76;777.28;1670.75;437.1
2041-05;737.46;1378.54;1515.19;476.58
2041-05;865.95;1162.58;1150.35;446.89
2041-05;565.04;1336.82;1576.69;464.3
2041-05;384.99;869.22;1064.43;299.74
2041-05;709.24;910.64;1743.24;292.76
2041-05;445.17;1284.72;1181.33;398.79
2041-05;787.67;1092.04;1366.65;269.57
2041-05;783.54;1098.81;1651.21;206.91
2041-05;464.4;1305.32;1519.8;392.33
2041-05;876.76;923.3;1680.21;472.84
2041-05;576.88;922.87;1270.47;443.44
2041-05;938.91;1292.27;1658.19;235.73
2041-05;362.05;1079.45;925.82;226.77
2041-05;453.74;775.37;1245.4;372.35
2041-05;834.78;1084.72;1103.87;216.79
2041-05;381.59;1005.02;1947.81;363.33
2041-05;381.97;1394.56;1651.83;436.13
2041-05;463.69;1405.7;1447.21;372.24
2041-05;657.16;996.5;1792.51;327.57
2041-05;760.15;1162.72;1255.51;440.33
2041-05;746.42;1317;1658.32;392.81
2041-05;903.29;1380.73;1337.11;472.22
2041-05;440.33;1071.51;992.47;282.33
2041-05;832.45;852.62;1534.6;340.16
2041-05;391.4;1295.74;1919.72;459.96
2041-05;768.99;1184.8;1457.74;285.55
2041-05;571.17;1244.71;1919.36;203.35
2041-05;504.45;856.59;1737.46;232.9
2041-05;830.35;971.54;1115.73;398.6
2041-05;383.84;884.63;1341.18;477.38
2041-05;805.29;1098.94;1739.04;443.67
2041-06;661.32;864.93;1004.54;354.04
2041-06;774.99;1019.33;1650.89;478.3
2041-06;401.66;1053.75;1703.29;236.31
2041-06;817.18;1424.87;1717.38;325.49
2041-06;906.6;1114.92;1501.54;458.21
2041-06;868.55;1057.33;1224.63;387.99
2041-06;563.59;1443.6;1699.91;292.75
2041-06;774.07;795.32;1818.81;306.75
2041-06;806.78;994.11;946.21;258.13
2041-06;374.37;1179.86;1048.73;315.74
2041-06;711.23;1027.38;1360.24;454.36
2041-06;784.62;957.91;1202.56;298.49
2041-06;477.24;1391.8;982.42;276.07
2041-06;866.92;848.37;1792.1;278.15
2041-06;692.6;1391.76;1015.42;268.85
2041-06;848.11;1035.66;1346.75;240.02
2041-06;864.67;1059.64;1766.17;402.38
2041-06;562.54;1110.92;1031.36;258.37
2041-06;669.3;904.92;1409.75;289.29
2041-06;934.69;1385.04;1349.28;345.93
2041-06;396.53;985.95;1785.12;320.57
2041-06;531.69;1277.47;950.16;352.35
2041-06;597.8;813.55;1402.8;479.8
2041-06;708.85;789.46;1438.07;203.05
2041-06;909.52;951.33;903.94;430.17
2041-06;925.41;924.62;1225.3;245.86
2041-06;689.36;1231.57;1072.08;409.28
2041-06;620.2;913.59;1836.26;458.71
2041-06;798.1;836.56;1759.45;355.45
2041-06;776.38;956.01;1323.6;478.36
2041-07;711.5;1169.81;1102.96;293.11
2041-07;434.61;1416.65;1922.02;312.23
2041-07;738.13;1018.7;1889.23;268.35
2041-07;931;1435.68;1439.77;233.24
2041-07;680.39;1463.05;1582.56;402.51
2041-07;607.12;915.59;1586.46;232.53
2041-07;742.34;1130.37;1668.43;452.03
2041-07;408.65;1468.58;1648.81;334.93
2041-07;893.37;911.93;1169.23;408.57
2041-07;896.75;1050.52;1337.38;230.09
2041-07;482.06;1264.33;1464.2;316.53
2041-07;734.64;1180.82;1668.15;269.05
2041-07;519.01;887.2;1787.76;370.61
2041-07;568.04;1427.28;1723.93;357.21
2041-07;582.37;1070.56;1181.8;262.43
2041-07;781.93;1223.63;1030.99;388.37
2041-07;929.93;847.19;1397.92;233.69
2041-07;758.57;1015.58;1940.53;314.49
2041-07;732.11;1425.51;955.26;302.34
2041-07;439.21;1011.1;1813.95;317.34
2041-07;550.29;1360.85;1796.52;466.67
2041-07;628.33;1092.02;1086.91;366.76
2041-07;372.4;937.33;1766.19;307.45
2041-07;436.95;755.97;902.24;264.22
2041-07;942.99;763.71;1497.69;419.19
2041-07;859.81;1144.69;1180.92;262
2041-07;832.97;789.38;NA;273.37
2041-07;792.19;874.49;1214.6;266.17
2041-07;450;879.96;1808.45;249.57
2041-07;471.19;1042.52;1715.61;402.19
2041-07;628.18;1284.93;1892.7;464.27
2041-08;635.31;1264.99;905.86;272.61
2041-08;702.17;1066.44;1086.98;255.46
2041-08;646.43;1065.98;1897.41;222.61
2041-08;759.77;1331.85;1857.11;437.19
2041-08;601.8;788.82;1269.21;398.65
2041-08;504.06;1484.13;1782.92;327.03
2041-08;797.43;1425.18;1594.69;219.46
2041-08;924.79;1245.31;1750.32;205.52
2041-08;460.62;911.4;1329.88;336.61
2041-08;472.85;868.59;1696.03;365.58
2041-08;596.54;977.3;1593.69;437.07
2041-08;502.94;1092.46;1001.51;285.55
2041-08;363.18;1335.42;947.88;457.37
2041-08;930.67;1019.28;1188.87;213.85
2041-08;623.65;1085.97;1099.71;368.68
2041-08;707.53;1248.53;906.26;318.29
2041-08;674.65;821.2;1021.22;302.38
2041-08;587.75;1384.42;1185.57;409.29
2041-08;481.26;1390.4;1168.43;451.15
2041-08;678.09;992.53;1652.14;312.94
2041-08;421.93;1350.57;1526.73;392.41
2041-08;477.31;1293.13;1055.93;363.17
2041-08;717.41;1470.41;1361.74;301.77
2041-08;521.63;1121.26;1113.36;353.04
2041-08;837.01;1488.35;1101.34;282.99
2041-08;639.77;1046.13;1609.92;474.58
2041-08;840.05;1190.57;1341.04;252.23
2041-08;612.38;1079.53;1808.15;478.41
2041-08;781.99;783.49;1905.61;291.26
2041-08;651.62;1055.97;1000.24;315.94
2041-08;900.21;1182.68;980.79;233.4
2041-09;504.14;756.84;1445.96;472.95
2041-09;651.81;1308.6;1020.37;308.47
2041-09;839.51;864.59;1457.27;475.89
2041-09;788.87;1406.13;1704.68;234.15
2041-09;559.41;1435.26;1280.32;262.83
2041-09;736.88;905.32;1064.93;362.75
2041-09;629.11;1313.7;1417.99;429.83
2041-09;688.21;884.54;1035.3;333.91
2041-09;680.04;1222.85;1187.57;351.73
2041-09;479.83;955.16;1924.8;281.44
2041-09;803.64;852.1;1657.43;319.39
2041-09;926.75;1296.03;1615.59;243.53
2041-09;570.85;803.53;1358.47;351.24
2041-09;421.94;966.47;1879.23;378.48
2041-09;880.44;1137.87;1868.62;464.36
2041-09;898.19;860.01;1910.23;249.86
2041-09;652.05;1215.75;1332.7;308.24
2041-09;498.61;953.1;1747.18;205.96
2041-09;747.06;1451.25;1413.03;360.58
2041-09;715.5;795.48;1766.49;381.02
2041-09;356.57;1128.27;1291.21;231.78
2041-09;682.76;1190.99;1943.75;349.94
2041-09;468.43;1335.45;1617.79;244.41
2041-09;714.11;1390.33;1643.51;238.05
2041-09;553.07;1234.96;937.28;293.9
2041-09;549.48;1073.35;944.66;447.98
2041-09;925.69;1014.06;1478.65;314.76
2041-09;427.9;1266;1674.1;413.1
2041-09;852.4;1020.97;975.07;249.14
2041-09;689.1;927;1762.41;360.95
2041-10;633.32;1302.94;935.34;297.84
2041-10;615.96;1085.85;1473.28;348.27
2041-10;703.5;1001.03;1595.89;389.97
2041-10;479.86;1035.3;968.73;292.57
2041-10;923.46;1304.74;1332.22;392.7
2041-10;732.98;798.9;1701.13;364.11
2041-10;477.66;1448.76;1697.08;393.65
2041-10;749.71;1002.2;1904.2;388.79
2041-10;548.39;1316.82;1858.16;337.82
2041-10;896.43;1041.75;1284.78;393.66
2041-10;791.14;1054.87;1075.5;384.92
2041-10;875.71;978.91;1214.17;267.98
2041-10;777.81;1268.83;1913.46;246.35
2041-10;940.67;1447.41;1789.08;417.45
2041-10;465.79;1235.34;1639.99;465.42
2041-10;405.37;1308.6;1921.67;477.09
2041-10;827.07;1237.7;1427.02;270.59
2041-10;771.33;892.73;1750.95;202.14
2041-10;528.63;1415.22;988.43;418.31
2041-10;645.5;845.13;1520.3;224.82
2041-10;539.29;1489.21;917.41;403.83
2041-10;383.39;798.14;1637.12;338.62
2041-10;890.98;809.67;1850.91;225.22
2041-10;779.2;832.49;1155.4;479.03
2041-10;473.05;1364.97;1834.52;362.72
2041-10;771.11;1171.46;1803.54;261.68
2041-10;682.55;1454.34;1922.28;252.54
2041-10;501.64;792.61;1011.25;342.2
2041-10;383.09;786.15;1528.81;324.18
2041-10;658.68;1268.73;1702.09;334.28
2041-10;716.21;830.07;1801.92;268.07
2041-11;898.79;954.98;1829.05;358.66
2041-11;678.96;1392.46;1128.6;365.26
2041-11;926.21;1018.42;1078.1;272.34
2041-11;781.5;1345.92;1248.49;277.49
2041-11;406.03;1218.42;1310.9;328.29
2041-11;723.91;1047.23;998.3;258.72
2041-11;651.35;1016.22;1708.18;339.63
2041-11;364.17;990.79;1818.74;388.55
2041-11;920.95;1138.11;1437.67;399.91
2041-11;889.3;1416.84;1513.01;435.23
2041-11;407.98;866.65;1104.08;389.44
2041-11;585.7;894.63;1563.65;293.92
2041-11;453.75;1216;1246.08;350.27
2041-11;384.79;1080.33;1493.03;202.05
2041-11;785.81;755.13;1878.39;354.8
2041-11;877.43;1276.18;1208.16;387.29
2041-11;437.5;1478.4;1564.36;403.1
2041-11;808.11;1366.79;1192.8;456.56
2041-11;588.63;1367.34;1580.28;406.06
2041-11;921.08;1382.7;1426.33;220.67
2041-11;635.91;1015.67;1354.32;257.33
2041-11;404.27;889.8;1495.06;372.51
2041-11;509.28;1418.3;1703.59;475.69
2041-11;666.08;877.2;1346.49;365.59
2041-11;899.6;1278;1100.59;452.98
2041-11;534.7;956.58;1866.24;438.54
2041-11;783.12;1455.68;1079.14;257.69
2041-11;940.88;1337.14;1252.33;311.09
2041-11;793.06;1188.8;1771.07;254.7
2041-11;363.71;1260.07;1050.1;224.45
2041-12;831.16;798.25;1819.4;279.85
2041-12;876.81;989.62;1763.34;213.27
2041-12;470.35;1285.43;937.04;399.72
2041-12;829.93;1094.58;1310.77;314.22
2041-12;686.47;1152.49;1589.88;236.63
2041-12;919.42;1104.46;1629.76;426.93
2041-12;489.8;776.4;1800.95;393.07
2041-12;895.09;1319.24;1626.83;234.5
2041-12;438.53;816.26;NA;439.01
2041-12;918.43;1496.95;1783.93;464.69
2041-12;820.05;1179.82;1869.95;301.91
2041-12;513.94;1134.88;1740.68;408.26
2041-12;529.48;1364.61;1063.44;412.19
2041-12;406.8;1077.16;1416.86;231.99
2041-12;592.05;1334.4;1269.07;323.4
2041-12;824.42;849.39;1770.09;278.8
2041-12;609.36;835.29;1238.04;306.82
2041-12;890.86;1219.17;1336.63;457.99
2041-12;834.28;1196.14;974.84;462.23
2041-12;767.04;1151.07;1350.33;366.99
2041-12;773.91;1004.73;1552.36;230.68
2041-12;415.75;831.11;1541.23;258.35
2041-12;755.8;858.13;1084.03;246.45
2041-12;464.91;1398.69;1620.02;252.26
2041-12;913.42;1489.62;1115.28;257.7
2041-12;632.85;983.71;1039.8;388.69
2041-12;813.6;1425.89;1477.47;455.71
2041-12;653.74;1080.42;1178.48;223.8
2041-12;350.79;787.47;1927.92;355.23
2041-12;915.67;1042.76;1270.87;267.48
2041-12;857.35;1410.98;1112.58;303.79
2042-01;541.02;1276.18;1891.44;242.77
2042-01;698.52;1135.64;1931.93;224.68
2042-01;707.81;1277.57;1791.12;460.05
2042-01;613.14;1171.27;1034.04;392.16
2042-01;800.16;1219.86;1292.44;295.98
2042-01;705.78;1070.97;1484;473.93
2042-01;852.64;760.57;1438.04;407.54
2042-01;522.68;1323.79;1119.6;342.5
2042-01;928.45;1459.32;1540.8;271.57
2042-01;914.75;1371.79;1596;203.6
2042-01;870.17;1432.22;1899.57;363.47
2042-01;826.25;837.05;1073.87;314.78
2042-01;486.5;1380.34;1909.77;391.3
2042-01;782.52;778.95;1947.32;314.53
2042-01;750.35;1062.16;1903.23;339.04
2042-01;611.94;1122.58;1204.53;219.25
2042-01;899.69;957.48;961.12;245.75
2042-01;399.15;1108.5;1411.94;279.34
2042-01;911.09;849.3;1534.58;326.33
2042-01;381.96;904.46;1126.93;200.71
2042-01;700.01;1260.78;1088.94;324.34
2042-01;535.38;769.78;1455.56;239.82
2042-01;386.28;1270.72;1122.3;277.43
2042-01;750.27;869.9;1399.95;429.8
2042-01;555.65;1283.51;1875.28;456.51
2042-01;358.47;1366.56;1756.38;452.01
2042-01;536.22;1323;1562.88;385.08
2042-01;539.06;875.42;NA;232.19
2042-01;483.11;1373.65;992.11;329.27
2042-01;595.52;796.3;1411.31;376.64
2042-01;570.93;774.01;1818.96;221.93
2042-02;653.57;1018.78;1610.11;268.12
2042-02;568.98;998.72;944.59;316.7
2042-02;823.97;762.17;1561.44;429.02
2042-02;650.96;825.29;1687.46;205.62
2042-02;602.99;1061.92;1146.91;263.64
2042-02;486.45;900.86;1176.48;219.76
2042-02;898.06;786.7;1456.09;300.79
2042-02;599.04;756.64;1736.41;411.53
2042-02;892.71;934;981.49;355.74
2042-02;687.57;1121.53;1803.88;441.82
2042-02;553.6;1397.01;1664.76;460.61
2042-02;681.17;1071.35;1042.64;270.26
2042-02;897.88;849.75;985.01;320.4
2042-02;488.96;991.44;1224.94;269.84
2042-02;826.68;858.7;1654.18;465.13
2042-02;438.86;953.22;1428.81;260.21
2042-02;744.92;1423.62;1163.79;277.7
2042-02;828.03;968.46;1299.05;229.72
2042-02;841.91;1300.58;1142.34;337.32
2042-02;497.75;1497.01;1409.59;334.59
2042-02;538.43;1246.67;1540.69;458.01
2042-02;730.74;1265.72;1303.12;381.6
2042-02;893.01;1070.31;982.85;325.83
2042-02;455.7;1487.67;1388.67;227.41
2042-02;646.54;1017.88;1138.64;260.96
2042-02;383.02;1330.06;1080.76;239.55
2042-02;706.41;1083.5;1248.23;334.99
2042-02;636.09;1124.52;1312.85;382.14
2042-03;889.77;979.78;966.8;479.49
2042-03;493.38;1169.03;1002.22;440.21
2042-03;784.13;1098.27;1846.63;314.05
2042-03;448.85;1480.78;1658.87;445.89
2042-03;888.87;948.7;1688.43;339.89
2042-03;352.83;914.25;1564.74;297.08
2042-03;841.48;1279.75;1544.74;279.98
2042-03;901.54;1150.47;1250.35;277.78
2042-03;907.19;1293.89;930.34;208.27
2042-03;415.12;1453.41;1088.96;273.75
2042-03;602.85;1491.78;1781.55;329.4
2042-03;577.38;1292.56;1905.53;274.21
2042-03;738.32;1089.25;1509.2;361.15
2042-03;489.67;1336.33;1232.83;239.16
2042-03;591.34;1161.1;1735.71;266.14
2042-03;538.71;1070.08;1341.6;293.77
2042-03;695.28;793.81;1868.8;431.3
2042-03;861.72;797.79;1789.6;203.98
2042-03;583.9;894.69;1835.21;229.48
2042-03;830.46;1370.33;1342.32;262.2
2042-03;418.71;858.68;1231.26;284.6
2042-03;826.5;933.84;1042.05;258.42
2042-03;535.55;1392.46;1314.01;332.95
2042-03;352.64;1311.34;1425.87;222.29
2042-03;713.4;1246.1;1040.87;366.83
2042-03;635.75;1148.25;1360.11;424.94
2042-03;436.21;1125.39;1904.69;224.36
2042-03;838.18;874.13;1754.9;391.88
2042-03;753.36;1169.93;1425.03;341.95
2042-03;546.86;1489.37;1538.62;402.1
2042-03;932.48;843.75;1885.12;439.12
2042-04;541.52;1400.24;1185.96;239.48
2042-04;775.51;1405.62;1268.65;313.13
2042-04;484.53;1446.22;1452.17;395.4
2042-04;806.35;850.19;1839.78;352.05
2042-04;656.67;1201.97;1253.44;207.93
2042-04;730.51;898.26;1946.35;403.44
2042-04;787.07;1422.1;925;437.55
2042-04;783.55;1221.86;913;234.45
2042-04;903.41;1054.45;950.56;449.01
2042-04;631.59;1291.41;1739.2;400.84
2042-04;553.57;1239.81;1676.69;441.44
2042-04;908.24;1009.04;1613.32;424.74
2042-04;469.34;775.99;1242.38;396.77
2042-04;784.73;1032.24;956.17;309.53
2042-04;492.21;1492.16;1084;323.71
2042-04;653.38;1015.56;952.98;336.55
2042-04;798.63;1411.64;1052.96;331.24
2042-04;595.87;909.43;1584.41;470.06
2042-04;899.45;823.64;980.45;312.04
2042-04;453.3;1306.8;1557.39;223.37
2042-04;352.26;1463.36;1211.19;408.89
2042-04;397.22;1435.85;1287.24;303.4
2042-04;594.32;1265.98;1578.06;282.98
2042-04;750.64;1332.09;1463.17;223.3
2042-04;778.27;802.43;1120.5;316.95
2042-04;916.42;1385.28;1780.01;338.36
2042-04;639.67;1064.43;1573.69;228.41
2042-04;364.89;1283.36;1431.77;299.03
2042-04;387.26;952.61;1781.4;318.22
2042-04;704.48;803.11;1449.84;257.58
2042-05;462.2;1376.47;1670.84;345.18
2042-05;541.37;850.07;1795.01;308.88
2042-05;710.11;1252.7;1243.98;248.26
2042-05;581.36;1177.03;1586.22;335.75
2042-05;694.13;795.88;1626.47;474.07
2042-05;745.3;1346.05;1872.15;454.7
2042-05;394.99;800.24;1465.01;280.18
2042-05;550.29;854.42;1762.86;458.56
2042-05;679.58;1299.45;1713.02;351.47
2042-05;876.3;1004.47;1899.98;294.5
2042-05;474.87;1023.1;1331.44;407.54
2042-05;481.93;1107.98;1169.41;462.83
2042-05;544.14;1438.77;1008.98;342.63
2042-05;864.49;1476.12;1583.03;227.92
2042-05;394.33;1038.85;922.12;377.82
2042-05;597.65;1345.48;1553.77;202.44
2042-05;897.62;1281.32;1192.05;356.91
2042-05;573.21;1484.73;1657.68;407.55
2042-05;405.16;1417.7;1176.43;379.32
2042-05;556.51;1359.52;1317.53;308.19
2042-05;903.26;1412.29;1195.15;444.88
2042-05;405.24;1105.01;1838.79;208.02
2042-05;639.17;1466.22;1365.11;338.59
2042-05;633.62;1080.26;1360.03;477.59
2042-05;508.17;769.39;1722.15;468.17
2042-05;476.81;1414.9;1393.7;386.78
2042-05;885.42;1439.72;1466.8;415.35
2042-05;603.75;773.35;1725.22;416.35
2042-05;892.27;1084.93;1700.76;284.48
2042-05;551.93;1162.85;983.6;246.72
2042-05;933.54;756.89;NA;335.09
2042-06;537.71;1295.13;1746.49;346.68
2042-06;587.6;786.88;1058.31;437.64
2042-06;738.01;1144.93;1669.3;261.18
2042-06;644.84;1419.96;1902.95;425.88
2042-06;442.83;1460.08;1918.08;280.67
2042-06;870.84;1188.15;1837.89;229.11
2042-06;784.77;1134.27;1849.41;360.87
2042-06;613.05;1279.82;1933.38;271.18
2042-06;832.72;1107.27;1808.63;314.5
2042-06;511.71;985.33;1464.84;341.29
2042-06;723.98;1160.18;956.99;302.06
2042-06;363.72;1228.54;1543.15;444.17
2042-06;868.83;1388.45;1374.57;382.77
2042-06;397.2;1127.2;1740.8;360.85
2042-06;947.8;1222.74;1024.99;300.75
2042-06;798.71;954.13;1443.57;223.3
2042-06;902.55;946.33;1946.19;305.11
2042-06;422.61;782.04;1101.03;463.25
2042-06;538.05;1161.17;1737.84;464.2
2042-06;602.47;1052.87;1027.14;240.54
2042-06;924.84;1087.08;1566.18;471.59
2042-06;852.83;1409.11;1280.21;336.54
2042-06;700.86;1459.64;1040.67;237.91
2042-06;359.78;1498.81;1751.35;421.29
2042-06;681.34;1282.74;1426.07;327.72
2042-06;666.95;1440.28;1134.5;338.91
2042-06;938.95;1305.66;1217;342.38
2042-06;408.1;1460.98;1302.65;313.7
2042-06;764.46;1416.87;1391.18;371.53
2042-06;741.06;809.82;1127.94;238.82
2042-07;554.02;1105.2;1842.5;458.95
2042-07;440.61;1283.99;1928.48;299.6
2042-07;614.56;794.79;1877.21;237.89
2042-07;515.39;850.41;1948.3;308.97
2042-07;412.07;1273.92;1563.39;386.97
2042-07;467.22;1057.38;1237.52;344.73
2042-07;827.02;1164.04;1045.71;239.75
2042-07;680.56;1252.13;1726.81;324.2
2042-07;519.72;882.36;NA;299.36
2042-07;632.54;1414.02;1042.05;352.36
2042-07;642.12;877.47;1055.17;329.24
2042-07;695.66;783.8;1675.22;408.42
2042-07;384.4;1401.15;978.95;303.76
2042-07;510.65;1199.45;1914.79;455.19
2042-07;865.4;1141.61;925.61;201.44
2042-07;856.3;1088.81;928.47;227.09
2042-07;502.98;818.99;1562.11;457.62
2042-07;520.15;1471.33;1023.67;427.13
2042-07;580.07;837.41;1270.36;340.89
2042-07;687.19;1105.6;1714.52;332.16
2042-07;748.99;1189.28;1729.21;328.46
2042-07;613.81;1316.77;1771.69;424.83
2042-07;943.82;842.99;1159;313.15
2042-07;873.13;1244.83;1773.71;248.18
2042-07;469.72;1357.68;1274.77;310.77
2042-07;700.12;1098.59;1303.98;341.52
2042-07;599.04;1179.08;1252.66;272.35
2042-07;875.65;1101.66;965;207.37
2042-07;385.39;1180.28;1720.06;323.51
2042-07;937.52;842.57;1214.21;416.01
2042-07;527.6;901.7;1796.93;327.23
2042-08;755.03;827.88;1158.11;396.26
2042-08;897.6;933.65;1438.21;299.31
2042-08;720.99;1324.14;1363.42;317.8
2042-08;767.07;1372.34;1452.12;400.76
2042-08;642.71;899.03;1837.28;316.17
2042-08;442.28;1438.53;1917;258.47
2042-08;870.62;1314.28;1743.76;330.02
2042-08;474.34;1138.42;1015.64;450.16
2042-08;582.3;1006.65;1489.97;340.11
2042-08;486.9;796.86;1484.37;427.29
2042-08;650.8;928.5;1075.8;206.67
2042-08;899.05;1341.17;1002.99;324.06
2042-08;402.96;973.38;1949.88;431.94
2042-08;431.87;863.87;1434.55;282.26
2042-08;869.9;1498.49;1557.96;454.32
2042-08;769.69;803.55;1540.91;303.58
2042-08;552.47;750.49;1096.17;412.8
2042-08;576.13;977.84;1449.37;449.25
2042-08;479.72;1049.34;1039.61;457.09
2042-08;742.46;1240.39;1420.18;470.54
2042-08;638.13;1074.89;1431.61;457.54
2042-08;663.45;1479.2;1811.09;380.41
2042-08;814.53;1181.37;1943.51;266.77
2042-08;433.57;1314.11;995.27;381.54
2042-08;801.46;1025.62;1453.81;468.4
2042-08;638.9;1141.26;1500.49;232.98
2042-08;518.31;955.44;1283.24;220.63
2042-08;621.15;1079.73;1691.22;468.41
2042-08;830.9;1237.42;1921.27;248.67
2042-08;821.98;993.2;1585.46;350.75
2042-08;452.52;1170.39;1720.3;295.58
2042-09;587.14;879.1;1185.38;252.08
2042-09;535.19;1090.86;944.33;409.26
2042-09;436.06;1407.88;1494.59;207.7
2042-09;529.28;1415.05;1738.27;435.69
2042-09;742.63;1376.85;1939.54;315.11
2042-09;440.7;1280.09;1425.04;385.53
2042-09;448.14;914.39;1942.95;243.78
2042-09;676.04;1240.09;1222.67;285.94
2042-09;444.29;1178.65;994.98;205.9
2042-09;542.43;966.06;1762.86;270.89
2042-09;476.78;826.27;1213.53;372.16
2042-09;719.07;1303.69;1642.1;379.54
2042-09;415.8;1035.93;1428.36;251.89
2042-09;495.21;884.16;1601.5;447.95
2042-09;603.35;1205.5;1348.44;307.13
2042-09;924.57;1245.04;951.62;298.19
2042-09;861;880.88;1464.92;257.98
2042-09;526.25;1188.16;1297.42;216.05
2042-09;673.29;813.6;1549.65;309.45
2042-09;625.28;941.88;1098.54;411.68
2042-09;603.01;1229.7;1637.34;468.38
2042-09;496.08;1108.57;1776.72;232.62
2042-09;516.43;1469.79;1446.19;275.54
2042-09;537.78;1189.3;1261.25;221.59
2042-09;597.79;1351.65;1473.47;244.58
2042-09;415.07;1189.79;1168.06;435.75
2042-09;485.35;1205.93;1038.3;426.33
2042-09;648.85;1418.57;1637.67;293.88
2042-09;845.99;799;1814.08;263.43
2042-09;718.66;1243.02;930.8;474.44
2042-10;369.63;1297.5;NA;240.5
2042-10;845.56;1403.93;1533.73;263.1
2042-10;797.76;777.38;1271.97;282.48
2042-10;895.95;1498.63;1586.46;432.32
2042-10;794.32;1227.1;1835.59;291.42
2042-10;393.53;874.54;1661.22;298.38
2042-10;795.54;1419.71;1112.84;295.5
2042-10;528.24;837.46;1171.59;312.18
2042-10;744.25;1447.95;1045.71;237.38
2042-10;520.43;989.07;1499.97;412.46
2042-10;648.83;1466.59;1778.5;255.7
2042-10;676.81;1094.48;1533.62;337.84
2042-10;705.5;800.19;1803.78;291.81
2042-10;473.02;1422.99;1258.85;461.29
2042-10;380.08;1457.89;1403.64;391.02
2042-10;469.56;1223.9;977.91;346.89
2042-10;472.89;1292.51;1031.55;469.85
2042-10;444.6;1154.49;1467.44;437.81
2042-10;446.55;843.4;1663.56;255.88
2042-10;422.53;832.65;1181.7;388.76
2042-10;692.81;1341.05;1763.14;286.36
2042-10;629.93;803.59;1488.05;332.71
2042-10;507.53;1488.1;1864.32;350.58
2042-10;823.58;1180.26;NA;223.48
2042-10;933.12;1220.38;1202.36;466.16
2042-10;659.89;870.06;1597.43;467.48
2042-10;772.77;1493.46;1287.44;277.2
2042-10;509.69;1087.63;1101.03;405.31
2042-10;783.51;1410.38;1493.34;392.12
2042-10;445.02;1207.09;1049.17;442.32
2042-10;681.84;1142.29;930.27;380.02
2042-11;786.18;1264.44;1191.77;360.31
2042-11;915.27;885.96;1095.25;291.66
2042-11;819.23;1371.27;1804.55;366.35
2042-11;403.75;1237.17;1522.48;221.58
2042-11;646.96;1274.3;1354.68;270.15
2042-11;802.85;1017.96;1524.71;448.98
2042-11;701.28;1221.02;1084.46;341.89
2042-11;502.45;957.71;1327.41;438.47
2042-11;457.58;1465.9;1229.84;216.29
2042-11;472.72;1331.22;1009.28;206.8
2042-11;464.2;879.04;1541.62;340.57
2042-11;911.9;1200.08;1267.83;431.47
2042-11;846.36;1137.74;1122.7;302.16
2042-11;632.97;841.87;1612.4;358.19
2042-11;632.98;963.32;1924.67;246.06
2042-11;409.85;1239.88;967.4;463.48
2042-11;456.22;800.23;996.6;200.08
2042-11;888.24;936.46;1143.02;313.76
2042-11;472;1201.79;1088.38;224.16
2042-11;439.17;1411.3;1189.22;385.82
2042-11;511.6;1121.01;1190.86;304.42
2042-11;856.1;1113.32;1017.11;350.78
2042-11;484.16;1270.48;934.65;374.14
2042-11;395.72;1001.32;1748.42;450.03
2042-11;469.91;1210.06;1107.47;232.86
2042-11;613.1;804.58;1858.67;203.28
2042-11;641.65;965.12;1527.07;479.84
2042-11;788.37;1439.02;1918.93;252.64
2042-11;759.93;1119.08;1251.81;426.96
2042-11;456.88;963.08;1526.55;467.78
2042-12;419.89;1057.5;1081.45;401.64
2042-12;444.98;1316.56;1416.73;207.58
2042-12;847.03;1280.15;935.96;459.44
2042-12;656.61;874.17;1813.37;221.83
2042-12;443.67;1199.26;1013.51;362.97
2042-12;407.22;1033.58;1445.82;427.58
2042-12;935.5;1342.9;1683.71;351.5
2042-12;829.11;994.3;1005.89;269.91
2042-12;466.69;865.06;1362.85;447.85
2042-12;502.68;1112.58;1626.14;416.04
2042-12;769.61;1119.71;1043.16;226.14
2042-12;554.17;1397.82;1473.53;435.78
2042-12;481.32;1017.06;1747.03;419.08
2042-12;580.22;777.78;934.1;413.74
2042-12;409.78;1097.54;1579.73;421.93
2042-12;821.69;1093.11;1794.84;252.07
2042-12;738.13;1246.39;1939.02;439.45
2042-12;727.27;1499.76;973.46;335.7
2042-12;626.98;1184.36;1929.97;365.01
2042-12;762.13;1187.94;1466.52;332.39
2042-12;587.79;901.68;1117.67;332.09
2042-12;353.53;966.72;1775.51;418.73
2042-12;754.89;1301.6;1385.74;304.06
2042-12;447.2;782.38;1813.61;464.05
2042-12;381.17;1026.9;NA;259.26
2042-12;904.94;945.43;1741.13;386.26
2042-12;422.24;1267.35;1168.88;223.63
2042-12;576.07;1098.63;1478.34;286.26
2042-12;690.29;1062.44;1029.39;334.67
2042-12;777.36;1031.28;1281.61;352.93
2042-12;946.89;956.77;1887.99;368.2
2043-01;427.42;985.62;1512.02;265.21
2043-01;588.6;872.51;1851.43;340.48
2043-01;822.51;1368.42;1375.64;369.29
2043-01;510.26;1223.98;NA;474.54
2043-01;385.65;1299.2;1418.37;336.12
2043-01;374.81;760.07;1602.73;303.07
2043-01;799.75;1160.85;1596.87;422.22
2043-01;687.97;896.57;1718.39;216.29
2043-01;933;1105.43;1886.61;254.53
2043-01;404.47;1395.81;1257.16;388.94
2043-01;622.79;1305;1385.88;408.54
2043-01;926.45;1459.92;1326.61;286.32
2043-01;739.77;795.06;1328.82;296.49
2043-01;658.77;1461.7;1034.62;383.87
2043-01;534.98;1103.22;1364.21;308.95
2043-01;889.8;1218.81;1263.26;425.9
2043-01;601.33;812.02;1204.32;395.35
2043-01;419.66;816.82;1944.28;320.76
2043-01;575.03;751.16;938.76;294.13
2043-01;817.57;1434.8;1732.03;384.78
2043-01;496.82;1360.58;1858.1;373.75
2043-01;736.61;969.58;1460.8;375.56
2043-01;484.05;785.4;1392.22;206.44
2043-01;881.31;1411.53;1370.32;225.47
2043-01;718.74;784;985.89;393.28
2043-01;746.48;1138.83;1794.82;258.18
2043-01;493.84;1049.81;1886.05;272.3
2043-01;702.49;796.81;947.46;328.72
2043-01;361.06;1209.17;1732.86;334.78
2043-01;829.92;941.51;926.05;265.08
2043-01;782.92;1319.71;913.22;304.97
2043-02;599.7;1009.23;1147.14;200.11
2043-02;779.15;940.29;1817.53;335.82
2043-02;757.44;957.55;1145.94;226.43
2043-02;875.19;781.35;1292.67;357.13
2043-02;790.34;1029.11;922.82;258.5
2043-02;374.41;1251.86;1848.88;241.65
2043-02;928.07;995.99;1474.91;456.08
2043-02;489.31;1388.54;1885.89;430.78
2043-02;837.98;1455.81;1128.2;326.57
2043-02;464.74;1024.64;1520.79;314.91
2043-02;524.06;965.23;983.44;286.07
2043-02;930.42;1056.98;991.5;292.03
2043-02;590.67;1267.02;1406.8;365.55
2043-02;825.44;1293.92;1520.83;393.41
2043-02;518.84;1035.76;1912.63;431.76
2043-02;759.8;809.54;1110.08;470.49
2043-02;878.98;1351.68;1170.18;203.67
2043-02;768.75;927.39;1848.06;366.15
2043-02;936.65;1460.09;1782.65;368.61
2043-02;620;1064.43;1831.56;356.88
2043-02;836.27;776.86;1185.12;338.01
2043-02;780;1123.88;946.82;407.03
2043-02;479.85;1180.92;1276.07;249.31
2043-02;625.58;822.02;1489.08;330.21
2043-02;452.55;1289.89;1121.89;287.27
2043-02;688.66;899.31;1446.1;455.4
2043-02;373.97;1166.82;1564.41;418.22
2043-02;479.72;1466.71;1200.87;400.78
2043-03;517.5;1338.84;1285.5;422.44
2043-03;833.59;1416.92;978.63;223.5
2043-03;525.7;1246.01;1946.63;316.67
2043-03;834.67;825.09;1890.58;277.59
2043-03;870.32;792.7;1285.11;335.88
2043-03;411.28;767.12;1451.58;368.01
2043-03;651.36;823.58;1167.65;320.43
2043-03;487.66;1368.4;1856.47;312.33
2043-03;640.59;923.27;1783.33;290.53
2043-03;567.22;778.51;1467.57;324.22
2043-03;495.56;1201.16;1764.66;447.65
2043-03;364.16;858.84;1227.91;226.97
2043-03;624.42;884.93;1120.25;334.81
2043-03;849.81;1337.48;1710.21;255.13
2043-03;939.23;1006.62;1811.16;314.26
2043-03;930.69;1164.26;1637.42;450.5
2043-03;675.96;1067.84;1094.43;461.84
2043-03;813.48;1054.29;1536.77;231.2
2043-03;382.66;1382.25;941.39;357.82
2043-03;684.11;828.04;1274.95;353.37
2043-03;931.78;1343.2;1632.32;254.3
2043-03;762.85;801.02;1589.92;286.99
2043-03;698.78;1328.49;1479.36;454.75
2043-03;507.04;769.73;1315.97;434.28
2043-03;549.53;1270.43;1203.39;348.68
2043-03;715.49;1029.16;1171.03;255.25
2043-03;425.59;1081.04;903.88;456.06
2043-03;908.76;1065.4;1910.96;456.67
2043-03;766.94;955.26;NA;388.84
2043-03;831.24;985.42;1915.59;342.8
2043-03;773.46;1411.6;1860.02;329.42
2043-04;635.58;1405.38;1696.84;339.6
2043-04;476.82;1212.08;1049.39;410.77
2043-04;762.58;1229.7;1628.63;419.49
2043-04;886.97;835.19;1682.09;212.79
2043-04;633.6;1405.01;1877.13;367.3
2043-04;393.8;1184.45;1266.61;346.3
2043-04;869.06;915.6;1536.3;305.03
2043-04;601.92;1056.74;1351.56;437.52
2043-04;833.3;1049.8;1877.66;343.82
2043-04;798.91;891.78;1397.48;449.98
2043-04;778.06;1072.69;1124.07;394.5
2043-04;558.62;773.98;1601.7;412.95
2043-04;566.34;1352.86;1363.08;345.05
2043-04;666.87;1080.37;1427.87;229.68
2043-04;786.68;955.14;1654.36;315.3
2043-04;859.87;1251.93;946.69;274.45
2043-04;539.14;1348.8;1669.56;436.64
2043-04;509.88;1185.61;900.15;452.41
2043-04;394.61;1100.66;1002.15;338.22
2043-04;849.69;1155.96;1820.73;333.03
2043-04;771.43;752.91;1371.25;445.53
2043-04;872.17;972.35;1847.87;262.87
2043-04;469.23;1432.62;1209.58;337.51
2043-04;568.97;1425.53;1511.38;348.77
2043-04;750.5;1416.17;1560.56;251.36
2043-04;484.47;1159.77;1157.17;439.91
2043-04;448.57;1398.06;1684.66;240.69
2043-04;536.78;1180.36;1570.94;340.55
2043-04;593.67;1395.12;1512.31;353.64
2043-04;579.51;920.1;1637.79;302.61
2043-05;765.41;1360.46;1268.27;300.28
2043-05;803.42;1177.43;1782.66;439.33
2043-05;811.58;1183.64;1543.4;430.57
2043-05;432.56;867.99;1725.33;396.01
2043-05;477.45;913.42;1374.18;343.94
2043-05;861.24;1488.31;1682.09;403.49
2043-05;461.94;1335.39;1179.38;269.75
2043-05;818.71;794.81;1503.75;439.55
2043-05;869.76;863.47;1288.86;367.06
2043-05;509.69;897.42;1823.01;356.05
2043-05;723.49;784.4;1334.87;383.06
2043-05;428.18;1253.2;1750.1;282.34
2043-05;351.36;1488.59;1866.42;272.61
2043-05;780.16;895.92;996.53;302.12
2043-05;628.55;1472.47;1132.08;336.26
2043-05;798.41;846.92;1138.59;298.35
2043-05;470.64;1177.14;1557.45;277.85
2043-05;865.63;1334.23;1112.33;350.52
