Column1.period;Column1.ideac_index;Column1.unemployment_rate;Column1.underemployment_rate
2016-01;109.11;5.78;14.55
2016-01;108.5;6.65;21.13
2016-01;107.33;4;19.24
2016-01;106.55;4.73;22.36
2016-01;99.59;4.12;16.31
2016-01;103.14;5.08;18.71
2016-01;101.7;6.27;20.18
08/01/2016;105.12;5.77;14.58
2016-01;99.8;5.64;16.88
2016-01;101.09;5.12;15.02
2016-01;108.53;6.54;21.13
2016-01;106.1;3.95;18.09
2016-01;99.5;3.99;15.59
14/01/2016;108.03;5.05;22.99
2016-01;104.15;4.08;20.31
2016-01;111.97;5.1;19.51
2016-01;108.83;6.38;14.82
2016-01;102.24;5.74;19.99
2016-01;109.31;4.91;21.02
2016-01;100.98;5.68;17.82
2016-01;104.91;6.41;19.91
2016-01;102.43;3.49;14.57
2016-01;103.78;3.33;16.89
2016-01;106.02;3.74;21.75
2016-01;107.92;3.23;19.71
2016-01;96.63;3.55;15.67
2016-01;108.54;3.72;20.06
2016-01;109.81;4.19;16.26
2016-01;109.08;4.1;16.42
2016-01;110.92;4.27;22.27
   2016-01   ;104.15;NA;16.25
2016-02;106.97;3.6;16.85
2016-02;107.3;NA;19.18
2016-02;101.12;NA;17.45
2016-02;97.06;6.15;21.02
2016-02;105.8;5.97;20.32
2016-02;94.12;3.5;20.32
2016-02;101.86;5.87;19.45
08/02/2016;100.75;4.79;16.47
2016-02;105.31;4.85;22.34
2016-02;110.71;4.63;16.16
11/02/2016;110.71;6.57;22.66
2016-02;107.82;4.91;15.7
2016-02;106.32;4.41;15.69
2016-02;100.6;6.33;22.29
2016-02;105.14;4.51;14.86
   2016-02   ;100.49;5.6;17.69
2016-02;100.7;5.58;15.72
2016-02;106.88;5.06;16.06
2016-02;104.84;6.25;20.89
   2016-02   ;106.99;4.84;20.98
2016-02;105.28;6.17;16.18
   2016-02   ;103.47;6.64;20.6
23/02/2016;100.3;5.66;21.68
2016-02;111.21;4.65;17.94
2016-02;110;3.25;20.19
2016-02;104.1;5.02;19.61
2016-02;106.58;4.2;21.82
   2016-02   ;107.21;4.28;14.77
2016-02;111.95;4.29;22.24
2016-03;105.75;NA;15.07
02/03/2016;105.56;4.4;22.58
2016-03;109.42;3.83;22.11
2016-03;110.45;5.49;21.64
2016-03;109.33;3.99;15.42
2016-03;108.76;5.02;20.11
2016-03;107.82;6.51;15.87
2016-03;103.86;4.47;18.68
2016-03;106.44;5.82;19.91
2016-03;103.76;3.45;21.18
11/03/2016;98.31;NA;20.68
2016-03;108.56;4.11;19.85
2016-03;103.26;6.36;22.85
14/03/2016;101.38;5.29;18.54
2016-03;107.51;5.1;21.21
2016-03;103.91;3.56;22.7
2016-03;94.82;5.12;14.7
2016-03;102.84;3.24;18.24
2016-03;96.36;3.78;20.81
20/03/2016;106.77;3.7;19.41
2016-03;100.02;3.45;18.96
   2016-03   ;107.37;4.2;19.89
23/03/2016;104.16;5.19;21.65
   2016-03   ;110.08;6.63;15.19
2016-03;99.72;3.28;19.72
   2016-03   ;103.82;3.78;21.69
2016-03;100.59;3.26;16.03
   2016-03   ;111.83;4.47;21
2016-03;96.93;3.37;14.77
2016-03;108.82;5.48;22.31
   2016-03   ;107.64;NA;20.61
2016-04;103.15;4.7;15.23
02/04/2016;104.08;4.81;20.7
2016-04;109.04;5.99;20.72
2016-04;106.6;6.59;16.97
2016-04;105.69;3.57;22.03
06/04/2016;104.85;6.54;15.6
2016-04;96.88;6.23;17.83
2016-04;103.98;6.79;17.02
2016-04;102.19;5.88;16.86
2016-04;104.66;4.8;22.3
11/04/2016;105.93;4.57;16.62
2016-04;103.49;NA;17.61
2016-04;106.05;6.52;22.35
2016-04;107.56;4.58;17.49
2016-04;112.78;6.04;18.28
2016-04;109.82;4.51;19.47
2016-04;110.01;6.4;17.95
2016-04;108.59;4.51;16.11
2016-04;105.66;3.25;20.45
2016-04;102.27;3.64;16.91
21/04/2016;104.68;5.44;16.74
2016-04;112.65;5.52;18.45
2016-04;105.25;6.24;18.14
2016-04;103.71;3.87;18.25
2016-04;105.25;4.97;16.28
2016-04;101.94;3.32;18.33
2016-04;106.6;4.3;17.84
2016-04;104.7;4.89;19.35
29/04/2016;103.24;5.87;15.99
2016-04;95.7;5.02;18.46
2016-05;106.11;6.18;17.19
2016-05;107.78;5.82;16.27
03/05/2016;102.67;4.18;16.28
2016-05;106.81;3.9;15.77
2016-05;106.95;5.1;22.91
2016-05;104.35;5.12;22.15
2016-05;105.18;4.22;17.21
2016-05;102.17;4.23;17.4
2016-05;105.41;4.04;16.83
2016-05;100.41;4.23;20.9
2016-05;109.35;5.04;21.51
2016-05;106.89;6.13;17.28
2016-05;102.43;3.55;22.45
14/05/2016;105.67;3.84;16.6
2016-05;107.7;3.97;22.29
2016-05;104.63;6.36;21.98
2016-05;105.31;6.17;18.26
2016-05;98.51;5.26;19.49
2016-05;101.47;4.23;21.36
2016-05;106.14;4.81;15.54
2016-05;106.7;5.66;19.84
2016-05;101.31;3.89;19.21
2016-05;105.16;5.67;22.69
   2016-05   ;99.5;5.23;20.03
2016-05;107.48;4.75;17.81
2016-05;99.55;3.51;17.49
2016-05;110.04;3.46;20.05
2016-05;110.03;6.41;21.4
2016-05;109.31;3.59;16.07
2016-05;96.1;6.78;16.43
2016-05;102.12;6.09;14.82
   2016-06   ;113.16;4.16;20.25
2016-06;103.45;5.55;19.09
03/06/2016;94.87;5.13;14.91
2016-06;102.36;6.32;16.93
2016-06;102.65;5.16;19.36
2016-06;105.31;3.53;20.52
07/06/2016;107.48;6.08;17.78
2016-06;96.83;3.85;17.37
2016-06;107.21;6.59;21.61
2016-06;106.12;5.35;19.47
   2016-06   ;104.4;6.52;20.21
2016-06;103.95;5.98;21.95
2016-06;109.73;3.67;15.02
2016-06;109.07;3.44;14.82
2016-06;103.31;6.28;14.77
2016-06;106.92;4.61;15.81
2016-06;104.14;4.69;21.94
2016-06;108.2;6.18;20.53
19/06/2016;108.02;6.37;15.86
2016-06;102.9;3.36;18.47
2016-06;109.05;5.24;16.05
22/06/2016;106.85;3.96;21.43
2016-06;105.6;4.5;22.1
2016-06;105.57;NA;18.89
25/06/2016;101.85;4.9;20.37
   2016-06   ;103.21;5.15;21.1
   2016-06   ;102.83;5.16;19.38
2016-06;111.93;6.3;19.42
2016-06;106.93;4.28;21.82
2016-06;106.43;3.39;20.95
   2016-07   ;104.9;3.76;20.87
2016-07;99.88;3.21;19.82
2016-07;107.53;3.32;21.04
2016-07;100.34;5.19;20.75
05/07/2016;101.1;6.78;22.23
2016-07;103.54;6.67;16.61
2016-07;100.24;3.35;21.18
2016-07;101.16;5.76;15.66
2016-07;109.48;5.27;18.01
2016-07;101.81;6.21;21.52
2016-07;102.45;4.15;17.26
   2016-07   ;97.85;5.01;18.49
2016-07;105.29;5.85;17.65
2016-07;107.13;5.57;16.27
2016-07;105.56;NA;21.68
2016-07;105.15;6.31;21.34
2016-07;106.41;5.98;22.94
2016-07;105.72;3.54;20.77
19/07/2016;100.2;4.09;15.85
2016-07;97.14;NA;18.32
2016-07;104.3;4.44;18.19
   2016-07   ;112.15;5.29;17.62
2016-07;108.08;6.59;18.91
2016-07;104.01;5.18;22.26
2016-07;98.13;5.24;20.38
   2016-07   ;100.4;6.54;22.74
27/07/2016;103.53;6.8;15.01
2016-07;107.57;3.77;19.82
2016-07;104.36;5.22;19.58
2016-07;104.19;5.44;19.59
2016-07;103.65;4.71;18.82
2016-08;101.08;6.78;14.61
   2016-08   ;104.57;4.59;15.25
2016-08;105.17;6.35;19.39
2016-08;104.95;6.66;18.73
2016-08;103.01;6;15.07
2016-08;101.07;3.51;21.93
2016-08;107.11;5.26;21.76
2016-08;106.29;4.84;19.66
2016-08;97.25;6.31;15.99
2016-08;108.43;6.8;19.51
2016-08;99.46;3.25;20.94
2016-08;97.32;4.52;16.68
13/08/2016;96.69;3.56;22.9
2016-08;113.39;5.06;14.67
2016-08;101.8;6.43;16.79
2016-08;109.37;4.61;16.73
2016-08;104.44;5.77;14.79
2016-08;106.85;6.52;18.43
2016-08;107.02;4.5;19.82
2016-08;98.24;4.69;14.53
2016-08;98.11;3.39;16.47
22/08/2016;109.01;5.47;19.06
2016-08;103.16;5.58;15.3
   2016-08   ;98.59;4.02;21.18
2016-08;107.37;4.79;22.83
2016-08;102.25;3.62;20.4
27/08/2016;113.47;3.23;15.21
   2016-08   ;111.68;5.67;16.43
2016-08;105.61;4.48;19.14
   2016-08   ;102.59;5.77;22.85
31/08/2016;108.69;6.57;15.48
2016-09;106.57;5.86;21.19
2016-09;104.27;6.05;14.67
03/09/2016;110.76;4.19;21.56
2016-09;101.38;3.39;18.29
2016-09;105.2;3.73;17.11
2016-09;97.48;5.74;20.81
2016-09;102.46;4.4;19.33
2016-09;106.52;4.07;18.63
2016-09;108.62;4.19;22.88
2016-09;104.38;6.75;19.7
2016-09;103.6;5.58;17.11
2016-09;102.62;5.85;18.29
2016-09;106.11;3.8;16.1
   2016-09   ;106.31;5.54;15.56
15/09/2016;106.76;4.43;21.14
2016-09;101.87;5.33;18.07
2016-09;103.69;6.43;15.64
2016-09;111.97;4.33;15.71
   2016-09   ;101.59;5.7;17.11
2016-09;103.11;4.64;21.71
2016-09;110.12;NA;16.62
2016-09;100.6;3.72;16.46
2016-09;106.78;6.31;18.23
2016-09;109.48;5.26;20.15
2016-09;101.67;5.55;16.43
2016-09;106.92;3.68;14.79
2016-09;105.92;4.93;15.53
2016-09;101.25;4.04;16.09
2016-09;100.83;4.77;19.55
2016-09;101.08;3.26;16.67
2016-10;110.28;6.34;17.59
2016-10;97.32;5.67;17.89
03/10/2016;106.86;5.86;15.73
2016-10;105.51;6.1;20.62
2016-10;103.16;6;17.22
2016-10;105.42;5;19.56
2016-10;105.48;NA;19.8
08/10/2016;106.54;5.91;16.42
2016-10;107.24;5.73;17.27
2016-10;110.35;4.88;20.95
11/10/2016;104.37;3.38;17.33
2016-10;109.59;4.65;22.56
2016-10;111.99;4.79;19.58
2016-10;108.51;5.54;16.52
15/10/2016;99.61;6.34;17.48
16/10/2016;108.22;4.21;18.34
2016-10;100.1;6.63;15.56
18/10/2016;99.96;3.61;14.75
2016-10;99.9;5.78;15.94
20/10/2016;100.7;3.41;17.71
21/10/2016;100.95;NA;15.31
2016-10;114.21;5.96;21.96
2016-10;102.18;NA;20.52
2016-10;94.95;4.56;16.9
2016-10;101.27;3.23;22.1
2016-10;100.97;3.68;16.79
2016-10;111.39;5.39;16.29
2016-10;103.41;4.89;14.96
2016-10;101.68;6.72;21.36
2016-10;103.58;4.28;21.12
31/10/2016;110.83;5.81;19.59
2016-11;105.14;5.51;17.08
2016-11;106.47;3.41;21.39
2016-11;103.77;5.05;21.52
2016-11;105.83;5.7;14.75
05/11/2016;109.66;4.74;19.43
06/11/2016;103.74;3.65;15.5
2016-11;103.29;5.72;18.59
2016-11;103.54;6.26;22.76
09/11/2016;104.11;4.23;18.07
2016-11;105.86;NA;16.45
11/11/2016;105.52;5.84;22.71
2016-11;106.94;6.32;15.71
2016-11;100.48;5.53;17.77
2016-11;100.82;5.24;22.57
2016-11;111.23;3.25;21.12
   2016-11   ;105.34;4.54;14.89
2016-11;108.68;6.11;17.56
2016-11;114.39;3.94;15.34
   2016-11   ;112.28;5.2;19.4
2016-11;107.44;5.73;15.03
2016-11;108.41;5.95;19.77
22/11/2016;103.57;5.44;15.48
2016-11;101.69;4.32;17.19
2016-11;102.79;5.92;21.36
2016-11;104.01;4;15.69
2016-11;103.36;4.87;19.08
2016-11;101.12;5.76;16.52
2016-11;108.45;3.69;20.72
29/11/2016;105.25;5.53;22.29
2016-11;112.44;4.69;16.43
01/12/2016;103.25;5.5;14.93
2016-12;104.52;5.65;17.32
2016-12;104.95;5.21;20.42
2016-12;113.54;4.5;21.03
2016-12;108.28;3.69;18.22
2016-12;106.97;4.51;20.78
2016-12;109.78;6.58;17.03
2016-12;113.04;5.33;19.31
2016-12;106.75;6.01;16.78
10/12/2016;111.8;6.65;14.76
2016-12;111.33;6.22;22.98
2016-12;106.55;4.21;20.55
2016-12;106.46;5.9;15.77
2016-12;109.86;NA;16.71
2016-12;104.95;5.76;20.3
2016-12;109.38;3.56;17.51
   2016-12   ;105.98;3.8;18.06
2016-12;105.25;4.95;16.46
2016-12;106.09;4.01;16.19
2016-12;99.78;3.83;20.88
21/12/2016;106.27;6.24;17.77
   2016-12   ;103.29;5.81;17.84
2016-12;99.94;3.21;15.7
2016-12;98.03;5.19;20.11
2016-12;98.18;4.91;15.15
2016-12;98.49;4.47;21.33
2016-12;104.45;6.42;16.23
   2016-12   ;105.65;5.22;19.02
2016-12;97.33;3.53;21.13
2016-12;104.03;3.53;20.39
2016-12;104.55;5.67;17.88
01/01/2017;103.95;5.63;15.49
   2017-01   ;105.14;5.85;18.19
2017-01;109.03;5.77;17.66
   2017-01   ;110.21;5.8;16.25
2017-01;102.26;6.43;17.29
2017-01;111.94;5.38;17.9
   2017-01   ;112.05;5.83;19.81
2017-01;104.55;4.53;16.11
2017-01;100.41;6.41;18
2017-01;104.49;5.27;16.79
2017-01;103.79;3.47;18.55
2017-01;106.59;6.75;19.99
2017-01;102.83;6.59;21.1
2017-01;102.74;5.7;22.05
2017-01;100.87;3.44;18.88
   2017-01   ;102.56;5.44;16.23
2017-01;103.32;5.42;22.43
2017-01;104.61;5.89;16.35
   2017-01   ;112.86;6.1;16.64
2017-01;109.01;5.7;22.56
2017-01;100.35;6.29;21.57
2017-01;104.19;4.35;21.18
2017-01;109.15;4.43;15.13
2017-01;108.92;NA;14.64
   2017-01   ;103.11;3.64;19.74
26/01/2017;101.22;5.86;18.44
2017-01;104.19;5.16;22.32
2017-01;101.71;3.83;18.02
2017-01;110.39;3.23;19.05
2017-01;101.38;5.15;20.58
2017-01;103.31;4.61;16.38
01/02/2017;105.56;4.97;19.19
2017-02;101.73;6.45;22.07
2017-02;109.76;6.02;21.95
2017-02;100.66;3.92;16.81
2017-02;101.22;4.75;17.5
2017-02;106.21;3.41;17.12
2017-02;104.29;5.99;16.61
2017-02;99.53;4.97;19.22
2017-02;100.3;4.46;14.52
2017-02;101.02;6.28;20.2
2017-02;103.07;5.8;15.32
2017-02;105.27;5.55;22.66
2017-02;106.84;6.48;20.95
   2017-02   ;106.26;4.8;16.44
2017-02;108.71;5.33;19.71
2017-02;106.03;5.88;15.78
2017-02;102.73;4.88;15.18
2017-02;103.18;5.05;20.91
2017-02;98.71;3.69;19.77
2017-02;108.34;5.24;22.5
2017-02;107.1;4.41;18.97
   2017-02   ;110.6;3.99;15.61
2017-02;97.82;4.38;19.59
2017-02;109.85;4.35;22.36
2017-02;104.23;6.76;21.71
26/02/2017;109.38;4.56;16.97
2017-02;106.39;4.38;21.31
2017-02;99.16;4.45;17.94
2017-03;102.32;5.4;16.62
2017-03;99.87;3.23;21.86
2017-03;104.34;4.2;15.48
2017-03;99.26;4.6;22.69
05/03/2017;101.94;4.31;22.95
06/03/2017;104.05;5.93;19.35
2017-03;102.09;5.9;21.37
2017-03;106.62;4.48;14.77
2017-03;114.75;3.21;18.62
10/03/2017;108.7;5.3;20.79
2017-03;99.43;3.87;17.38
12/03/2017;112.45;6.8;17.69
2017-03;99.26;6.46;19.88
   2017-03   ;100.2;4.68;15.28
2017-03;108.16;4.6;14.62
2017-03;110.08;6.23;21.74
2017-03;106.55;6.21;22.68
2017-03;106.33;6.28;16.99
2017-03;109.37;3.68;18.09
2017-03;107.4;3.67;22.74
2017-03;108.22;3.86;22.12
2017-03;110.08;3.65;14.67
2017-03;106.65;3.84;16.49
2017-03;108.57;5.37;22.69
2017-03;108.02;3.56;21.54
26/03/2017;97.85;3.61;19.08
2017-03;108.19;4.35;22.24
2017-03;106.55;6.67;21.21
2017-03;102.58;3.94;20.99
2017-03;107.15;4.98;18.56
2017-03;103.94;3.82;16.81
2017-04;104.68;4.34;16.96
2017-04;105.6;6.38;15.6
03/04/2017;106.86;6.77;22.72
04/04/2017;97.66;5.24;16.46
2017-04;111.04;4.13;14.56
06/04/2017;108.88;5.52;19.18
2017-04;108.16;4.4;15.63
2017-04;106.14;4.52;15.4
2017-04;108.32;3.96;15.99
2017-04;105.46;3.86;19.46
2017-04;106.21;4.73;18.17
2017-04;107.89;5.57;22.87
2017-04;98.76;3.56;21.09
2017-04;110.12;5.25;16
15/04/2017;99.11;NA;21.29
2017-04;95.01;4.2;21.69
2017-04;108.88;4.47;15.77
2017-04;102.83;6.16;14.57
2017-04;108.55;4.02;19.44
20/04/2017;100.99;5.3;15.19
2017-04;102.4;4.83;21.34
2017-04;101.73;6.37;14.84
   2017-04   ;106.2;6.11;21.18
24/04/2017;108.01;4.25;16.19
2017-04;118.69;5.41;20.69
2017-04;107.53;6.32;14.56
2017-04;111.15;5.19;15.92
2017-04;114.54;6.6;22.96
29/04/2017;109.48;5.91;14.66
30/04/2017;106.91;5.3;18.65
01/05/2017;106.87;4.33;21.08
2017-05;103.97;4.47;18.83
2017-05;111.64;5.98;16.21
2017-05;110.16;4.16;15.33
2017-05;97.1;3.6;22.26
2017-05;101.41;5.67;18.57
2017-05;104.43;4.06;22.7
2017-05;97.5;4.21;22.22
2017-05;103.03;3.6;19.08
2017-05;108.97;5.68;14.56
11/05/2017;104.39;4.01;19.25
12/05/2017;111.3;4.32;19.51
2017-05;105.75;3.79;15.53
   2017-05   ;110.11;6.12;16.26
2017-05;96.91;5.41;22.23
2017-05;105.29;6.73;20.24
17/05/2017;106.34;6.43;18.29
2017-05;107.2;6.7;21.38
2017-05;104.75;5.89;18.36
2017-05;107.39;3.79;15.52
2017-05;102.1;4.05;21.68
2017-05;109.02;4.1;14.65
   2017-05   ;103.03;6.47;20.53
2017-05;112.26;5.7;18.53
2017-05;105.42;4.7;19.74
2017-05;104.25;6.04;15.41
2017-05;105.57;4.88;21.16
2017-05;106.2;3.48;19.3
   2017-05   ;99.53;3.87;21.86
2017-05;107.27;5.3;20.04
2017-05;115.15;4.55;20.76
01/06/2017;102.87;4.84;18.48
2017-06;108.2;4.03;16.8
2017-06;107.6;4.17;22.96
2017-06;99.07;5.76;20.16
   2017-06   ;103.14;4.29;21.14
2017-06;106.96;5.5;15.19
07/06/2017;106.6;5.91;16.31
2017-06;109.15;5.53;16.36
2017-06;106.96;4.03;15.89
2017-06;106.01;5.59;20.69
2017-06;108.24;3.55;14.82
2017-06;105.52;5.86;18.55
2017-06;102.76;5.37;22.66
2017-06;97.88;5.11;22.09
2017-06;102.85;4.97;16.1
2017-06;111.89;3.36;14.77
2017-06;109.61;3.52;19.57
   2017-06   ;99.06;6.51;15
2017-06;108.38;3.41;15.55
20/06/2017;102.94;3.72;18.29
2017-06;106.02;3.65;20.88
2017-06;102.48;3.86;15.49
2017-06;99.49;5.1;18.62
2017-06;107.37;4.22;14.56
25/06/2017;103.3;3.8;21.41
2017-06;107.38;6.72;22.09
27/06/2017;105.68;4.34;16.96
2017-06;109.15;5.4;16.02
2017-06;99.33;4.4;21.56
30/06/2017;113.91;5.01;21.06
2017-07;105.29;5.81;15.58
2017-07;98.87;4.43;20.31
2017-07;104.18;NA;22.41
04/07/2017;105.6;6.45;22.63
2017-07;105.72;4.16;14.95
2017-07;99.65;6.29;20.37
2017-07;104.03;6.06;19.48
2017-07;101.79;3.45;18.16
2017-07;100.03;6.64;20.15
2017-07;106.03;3.57;17.68
   2017-07   ;103.17;NA;22.05
2017-07;112.85;6.04;14.82
2017-07;99.61;4.98;22.43
2017-07;101.76;6.32;15.4
15/07/2017;102.24;3.77;18.97
   2017-07   ;102.24;6.18;21.33
2017-07;105.07;5.05;20.61
2017-07;106.21;3.41;21.58
2017-07;99.94;NA;17.61
2017-07;104.62;4.5;14.78
2017-07;105.13;4.32;22.48
2017-07;104.83;5.43;20.45
2017-07;100.92;5.25;16.21
2017-07;108;3.21;18.61
2017-07;101.97;6.45;19.22
2017-07;108.84;3.32;19.02
2017-07;97.26;5.65;20.01
2017-07;99.4;4.06;22.87
2017-07;105.6;5.9;19.38
   2017-07   ;107.42;5.04;18.09
2017-07;106.9;3.63;19.13
2017-08;107.74;4.12;19.08
2017-08;106.42;NA;20.38
03/08/2017;101.41;4.93;21.33
2017-08;104.2;6.45;17.01
2017-08;112.1;4.56;16.2
2017-08;98.15;5.56;15.35
   2017-08   ;103.48;5.57;17.57
2017-08;101.33;5.41;18.9
2017-08;107.9;5.72;21.11
10/08/2017;106.22;4.82;22.63
2017-08;105.81;4.88;22.24
2017-08;108.58;5.78;15.96
13/08/2017;104.98;6.28;19.04
2017-08;102.18;4.51;17.27
2017-08;102.47;3.48;22.59
2017-08;103.7;6.31;22.25
2017-08;102.92;5.38;21
2017-08;108.67;4.8;17.94
2017-08;110.21;6.02;16.96
   2017-08   ;105.34;3.54;17.33
2017-08;104.05;6.38;17.34
   2017-08   ;110.84;5.84;22.09
2017-08;108.64;6.2;17.93
2017-08;99.95;3.64;20.27
2017-08;116.6;6.65;18.74
2017-08;103.88;5.56;21.47
2017-08;106.44;5.24;16.59
2017-08;114.38;6.52;15.85
29/08/2017;102.72;6.08;22.91
2017-08;109.9;5.57;17.72
2017-08;106.95;6.78;15.58
01/09/2017;109.09;5.11;18.27
2017-09;104.56;5.91;22.2
2017-09;108.57;NA;21.22
2017-09;102.48;6.61;16.19
2017-09;102.75;3.8;18.13
   2017-09   ;103.96;4;22.43
2017-09;104.36;6.03;18.14
2017-09;109.89;3.7;17.05
2017-09;104.54;6.11;15.81
2017-09;107.24;6.3;18.26
2017-09;102.05;6.51;21.52
2017-09;104.49;4.6;16.16
2017-09;109.74;4.74;15.5
2017-09;101.06;4.15;17.89
2017-09;99.65;5.83;20.34
16/09/2017;107.81;3.39;16.18
2017-09;97.67;6.71;15.45
   2017-09   ;102.17;4.42;15.69
19/09/2017;105.97;4.83;17.14
2017-09;100.45;3.74;22.73
   2017-09   ;96.12;4.38;17.13
2017-09;101.01;3.84;16.98
2017-09;102.13;5.76;21.64
2017-09;107.09;NA;19.45
25/09/2017;104.73;6.3;16.36
2017-09;105.21;6.54;21.63
27/09/2017;98.67;6.65;20.65
28/09/2017;107.31;3.79;21.42
2017-09;110.16;3.95;17.45
2017-09;102.53;4.64;22.76
2017-10;103.84;4.11;14.9
   2017-10   ;108.81;4.7;19.84
2017-10;104.64;6.67;16.72
2017-10;104.95;5.05;21.01
2017-10;112.38;5.66;21.85
2017-10;101.96;5.51;19.26
   2017-10   ;111.6;4.24;17.1
   2017-10   ;103.54;5.6;17.16
2017-10;110.39;6.76;15.04
10/10/2017;105.82;3.32;19.73
2017-10;108.21;5.05;21.3
12/10/2017;105.45;5.94;16.56
2017-10;101.27;5.25;18.37
14/10/2017;106.55;4.58;16.12
2017-10;101.65;NA;17.21
2017-10;101.36;4.96;16.57
2017-10;101.67;3.51;18.38
2017-10;105.58;6.41;18.23
2017-10;95.28;4.02;19.62
20/10/2017;107.74;4.48;15.65
   2017-10   ;100.28;5.17;20.85
2017-10;104.76;5.15;15.94
2017-10;114.22;5.72;14.86
2017-10;103.13;5.21;15.67
2017-10;104.46;5.47;15.75
2017-10;101.15;3.37;18.12
2017-10;107.58;NA;22.63
2017-10;107.58;4.91;19.16
   2017-10   ;108.28;6.02;18.92
2017-10;103.69;NA;20.73
31/10/2017;102.62;5.27;18.61
2017-11;105.4;5.6;15.38
02/11/2017;101.66;NA;21.75
2017-11;102.08;3.21;15.75
2017-11;97.28;5.94;15
2017-11;97.9;3.45;19.6
06/11/2017;101.91;6.58;15.54
2017-11;102.55;6.26;20.36
   2017-11   ;100.34;4.35;22.94
2017-11;101.21;3.42;15.7
   2017-11   ;106.03;4.21;17.46
2017-11;105.27;3.84;18.55
2017-11;114.08;4.11;15.02
2017-11;106.44;4.05;18.74
2017-11;104.67;5.59;21.82
15/11/2017;106.08;5.29;19.21
2017-11;101.86;5.13;21.16
2017-11;108.33;5.5;19.72
2017-11;101.33;5.82;16.09
2017-11;94.8;5.02;16.06
2017-11;103.26;5.66;15.03
21/11/2017;109.25;4.29;19.85
2017-11;99.99;5.67;19.42
2017-11;107.52;3.46;21.01
2017-11;100.88;4.22;19.71
25/11/2017;109.81;5.27;18.92
2017-11;108.04;6.76;20.84
2017-11;103.67;3.4;17.22
2017-11;114.03;5.67;22.84
2017-11;111.32;4.73;16.05
2017-11;106.29;3.29;20.87
01/12/2017;104.52;4.17;14.86
2017-12;98.59;6.09;18.37
2017-12;107;3.28;14.86
2017-12;109.05;3.46;21.67
   2017-12   ;104.43;3.89;19.7
2017-12;107.79;6.53;15.72
2017-12;109.21;5.29;14.55
2017-12;107.8;3.61;18.06
2017-12;113.6;3.61;21.23
2017-12;106.36;3.52;17.42
2017-12;100.76;5.55;21.05
2017-12;110.93;6.69;21.83
2017-12;102.92;6.58;17.89
2017-12;103.72;4.38;20.39
2017-12;103.18;6.08;22.47
   2017-12   ;103.82;NA;17.79
2017-12;112.24;3.97;18.17
2017-12;103.38;5.13;16.78
2017-12;104.51;3.42;16.17
2017-12;106.53;6.68;19.82
21/12/2017;102.96;3.64;18.13
2017-12;101.27;6.53;20.37
2017-12;101.83;NA;22
2017-12;105.9;5.47;18.98
2017-12;111.88;3.41;18.27
26/12/2017;100.47;4.67;19.48
2017-12;104.75;3.45;20.02
2017-12;108.71;6.36;22.68
29/12/2017;99.64;6.73;22.9
2017-12;104.6;5.11;22.5
31/12/2017;105.57;4.34;20.24
2018-01;115.95;6.57;22.47
2018-01;103.65;3.49;15.94
2018-01;107.71;4.8;21.7
2018-01;105.11;4.36;22.18
05/01/2018;99.08;6.34;16.94
2018-01;107.31;5.27;19.01
2018-01;112.13;3.37;16.62
2018-01;109.87;4.68;20.4
2018-01;96.66;3.45;17.46
2018-01;106.7;3.9;22.18
2018-01;97.02;6.53;20.81
2018-01;103.9;4.53;19.88
2018-01;102.08;4.9;22.59
2018-01;106.36;3.4;18.57
2018-01;104.65;5.01;22.64
2018-01;101.57;4.14;19
   2018-01   ;107.78;5.78;19.97
   2018-01   ;104.2;3.2;20.2
19/01/2018;105.1;4.29;21.15
2018-01;102.08;NA;20.76
2018-01;104.25;NA;19.89
2018-01;104.55;5.98;15.12
2018-01;104.89;3.37;17.68
2018-01;101.37;4.81;15.05
2018-01;103.99;NA;19.66
2018-01;96.35;5;15.87
2018-01;103.64;3.87;22.45
28/01/2018;100.14;6.72;18.63
2018-01;103.71;4.44;19.61
2018-01;97.38;5.14;21.52
2018-01;106.29;3.32;17.94
2018-02;109.48;5.42;22.04
   2018-02   ;108.04;5.23;21.04
2018-02;104.47;6.75;15.02
2018-02;104.02;3.27;17.73
2018-02;105.46;3.77;16.6
06/02/2018;104.6;6.67;20.95
2018-02;103.73;3.92;15.01
2018-02;103.58;4.94;21.04
2018-02;102.49;5.07;17.48
   2018-02   ;113.76;4.37;17.64
2018-02;112.06;3.58;20.83
2018-02;106.27;4.95;22.22
2018-02;106.38;6.47;15.93
2018-02;102.45;6.57;15.38
2018-02;98.95;5.27;18.83
2018-02;108.57;4.04;22.62
2018-02;105.36;4.26;16.23
2018-02;101.23;5.82;15.34
2018-02;110.46;6.1;22.67
20/02/2018;106.59;NA;19.05
   2018-02   ;102.71;5.13;22.88
2018-02;106.84;4.14;20.13
2018-02;101.15;4.79;21.12
24/02/2018;109.88;4.51;14.81
2018-02;109.2;4.23;16.2
2018-02;109.63;4.67;18.32
2018-02;104.73;6.74;20.56
2018-02;105.29;3.47;15.6
2018-03;103.54;5.4;17.29
2018-03;103.91;4.87;17.48
2018-03;119.06;NA;17.27
2018-03;100.49;6.3;15.1
2018-03;109.58;6.49;22.85
2018-03;94.73;4.18;17.89
   2018-03   ;102.28;3.94;15.83
2018-03;105.88;5.82;18.32
2018-03;101.38;3.86;20.63
2018-03;108.38;NA;19.93
   2018-03   ;105.15;4.79;17.75
2018-03;106.98;3.61;15.39
2018-03;106.38;3.53;18.6
14/03/2018;107.74;5.98;17.85
2018-03;103.17;5.83;21.94
   2018-03   ;95.65;6.21;20.97
2018-03;104.91;NA;18.14
   2018-03   ;99.2;3.71;16.41
2018-03;107.8;5.45;14.6
20/03/2018;105.06;3.57;18.72
2018-03;107.24;4.15;15.92
22/03/2018;113.92;NA;20.65
   2018-03   ;110.72;6.03;20.9
2018-03;115.06;3.43;20.11
   2018-03   ;104.04;NA;19.25
26/03/2018;107.71;4.82;14.81
2018-03;105.53;6.62;17.52
2018-03;106.56;6.57;14.92
2018-03;100.93;5.44;20.05
2018-03;107.51;4.58;15.91
2018-03;106.03;5.15;22.75
2018-04;101.98;5.64;20.72
2018-04;102.57;3.97;21.66
2018-04;103.52;4.17;22.93
2018-04;108.09;4.21;20.96
   2018-04   ;106.55;6.03;22.28
06/04/2018;109.38;6.61;20.03
2018-04;104.36;5.24;14.89
2018-04;104.03;5.8;21.09
2018-04;96.33;5.29;19.47
2018-04;104.88;3.98;20.53
2018-04;112.55;5.8;22.47
12/04/2018;108.44;4.59;17.53
2018-04;104.43;4.87;17.26
14/04/2018;109.23;4.73;15.09
   2018-04   ;106.38;4.51;22.53
2018-04;105.08;5;22.63
17/04/2018;105.39;4.43;18.45
2018-04;100.75;3.73;22.17
2018-04;102.84;4.28;18.71
20/04/2018;101.24;4.13;18.03
21/04/2018;102.17;6.14;18.85
2018-04;108.02;6.31;15.69
23/04/2018;108;4.68;21.84
   2018-04   ;110.7;3.49;14.67
2018-04;108.84;NA;18.32
2018-04;104.39;4.62;15.29
2018-04;102.58;4.5;17.31
2018-04;107.92;5.24;19.8
2018-04;106.83;5.74;18.18
30/04/2018;103.96;6.72;17.58
2018-05;102.3;5.7;16.28
2018-05;103.87;3.72;17.19
2018-05;103.47;6.79;21.58
2018-05;103.35;5.59;21.04
2018-05;108.37;4.65;22.02
2018-05;105.26;6.78;21.36
2018-05;104.11;6.47;16.19
2018-05;104.28;NA;17.27
2018-05;103.66;3.78;14.51
2018-05;104.37;3.52;19.47
2018-05;112.47;5.6;17.71
12/05/2018;109.77;4.75;19.95
2018-05;97.8;3.49;15.3
   2018-05   ;99.74;6.29;17.69
2018-05;103.19;NA;18.27
2018-05;104.94;5.17;16.71
2018-05;103.23;5.17;17.5
18/05/2018;112.19;4.67;21.37
2018-05;101.62;5.79;21.21
2018-05;99.05;NA;21.93
   2018-05   ;103.24;5.56;22.99
2018-05;100.46;6.54;15.37
2018-05;111.42;6.12;16.78
2018-05;107.68;6.13;18.23
2018-05;107.07;5.66;16.64
2018-05;109.06;5.57;21.88
2018-05;103.81;5.51;16.74
   2018-05   ;97.19;4.9;20.9
2018-05;102.08;5.38;19.65
30/05/2018;96.22;6.66;18
2018-05;112.89;6.69;17.52
2018-06;109.95;3.37;22.31
2018-06;106.54;6.79;20.99
2018-06;112.12;4.37;15.2
2018-06;108.8;5.93;17.2
2018-06;114.86;3.97;21.5
2018-06;99.96;NA;22.71
2018-06;98.66;5.98;21.62
2018-06;102.47;3.55;22.73
2018-06;102.04;6.43;15.47
2018-06;95.47;4.73;22.25
   2018-06   ;115.04;3.99;20.33
2018-06;102.88;3.35;21.65
2018-06;100.1;4.23;18.07
2018-06;101.84;5.58;22.71
2018-06;103.62;5;21.35
2018-06;107.05;3.62;22.48
2018-06;98.78;5.49;21.13
2018-06;97.45;5.27;14.68
2018-06;112.24;3.94;19.17
2018-06;112.87;4.18;22.18
21/06/2018;105.77;5.73;18.29
2018-06;109.02;5.35;15.47
2018-06;106.48;5;19.85
2018-06;104.59;4.38;15.18
2018-06;109.93;5.35;22.14
   2018-06   ;107.88;4.26;18.95
   2018-06   ;111.35;5.64;20.07
2018-06;106.84;6.67;20.48
29/06/2018;102.3;5.74;15.7
2018-06;103.26;4.19;19.45
2018-07;109.34;4.55;22.52
2018-07;104.19;4.5;22.24
03/07/2018;102.65;4.74;18.12
   2018-07   ;107.66;6.04;17.04
2018-07;106.99;3.74;16.29
2018-07;106.83;5.76;18.39
   2018-07   ;100.3;NA;18.43
2018-07;103.78;3.95;22.82
2018-07;104.1;4.96;17.05
10/07/2018;100.71;3.2;18.98
11/07/2018;104.07;4.13;20.63
12/07/2018;94.81;4.19;22.9
13/07/2018;107.39;5;15.25
2018-07;104.42;6.7;14.67
15/07/2018;100.55;6.77;21.13
   2018-07   ;109.69;4.33;18.09
17/07/2018;104.12;4.88;14.87
2018-07;105.76;6.59;20.22
2018-07;110.21;6.37;20.14
2018-07;108.49;3.83;20.41
2018-07;98.94;6.57;18.4
2018-07;103.88;6.19;16.72
2018-07;107.98;5.08;18.8
24/07/2018;104.15;3.67;19.76
   2018-07   ;113.23;6.21;16.03
   2018-07   ;97.67;3.22;19.31
   2018-07   ;102.93;5.79;20.44
2018-07;95.99;4.96;14.92
2018-07;113.82;3.54;16.28
30/07/2018;98.73;5.09;22.11
2018-07;104.67;5.09;17.68
   2018-08   ;102.84;5.03;20.08
2018-08;105.95;6.6;18.52
03/08/2018;101.58;5.93;18.57
2018-08;101.7;6.69;20.81
2018-08;96.22;3.98;20.45
2018-08;104.52;5.2;20
2018-08;107.83;4.66;19.19
08/08/2018;109.79;NA;22.07
2018-08;105.06;5.38;17.11
2018-08;109.77;5.88;16.56
2018-08;105.97;5.29;17.93
   2018-08   ;111.59;6.59;21.33
2018-08;106.68;3.49;15.67
2018-08;108.75;6.15;19.51
   2018-08   ;108.48;4.33;18.28
2018-08;98.99;4.63;19.54
2018-08;102.6;4.53;15.46
2018-08;108.37;3.33;21.31
2018-08;107.76;3.67;22.22
20/08/2018;108.67;5.24;18.37
2018-08;106.88;4.17;20.72
2018-08;103.3;5.53;19.42
23/08/2018;111.5;3.65;18.5
2018-08;116.37;NA;20.41
2018-08;108.24;4.06;16.95
   2018-08   ;99.96;3.65;19.13
2018-08;110.51;5.73;17.5
   2018-08   ;112.54;4.07;20.13
29/08/2018;107.98;3.43;17.42
30/08/2018;112.06;6.59;17.97
   2018-08   ;109.84;3.45;17.96
01/09/2018;103.44;6.01;15.57
2018-09;106.09;4.24;16.2
2018-09;108.11;3.72;21.66
04/09/2018;100.59;5.83;19.68
2018-09;97.76;4.34;17.6
2018-09;103.68;4.16;22.53
   2018-09   ;103.42;4.61;15.31
2018-09;103.41;3.3;18.7
2018-09;106.38;3.27;22.62
2018-09;106.66;6.47;17.5
2018-09;103.5;6.57;19.57
2018-09;107.29;3.47;22.93
   2018-09   ;106.03;5.88;16.28
2018-09;104.68;6.2;20.25
2018-09;109.2;6.57;21.97
2018-09;112.22;3.99;21.27
2018-09;101.58;5.8;19.99
2018-09;100.09;4.78;15.83
2018-09;108.86;3.62;15.83
2018-09;103.1;NA;20.79
2018-09;105.43;5.86;21.13
2018-09;104.56;4.25;20.47
2018-09;110.65;3.47;15.95
2018-09;100.76;3.24;19.9
2018-09;111.1;3.34;15.54
2018-09;112.38;5.4;20.4
27/09/2018;105.43;6.62;14.82
2018-09;102.83;4.65;16
2018-09;111.43;3.25;18.48
2018-09;110.59;4.44;21.97
2018-10;104;NA;22.82
   2018-10   ;105.69;5.13;17.63
   2018-10   ;107.1;4.55;20.32
2018-10;102.22;5.01;15.35
2018-10;101.3;4.74;15.5
2018-10;106.17;3.39;20.56
2018-10;106.31;4.9;15.41
08/10/2018;92.53;5.11;20.5
2018-10;103.4;4.48;21.98
2018-10;102.63;4.2;21.35
2018-10;105.41;3.34;22.09
2018-10;101.49;6.28;21.31
2018-10;101.07;6.51;22.66
14/10/2018;104.06;5.47;21.14
15/10/2018;102.21;5;17.71
2018-10;105.83;3.4;17.73
2018-10;102.9;6.2;22.31
2018-10;100.7;5.97;16.93
   2018-10   ;99.24;6.63;17.75
2018-10;104.74;5.68;22.76
2018-10;104.34;5.67;15.23
2018-10;105.07;5.69;16.35
2018-10;109.11;5.83;19.82
2018-10;100.16;5.76;22.46
   2018-10   ;107.78;4.89;17.12
2018-10;105.11;6.48;16.92
2018-10;108.69;5.79;21.73
2018-10;102.36;NA;19.86
2018-10;107.35;6.42;15.29
2018-10;105.84;6.47;18.5
2018-10;111.46;6.65;21.92
01/11/2018;107.52;4.86;18.11
2018-11;104.56;6.4;16.59
2018-11;109.51;4.4;20.76
2018-11;111.17;3.96;15.73
2018-11;109.28;4.07;18.11
2018-11;108.07;4.88;15.12
2018-11;103.08;4.17;16.91
08/11/2018;104.81;5.33;18.46
2018-11;100.45;3.31;15.25
2018-11;105.02;4.24;16.34
2018-11;109.31;4.15;18.42
2018-11;104.58;5.72;15.96
2018-11;102.42;4.56;17.65
2018-11;109.47;4.52;19.7
15/11/2018;107.27;4.98;18.21
2018-11;107.74;4.55;15.96
17/11/2018;104.99;5.24;18.91
2018-11;112;3.71;22.99
2018-11;103.5;6.79;16.91
2018-11;110.24;4.91;18.96
2018-11;102.56;4.6;21.86
2018-11;106.55;4.47;21.29
2018-11;109.26;6.62;16
   2018-11   ;105.33;4.74;16.15
   2018-11   ;111.83;5.31;20.1
2018-11;97.7;5.69;17.53
2018-11;100.13;4.27;21.57
2018-11;106.45;4.38;21.24
2018-11;103.23;6.22;22.48
   2018-11   ;97.72;3.48;18.74
2018-12;105.66;3.91;22.46
2018-12;107.2;6.43;19.21
2018-12;101.55;3.9;17.06
2018-12;109.09;4;19.35
2018-12;107.94;3.27;21.64
   2018-12   ;114.83;5.52;16.12
07/12/2018;105.43;3.92;21.72
2018-12;104.66;6.57;20.63
   2018-12   ;103.23;3.61;18.93
   2018-12   ;104.8;5.49;21.64
2018-12;109.63;6.17;20.99
2018-12;104.45;3.21;21.06
2018-12;102.78;NA;17.19
2018-12;106.26;6.32;19.52
2018-12;106.14;5.09;21.65
2018-12;104.68;6.11;22.26
17/12/2018;101.41;3.81;17.85
18/12/2018;104.37;4.43;15.18
2018-12;102.97;3.28;18.73
20/12/2018;100.63;3.54;15.39
21/12/2018;105.85;NA;18.59
2018-12;111.8;3.95;22.29
2018-12;106.95;5.3;18.36
2018-12;110.24;5.55;19.95
25/12/2018;100.25;NA;15.16
2018-12;105.21;6.1;16.16
27/12/2018;108.8;6.79;15.09
2018-12;103.13;5.64;17.34
2018-12;104.51;5.22;21.03
2018-12;106.72;4.52;15.8
2018-12;98.64;4.42;16.14
2019-01;96.38;3.22;20.46
2019-01;104.51;5.31;19.33
2019-01;99.15;5.5;16.51
   2019-01   ;104.99;4.75;16.5
05/01/2019;111.19;4.76;22.29
2019-01;108.76;4.9;21.71
2019-01;107.71;4.34;19.25
2019-01;110.84;5.51;19.47
2019-01;103.48;6.43;22.6
2019-01;103.64;4.67;17.84
2019-01;104.81;4.46;17
2019-01;108.05;3.93;17.76
2019-01;111.19;4.76;17.96
2019-01;104.04;5.91;20.93
   2019-01   ;119.65;6.59;19.79
2019-01;114.42;4.3;22.02
2019-01;103.09;5.37;16.66
   2019-01   ;103.51;4.33;17.13
2019-01;105.22;5.83;22.47
2019-01;103.48;6.12;22.77
2019-01;101.38;5.63;19.38
2019-01;111.42;4.01;20.28
   2019-01   ;106.48;3.61;21.27
2019-01;107.07;6.21;22.45
2019-01;99.71;3.64;16.38
2019-01;99.53;5.03;21.02
27/01/2019;106.34;6.52;17.54
2019-01;108.5;3.27;20.36
2019-01;109.65;6.05;15.32
2019-01;103.96;6.29;18.41
2019-01;104.86;6.01;19.43
2019-02;99.9;5.31;18.55
2019-02;99.97;6.37;19.25
2019-02;100.37;3.39;17.27
2019-02;104.68;4.25;21.93
2019-02;109.56;3.27;21.88
2019-02;110.86;4.63;19.69
2019-02;106.68;4.36;21.07
08/02/2019;110.77;6.07;16.16
2019-02;105.59;5.91;18.48
2019-02;96.11;3.53;22.96
2019-02;110.79;4.63;19.09
2019-02;103.92;6.31;22.51
2019-02;103.05;NA;22.2
   2019-02   ;98.86;4.97;22.04
2019-02;108.16;5.54;20.33
2019-02;109.55;3.66;17.79
2019-02;105.35;4.32;17.97
18/02/2019;105.4;6.21;15.94
19/02/2019;114.92;6.71;16.74
20/02/2019;95.74;4.72;14.68
21/02/2019;94.61;5.98;22.95
   2019-02   ;105.23;4.31;15.11
2019-02;103.93;6.63;16.44
2019-02;104;5.28;22.4
2019-02;105.25;3.6;21.17
2019-02;107.47;5.39;19.08
2019-02;99.74;5.66;14.56
2019-02;111.18;6.18;17.15
2019-03;108.3;6.07;16.26
02/03/2019;100.33;4.68;17.19
2019-03;98.88;3.87;21.12
2019-03;104.77;5.58;18.15
2019-03;101.95;4.01;18.62
2019-03;101.85;5.31;15.79
07/03/2019;99.38;6.18;18.24
08/03/2019;107.69;4.01;17.68
   2019-03   ;102.67;6.23;16.67
2019-03;104.4;4.39;19.59
2019-03;99.45;4.92;17.44
12/03/2019;107.53;6.76;17.43
2019-03;103.14;6.47;22.65
   2019-03   ;102.85;4.05;20.56
2019-03;101.98;5.7;15.79
2019-03;103.77;6.63;21.45
2019-03;97.62;6.45;22.32
2019-03;106.39;4.83;18.46
2019-03;111.02;3.99;20.94
2019-03;99.51;NA;20.01
2019-03;105.2;6.18;19.81
2019-03;107.34;4.91;16.77
2019-03;100.56;6.2;17.74
2019-03;102.56;3.9;19.67
2019-03;111.74;4.42;17.66
2019-03;102.8;4.49;22.06
2019-03;107.4;3.26;19.45
2019-03;106.1;3.52;20.37
2019-03;101.87;3.27;18.04
30/03/2019;106.57;3.78;16.48
2019-03;109.42;4.58;16.74
2019-04;107.74;6.2;18.53
2019-04;101.55;5.05;16.66
2019-04;103.49;4.28;20.05
2019-04;100.39;5.63;22.73
2019-04;104.29;3.83;20.02
2019-04;101.87;6.79;21.82
2019-04;107.15;5.86;15.85
2019-04;101.67;6.48;19.2
2019-04;105.42;5.32;21.84
2019-04;104.22;4.15;20.58
2019-04;101.38;5.62;15.95
12/04/2019;101.35;5.53;19.71
2019-04;109.89;3.95;18.92
2019-04;106.82;3.33;18.34
15/04/2019;99.77;4.29;17.31
2019-04;103.65;5.74;21.94
2019-04;100.84;5.77;17.04
2019-04;100.17;5.56;21.24
2019-04;100.08;5.07;22.31
20/04/2019;111.16;6.01;20.8
2019-04;106.88;5.86;15.16
2019-04;99.69;4.68;19.77
2019-04;108.74;4.51;14.52
2019-04;103.18;6.67;18.32
2019-04;112.03;4.57;19.85
2019-04;106.58;3.89;21.81
2019-04;109.57;5.45;18.6
2019-04;106.03;4.7;21.37
2019-04;103.48;3.59;16.08
2019-04;103.83;6.01;21.78
2019-05;109.78;5.81;16.12
   2019-05   ;98.25;3.21;19.04
03/05/2019;100.66;4.43;15.9
2019-05;100.98;4.92;19.45
2019-05;103.59;4.68;18
2019-05;109.35;3.7;18.13
2019-05;110.66;4.47;20.9
2019-05;103.05;5.58;17.99
   2019-05   ;106.19;5.42;20.26
2019-05;102.28;6.76;18.09
2019-05;109.28;4.85;19.88
   2019-05   ;108.27;5.7;19.57
2019-05;111.65;3.77;21.12
2019-05;99.35;5.37;22.31
2019-05;99.02;4.16;17.52
16/05/2019;105.16;6.32;14.65
2019-05;104.13;3.48;22.17
2019-05;107.27;5.1;21.84
2019-05;105.55;4.1;14.99
2019-05;101.64;5.74;22.97
2019-05;109.44;4.35;22.31
22/05/2019;101.38;4.2;21.83
2019-05;106.01;6.34;19.7
2019-05;106.56;5.75;16.34
25/05/2019;102;4.81;19.39
   2019-05   ;103.6;6.6;16.25
2019-05;107.65;4.68;20.15
2019-05;109.32;6.59;17.41
2019-05;108.25;6.34;20.82
2019-05;97.82;4.45;16.72
2019-05;108.77;5.24;17.16
2019-06;106.69;4.62;19.63
2019-06;93.3;4.59;20.51
2019-06;104.54;6.75;15.11
   2019-06   ;107.26;6.31;21.59
2019-06;109.11;5.35;16.51
2019-06;105.26;4.58;20.49
   2019-06   ;105.57;4.33;17.42
2019-06;108.56;NA;18.24
2019-06;101.76;6.01;20.52
2019-06;101.34;3.71;20.76
2019-06;108.65;6.67;21.63
2019-06;106.84;3.35;22.33
2019-06;103.92;5.65;21.49
2019-06;96.3;4.27;19.71
   2019-06   ;105.56;4.58;18.37
2019-06;112;5.86;17.91
2019-06;104.65;6.54;16.95
2019-06;104.06;6.05;21.18
2019-06;106.89;NA;21.85
2019-06;103.9;5.48;15.98
   2019-06   ;105.82;3.79;18.23
2019-06;106.24;6.67;21.85
2019-06;101.29;6.54;21.65
2019-06;104.3;5.67;19.01
2019-06;106.83;4.97;17.25
2019-06;107.82;3.28;16.05
2019-06;110.91;5.17;21.63
28/06/2019;110.18;3.29;20.47
29/06/2019;103.86;3.24;16.23
2019-06;99.98;4.84;16.73
2019-07;106.06;6.74;14.72
2019-07;109.55;6.71;16.97
2019-07;109.47;6.27;15.09
2019-07;100.22;4.11;17.26
2019-07;107.07;4.88;19.87
2019-07;99.01;4.74;21.93
2019-07;104.53;4.28;21.23
08/07/2019;110.84;4.28;17.99
2019-07;105.43;5.81;22.03
2019-07;107.38;5.91;21.9
2019-07;108.3;6.13;22.32
2019-07;115.31;NA;21.32
13/07/2019;101.57;4.24;15.67
2019-07;101.81;4.13;22.87
15/07/2019;100.63;6.33;16.09
2019-07;109.91;4.21;22.46
2019-07;105.6;3.79;17.33
2019-07;102;NA;18.48
   2019-07   ;106.14;5;21
2019-07;106.38;6.26;15.7
2019-07;106.59;5.13;17.47
2019-07;104.54;3.27;16.45
2019-07;99.84;3.99;18.25
2019-07;102.73;6.05;18.26
2019-07;99.82;6.37;22.56
2019-07;105.56;4.36;21.62
2019-07;99.55;4.83;15.54
2019-07;106.13;NA;16.95
29/07/2019;112.11;5.08;22.54
2019-07;98.71;5.38;15.14
2019-07;99.42;5.99;20.59
2019-08;105.56;4.77;20.13
02/08/2019;113.98;3.61;21.41
   2019-08   ;103.32;5.69;18.72
2019-08;103.69;4.39;14.57
2019-08;105.6;5.77;16.71
2019-08;106.05;6.31;21.96
   2019-08   ;101.04;5.16;21.77
2019-08;107.61;3.83;21.81
09/08/2019;101.57;6.52;16.82
10/08/2019;105.8;6.27;14.54
2019-08;103.47;5.39;21.1
2019-08;109.24;3.24;17.25
2019-08;102.79;4.09;22.55
2019-08;104.17;4.99;22.81
2019-08;106.56;5.9;22.36
2019-08;106.23;3.8;20.86
2019-08;109.43;6.28;20.1
18/08/2019;107.59;4.52;20.35
2019-08;105.32;NA;20.84
2019-08;103.44;4.88;15.29
2019-08;106.3;5.25;15.87
22/08/2019;102.15;3.62;15.54
2019-08;101.77;5.59;22.2
2019-08;101.39;4.6;21.63
2019-08;104.53;6.23;17.21
2019-08;108.68;5.64;22.11
2019-08;102.51;6.1;16.39
2019-08;105.63;4.86;19.02
2019-08;111.85;3.42;19.21
2019-08;106.4;4.75;20.47
2019-08;105.84;4.69;14.99
01/09/2019;107.7;5.9;16.77
2019-09;108.48;NA;21.03
2019-09;105.01;6.08;16.12
2019-09;105.7;4.51;20.26
2019-09;102.94;5.7;19.64
2019-09;103.37;5.12;21.96
07/09/2019;114.66;5.78;18.51
2019-09;107.48;5.33;15.45
2019-09;100.61;3.23;15.66
2019-09;105.52;4.75;21.19
2019-09;105.9;4.87;20.78
2019-09;106;5.04;19.57
2019-09;117.6;6.65;14.58
2019-09;106.39;4.99;20.34
15/09/2019;109.51;5.04;15.96
   2019-09   ;97.28;4.66;19.72
2019-09;108.06;3.98;18.74
2019-09;109.33;5.16;16.92
2019-09;102.56;3.67;19.27
2019-09;116.88;6.2;17.24
2019-09;109.55;4.96;16.76
   2019-09   ;103.29;5.36;16.98
2019-09;105.3;5.84;21.75
2019-09;103.14;3.82;16.34
25/09/2019;101.48;5.28;20.21
2019-09;109.36;3.26;16.39
2019-09;101.93;6.45;20.12
2019-09;100.71;4;20.05
2019-09;108.49;5.04;15.47
2019-09;111.09;6.76;21.1
01/10/2019;104.46;4.06;15.41
2019-10;99.71;6.76;16.75
   2019-10   ;107.7;3.85;18.98
2019-10;102.5;3.35;18.55
2019-10;103.57;5.02;22.5
2019-10;120.39;5.88;22.58
2019-10;108.77;5.08;15.66
2019-10;110.51;6.52;15.89
09/10/2019;98.69;6.57;16.51
2019-10;100.43;4.21;17.22
2019-10;109.66;5.92;19.46
2019-10;111.12;6.46;15.37
2019-10;107.61;5.58;18.28
2019-10;105.44;6.26;16.33
   2019-10   ;101.48;4.02;20.19
2019-10;105.72;5.69;17.73
2019-10;102.61;4.44;16.57
2019-10;100.21;5.08;21.26
2019-10;96.31;4.29;14.67
20/10/2019;100.23;4.79;21.32
2019-10;98.39;3.45;14.66
2019-10;103.98;6.79;20.05
23/10/2019;111.61;4.85;20.88
24/10/2019;102.34;6.23;18.46
2019-10;96.64;4.14;16.12
   2019-10   ;103.51;NA;19.42
   2019-10   ;99.64;5.87;21.39
   2019-10   ;108.81;3.57;22.02
   2019-10   ;111.86;6.02;19.3
2019-10;100.95;6.41;19.16
2019-10;108.2;3.22;20.28
01/11/2019;114.12;3.88;21.34
02/11/2019;109.69;5;18.36
2019-11;103.49;4.43;16.26
2019-11;109.3;6.18;21.89
2019-11;106.46;5.92;15.88
2019-11;104.57;6.51;22.93
2019-11;103.81;NA;20.15
2019-11;108.47;6.07;17.53
2019-11;102.4;NA;16.44
2019-11;107.5;3.69;19.14
2019-11;105.49;3.71;20.6
12/11/2019;107.71;5.44;17.86
2019-11;108.62;5.67;20.88
2019-11;99.61;6.06;15.78
2019-11;104.02;5.43;21.17
2019-11;100.16;3.28;19.77
2019-11;103.9;4.1;16.24
18/11/2019;111.15;3.69;19.75
2019-11;107.75;5.64;15.5
2019-11;103.87;4.04;22.51
2019-11;107.39;4.27;18.05
2019-11;103.14;4.52;21.39
2019-11;104.27;4.98;22.11
2019-11;100.7;4.21;16.51
2019-11;104.54;5.5;22.54
2019-11;103.97;6.49;17.57
   2019-11   ;103.69;5.72;21.77
28/11/2019;108.7;3.33;16.61
2019-11;111.16;3.32;16.7
   2019-11   ;111.06;4.85;20.99
2019-12;112.66;5.93;16.45
2019-12;104.57;4.42;18.74
2019-12;109.03;4.91;21.57
2019-12;96.89;3.32;21.12
   2019-12   ;99.47;3.21;17.23
2019-12;111.33;4.42;17.7
2019-12;114.7;3.47;17.88
2019-12;105.27;5.58;20.41
09/12/2019;107.23;4.36;19.37
10/12/2019;104.42;5.8;19.81
11/12/2019;106.09;4.99;22.84
   2019-12   ;103.8;5.83;20.59
2019-12;108.49;5.6;15.91
2019-12;105.75;4.16;19.27
15/12/2019;94.15;3.81;19.41
2019-12;107.55;4.58;19.77
2019-12;100.75;5.16;22.45
2019-12;109.28;5.02;22.77
19/12/2019;104.82;6.48;20.21
2019-12;105.71;6.05;18.47
2019-12;111.55;4.26;14.63
2019-12;103.41;6.44;16.69
2019-12;102.98;6.73;16.01
24/12/2019;105.49;5.44;14.69
2019-12;109.84;6.25;20.99
2019-12;111.04;4.79;22.26
2019-12;100.53;3.71;14.95
2019-12;102.35;4.81;17.32
2019-12;95.25;5.9;15.94
   2019-12   ;111.41;4.9;21.72
2019-12;102.31;6.47;14.66
2020-01;106.8;6.06;18.71
2020-01;104.53;4.31;16.23
2020-01;108.89;6.35;19.47
04/01/2020;98.75;5.27;22.2
2020-01;106.14;5.4;16.91
   2020-01   ;104.03;5.36;15.09
2020-01;104.57;6.46;22.16
2020-01;101.65;4.02;18.62
09/01/2020;108.11;4.37;17.58
2020-01;105.61;5.51;15.21
2020-01;107.76;3.58;19.75
2020-01;103.38;5.83;19.41
2020-01;110.87;3.59;15.86
   2020-01   ;102.3;6.31;21.68
2020-01;104.64;6.1;20.3
2020-01;107.88;6.59;17.47
2020-01;97.22;4.53;15.18
2020-01;105.25;NA;20.81
2020-01;108.49;4.38;18.17
2020-01;101.8;3.76;20.28
2020-01;97.1;3.23;21.22
2020-01;111.23;4.58;21.57
2020-01;108.19;3.46;15.15
2020-01;104.7;6.4;22.16
2020-01;101.36;5.81;15.58
2020-01;104.24;4.93;18.92
   2020-01   ;107.72;5.41;19.55
2020-01;105.55;5.81;14.74
2020-01;100.52;5.64;16.12
2020-01;96.04;4.52;22.16
2020-01;105.1;3.54;21.78
2020-02;110.68;3.49;22.62
2020-02;108.36;3.25;20.57
2020-02;112.43;6.63;17.37
04/02/2020;107.23;4.42;18.78
2020-02;102.89;6.54;20.04
2020-02;101.76;4.29;19.02
2020-02;96.76;3.68;22.72
   2020-02   ;105.62;5.79;18.66
2020-02;107.15;6.09;21.74
2020-02;103.77;5.24;18.89
2020-02;106.05;3.94;16.28
2020-02;99.45;5.44;21.78
2020-02;108.59;5.93;17.95
2020-02;109.86;4.84;22.8
2020-02;108.33;4.97;20.25
2020-02;103.96;4.91;15.85
2020-02;103.57;4.3;17.79
2020-02;101.51;5.97;20.61
2020-02;106.1;4.83;17.95
   2020-02   ;104.33;4.95;16.41
21/02/2020;105.21;5.84;18.57
2020-02;108.83;3.51;17.66
   2020-02   ;102.31;3.9;18.19
2020-02;110.34;4.81;18.34
25/02/2020;102.25;3.25;21.16
2020-02;101.74;5.02;17.33
2020-02;109.29;3.96;15.66
2020-02;108.92;3.99;20.99
2020-02;110.42;4.08;18.82
2020-03;102.43;3.48;18.81
2020-03;114.87;5.06;17.59
2020-03;99.76;6.44;18.65
2020-03;102.41;6.43;19.37
05/03/2020;107.08;6.08;18.02
2020-03;106.95;6.17;21.84
   2020-03   ;108.7;4.11;16.92
08/03/2020;106.69;5.57;20.07
2020-03;105.57;3.91;17.7
2020-03;105.88;6.44;22.34
2020-03;102.95;5.73;20.34
2020-03;109.83;6.42;20.6
2020-03;99.06;4.3;16.36
2020-03;100.88;6.33;18.06
2020-03;110.57;3.42;19.01
2020-03;101.59;3.43;22.85
2020-03;101.89;4.96;20.54
18/03/2020;97.26;4.58;17.33
   2020-03   ;105.25;6.36;19.99
   2020-03   ;102.4;3.66;14.93
2020-03;98.79;5.93;21.46
2020-03;107.11;5.41;18.12
2020-03;102.29;6.13;15.65
2020-03;106.91;5.98;15.91
2020-03;101.97;5.23;16.93
   2020-03   ;105.34;5.25;18.64
2020-03;99.14;3.43;15.74
2020-03;113.15;5.01;18.7
2020-03;104.19;6.7;16.12
   2020-03   ;102.04;4.5;22.92
   2020-03   ;103.81;4.22;22.88
2020-04;109.49;3.88;22.61
2020-04;103.85;4.82;16.54
03/04/2020;104.93;3.63;22.94
04/04/2020;107.44;3.94;14.99
2020-04;102.5;5.26;18.19
06/04/2020;108;4.41;18.67
2020-04;105.75;6.21;19.3
2020-04;101.92;6.44;22.31
2020-04;104.51;NA;18.65
2020-04;109.6;6.66;20.05
2020-04;107.91;3.81;18.15
12/04/2020;100.34;6.64;15.9
2020-04;104.08;5.56;16.44
2020-04;101.58;4.65;16.67
2020-04;102.79;5.66;19.36
2020-04;106.4;4.32;18.36
2020-04;109.22;4.46;21.94
2020-04;108.67;6.3;19.88
2020-04;108.16;3.64;18.9
2020-04;105.46;3.47;16.36
21/04/2020;104.36;5.66;15.99
   2020-04   ;109;3.56;20.32
   2020-04   ;110.99;5.89;22.94
2020-04;100.58;6.23;17.8
2020-04;101.62;6.34;18.59
2020-04;104.19;4.27;16.6
2020-04;101.86;5.6;19.06
   2020-04   ;103.35;6.6;21.9
2020-04;105.66;3.61;19.05
   2020-04   ;105.73;6.57;22.57
01/05/2020;111.38;6.36;16.71
02/05/2020;100.71;6.19;21.48
2020-05;102.66;4;17.36
   2020-05   ;104.61;6.17;20.86
05/05/2020;103.57;3.36;19.73
2020-05;96.78;4.73;20.77
2020-05;106.71;3.45;22.13
2020-05;106.57;4.16;20.48
2020-05;105.55;5.28;16.17
2020-05;102.4;3.47;20.78
2020-05;113.42;4.93;15.65
2020-05;98.43;4.58;18.14
2020-05;108.1;6.02;17.23
14/05/2020;111.12;4.21;21.33
   2020-05   ;97.87;NA;17.97
2020-05;102.26;4.92;17.03
2020-05;108.17;3.98;15.03
2020-05;108.84;4.57;19.99
2020-05;105.04;3.9;19.15
20/05/2020;105.75;4.85;22.44
2020-05;106.98;3.57;22.06
2020-05;105.79;4.36;18.3
2020-05;104.81;6.32;22.41
2020-05;102.55;5.41;21.48
2020-05;100.24;6.42;17.94
2020-05;106.08;4.61;14.58
27/05/2020;105.57;6.64;22.81
2020-05;107.19;6.36;15.83
2020-05;101.85;4.62;15.92
2020-05;108.25;6.48;17.05
31/05/2020;108.77;4.14;18.93
01/06/2020;103.94;3.64;15.43
2020-06;105.22;5.88;21.05
2020-06;113.86;4.5;21.79
2020-06;101.02;3.68;19
05/06/2020;103.34;5.9;19.36
   2020-06   ;105.07;6.3;22.19
   2020-06   ;114.65;4.39;21
2020-06;104.44;4.49;17.87
2020-06;105.35;6.49;19.14
2020-06;98.9;3.44;19.89
2020-06;108.66;3.74;22.58
   2020-06   ;104.8;4.95;15.43
2020-06;103.88;4.77;22.01
2020-06;99.05;4.73;18.89
2020-06;109.11;6.08;21.8
   2020-06   ;105.13;5.06;15.07
   2020-06   ;101.29;3.31;15.56
2020-06;100.03;3.82;20.73
   2020-06   ;104.85;4.9;21.91
2020-06;108.64;3.52;17.99
2020-06;103.77;6.23;17.25
2020-06;107.64;6.64;20.94
2020-06;105.6;3.75;17.53
2020-06;105.59;6.35;14.86
   2020-06   ;99.72;NA;15.74
2020-06;104;3.55;15.34
27/06/2020;106.36;3.99;18.47
   2020-06   ;108.8;5.42;16.63
2020-06;99.94;3.73;16.95
2020-06;108.98;6.43;18.8
01/07/2020;109.59;4.81;22.73
2020-07;97.2;4.04;21.55
2020-07;95.61;5.91;17.85
04/07/2020;99.31;4.07;15.77
2020-07;100.93;4.17;19.14
2020-07;99.51;NA;21.41
2020-07;106.25;3.44;15.73
2020-07;109.39;4.71;20.58
2020-07;108.66;4.92;21.71
2020-07;103.32;4.88;19.83
2020-07;106.79;3.82;21.35
2020-07;104.96;5.52;20.43
2020-07;106.64;4.54;17.98
2020-07;105.46;4.12;22.93
15/07/2020;99.89;4.61;20.03
   2020-07   ;100.39;6.42;19.94
   2020-07   ;115.24;6.19;17.53
2020-07;97.54;6.58;20.24
2020-07;106.58;4.73;18.14
   2020-07   ;105.77;3.51;19.75
2020-07;107.76;6.66;15.92
2020-07;104.08;5.94;15.42
2020-07;102.6;3.45;20.1
2020-07;98.64;5.04;18.62
2020-07;112.21;4.6;19.86
2020-07;100.13;3.67;15.09
2020-07;104.78;3.6;16.5
2020-07;101.04;3.74;15.78
2020-07;106.51;3.29;22.18
2020-07;102.83;5.58;16.24
2020-07;100.75;5.66;19.27
2020-08;105.93;5.29;16.12
2020-08;108.27;6.24;16.6
2020-08;104.74;6.53;18.69
2020-08;102.68;6.75;14.71
   2020-08   ;102.24;4.54;20.54
2020-08;99.13;4.06;20.52
2020-08;102.71;4.37;18.37
2020-08;104.74;6.73;19.89
2020-08;106.88;3.88;17.36
2020-08;97.9;4.14;16.85
11/08/2020;103.71;4.5;16.81
2020-08;101.42;3.66;19.22
2020-08;104.52;6.38;19.32
2020-08;107.7;6.43;17.01
2020-08;103.57;4.24;16.79
16/08/2020;111.33;4.12;20.73
2020-08;95.19;4.89;18.73
2020-08;110.09;4.73;20.15
2020-08;100.91;4.97;18.6
   2020-08   ;104.76;6.04;15.48
2020-08;101.36;5.84;22.95
2020-08;98.32;6.02;17.58
2020-08;113.82;5.1;19.86
24/08/2020;104.11;5.5;17.41
2020-08;100.95;5.96;15.8
2020-08;105.69;4.22;19.12
   2020-08   ;108.51;4.37;21.05
2020-08;105.17;6.33;20.9
2020-08;104.74;3.84;22.04
2020-08;106.03;4.63;17.97
2020-08;105.43;6.11;19
2020-09;99.74;6.43;22.98
2020-09;101.56;5.14;18.01
2020-09;104.62;NA;22.09
2020-09;98.81;4.19;22.35
   2020-09   ;106.7;5.77;21.77
2020-09;107.17;3.88;18.69
07/09/2020;110.23;5.21;20.17
2020-09;106.88;4.19;20.17
2020-09;106.16;NA;19.34
2020-09;103.99;3.51;16.96
   2020-09   ;109.07;5.63;19.11
2020-09;103.81;6;16.71
2020-09;105.69;6.47;17.11
2020-09;99.58;3.29;18
2020-09;99.61;6.49;22.71
2020-09;105.46;4.66;16.75
2020-09;109.03;5.26;16.22
   2020-09   ;101.42;5.09;22.29
2020-09;106.47;5.78;20.65
2020-09;105.1;5.08;21.79
2020-09;104.85;4.22;16.08
2020-09;105.43;6.3;17.99
2020-09;105.35;6.52;17.36
2020-09;105.54;5.05;19.13
2020-09;115.63;5.06;18.85
2020-09;119.44;5.01;17.84
2020-09;109.05;5.53;20.74
2020-09;108.02;6.79;18.53
2020-09;104.98;4.52;16.09
2020-09;104.01;4.79;22.62
   2020-10   ;100.92;6.35;21.93
02/10/2020;103.22;3.35;22.47
2020-10;96.06;4.06;18.43
2020-10;105.52;6.52;19.23
05/10/2020;104.36;5.52;15.42
2020-10;101.4;3.45;18.14
2020-10;102.62;6.21;19.41
2020-10;113.99;3.24;17.65
   2020-10   ;102.81;3.53;21.13
2020-10;95.54;6.71;17.5
2020-10;105.87;5.51;16.1
2020-10;104.7;5.07;16.51
2020-10;99.28;3.52;20.13
2020-10;103.41;4.8;21.03
2020-10;103.17;5.72;16.89
2020-10;102.07;5.07;15.81
2020-10;105.63;4.82;17.77
2020-10;106.1;4.42;21.75
2020-10;106.9;6.79;19.3
2020-10;108.73;4.2;21.37
2020-10;103.95;6.13;18.6
22/10/2020;103.34;3.38;19.8
23/10/2020;103.13;6.55;18.71
2020-10;104.02;5.75;19.5
   2020-10   ;108.56;4.55;18.52
2020-10;109.25;3.44;15.48
27/10/2020;104.66;3.9;19.19
28/10/2020;111.49;5.42;16.26
29/10/2020;105.74;5.99;17.72
2020-10;104.82;4.23;15.22
   2020-10   ;106.42;5.32;22.41
2020-11;108.54;4.15;18.41
2020-11;103.47;6.63;14.83
2020-11;108.59;3.99;21.93
2020-11;103.89;6.62;20.44
05/11/2020;111.81;4.49;15.5
2020-11;111.32;4.6;22.54
2020-11;101.25;4.28;15.83
2020-11;105.33;6.19;19.61
2020-11;96.75;3.96;14.73
2020-11;106.34;NA;18.65
2020-11;111.41;3.8;15.31
   2020-11   ;107.38;5.46;20.76
13/11/2020;101.79;3.58;22.33
2020-11;99.53;NA;15.39
15/11/2020;99.98;4.36;18.55
2020-11;101.72;4.87;17
2020-11;106.45;5.32;20.81
18/11/2020;106.62;6.76;21.25
2020-11;107.06;4.13;14.91
2020-11;114.88;6.13;17.25
2020-11;106.05;6.74;16.98
2020-11;108.72;3.89;15.61
   2020-11   ;103.53;5.99;21.41
24/11/2020;103.45;4.85;20.62
25/11/2020;110.83;4.48;18.7
2020-11;105.21;6.54;16.69
2020-11;109.79;6.57;22.11
2020-11;105.23;6.19;17.32
2020-11;104.48;6.19;21.92
2020-11;105.83;NA;15.23
2020-12;112.42;4.53;15.13
2020-12;102.11;6.23;16.64
2020-12;105.33;3.88;18.22
   2020-12   ;103.71;5.81;18.13
2020-12;111.15;3.86;14.56
2020-12;105.38;6.16;18.73
2020-12;102.54;4;19.3
2020-12;102.76;6.46;22.95
2020-12;101.96;5.48;18.89
2020-12;100.8;3.9;19.14
11/12/2020;107.36;3.87;17.62
   2020-12   ;106.15;4.07;16.36
13/12/2020;102.71;6.68;19.68
14/12/2020;103.28;5.45;21.33
15/12/2020;104.99;4.49;19.79
2020-12;101.26;4.86;20.58
2020-12;106.79;5.02;16.09
2020-12;98.85;6.74;22.98
19/12/2020;102.88;4.56;19.4
2020-12;106.55;5.18;19.48
2020-12;99.94;3.5;21.82
2020-12;101.84;4.94;18.86
2020-12;106.44;3.59;21.3
   2020-12   ;110.52;6.21;15.51
25/12/2020;105.66;4.66;14.69
2020-12;109.6;3.28;16.63
2020-12;100.06;4.01;15.74
28/12/2020;107.84;5.04;21.04
2020-12;105.92;3.49;14.85
30/12/2020;105.15;3.22;16.22
   2020-12   ;105.48;3.95;19.22
2021-01;109.05;NA;22.13
2021-01;107.33;6.71;18.47
03/01/2021;108.12;5.54;15.76
2021-01;101.78;3.41;20.36
05/01/2021;105.26;6.57;18.3
2021-01;104.81;5.71;15.08
2021-01;112.44;4.1;19.03
2021-01;95.93;5.87;17.48
2021-01;99.38;3.84;21.36
2021-01;105.39;4.52;16.97
2021-01;111.42;5.21;21.22
12/01/2021;109.98;6.75;18.91
2021-01;111.6;4.35;17.42
2021-01;105.65;4.58;20.15
2021-01;110.49;5.45;15.6
2021-01;110.17;6.72;16.94
2021-01;108.3;5.04;20.5
2021-01;103.73;6.73;22.25
2021-01;102.9;3.6;21.08
2021-01;113.42;6.74;18.98
21/01/2021;100.9;6.61;20.42
2021-01;109.56;4.47;18.27
2021-01;109.02;3.66;18.47
2021-01;103.6;6.51;18.4
2021-01;110.51;3.77;16.09
2021-01;106.19;5.91;16.46
27/01/2021;104.49;3.52;20.9
2021-01;106.07;NA;21.26
2021-01;107.74;4.55;21.07
2021-01;108.95;6.39;21.57
2021-01;106.37;4.92;14.76
   2021-02   ;103.08;5.58;20.55
02/02/2021;103.11;3.88;17.34
2021-02;103.44;6.18;15.91
2021-02;105.52;6.52;20.01
2021-02;102.63;5.88;19.16
06/02/2021;106.16;6.72;15.49
07/02/2021;104.91;3.24;17.83
2021-02;105.93;4.81;16.77
2021-02;99.54;5.41;18.06
2021-02;108.53;5.83;18.14
2021-02;105.18;3.77;17.82
2021-02;100;5.28;19.16
2021-02;105.36;6.37;18.63
   2021-02   ;104.38;5.7;16.51
2021-02;106.13;6.47;19.49
   2021-02   ;101.54;4.79;17.45
2021-02;104.79;4.58;20.38
18/02/2021;104.14;4.04;20.53
2021-02;96.33;3.95;22.12
2021-02;107.65;5.58;20.52
   2021-02   ;102.87;6.73;14.5
2021-02;104.28;5.79;20.07
2021-02;98.11;6.76;19.58
24/02/2021;106.82;6.5;16.4
2021-02;101.68;NA;18.68
2021-02;110.1;5.73;17.35
2021-02;107.64;6.4;20.73
2021-02;110.21;5.19;21.85
2021-03;100.41;3.92;22.45
   2021-03   ;107.71;5.21;21.96
2021-03;108.16;6.69;21.25
04/03/2021;117.31;6.29;17.46
2021-03;97.79;6.77;20.46
06/03/2021;95.31;6.75;18.96
2021-03;109.52;4.11;18.51
08/03/2021;101.88;5.15;19
2021-03;96.43;NA;21.55
2021-03;99.9;5.68;20.94
2021-03;105.69;5.2;22.97
   2021-03   ;108.29;3.89;20.21
2021-03;109.76;5.18;22.36
2021-03;100.79;5.72;21.76
2021-03;115.78;3.94;15.76
2021-03;105.43;5.06;15.32
2021-03;101.55;4.18;17.95
2021-03;101.85;6.32;16.43
2021-03;107.95;6.74;19.4
2021-03;110.11;5.63;21.04
   2021-03   ;96.63;NA;18.56
22/03/2021;104.51;5.08;21.61
2021-03;107.97;4.06;21.81
24/03/2021;102.99;3.78;21.57
2021-03;105.12;3.68;20.58
2021-03;103.35;NA;18.78
2021-03;108.18;4.52;17.49
2021-03;97.71;5.32;21.19
2021-03;105.17;5.51;20.66
2021-03;108.67;4.69;18.14
2021-03;104.05;4.53;18.56
01/04/2021;102.38;3.2;18.78
   2021-04   ;106.97;5.32;21.4
2021-04;110.29;3.89;15.16
2021-04;99.08;4.44;16.14
2021-04;101.14;6.26;22.27
2021-04;107.02;6.1;21.28
2021-04;109.68;6.18;15.49
2021-04;104.9;3.34;18.98
2021-04;112.51;6.26;14.55
2021-04;110.22;4.93;18.07
11/04/2021;102.88;3.4;16.49
2021-04;105.87;3.4;22.06
2021-04;102.07;3.67;20.52
2021-04;108.55;NA;19.62
2021-04;109.32;4;22.4
   2021-04   ;111.51;4.97;15.88
2021-04;107.31;6.55;16.86
2021-04;106.24;5.9;17.51
2021-04;110.53;3.94;19.81
2021-04;107.48;5.6;21.84
2021-04;105.68;5.48;19.07
2021-04;97.22;3.8;17.27
2021-04;112.77;6.57;15.67
24/04/2021;100.99;4;20.46
2021-04;104.31;5.75;17.88
2021-04;103.68;6.37;21.79
2021-04;97.01;6.64;15.58
2021-04;106.98;4.05;17.05
2021-04;116.9;4.05;22.12
2021-04;108.79;3.46;19.08
2021-05;104.22;4.1;17.18
02/05/2021;108.15;3.73;14.85
2021-05;100.28;5.26;17.83
2021-05;107.85;5.55;19.83
2021-05;105.44;5.04;18.71
2021-05;103.4;4.59;14.92
2021-05;108.81;6.39;20.85
2021-05;101.88;6.12;18.62
2021-05;114.55;4.15;15.21
2021-05;99.02;4.98;17.94
   2021-05   ;101.98;4.13;21.91
2021-05;109.83;5.22;19.5
   2021-05   ;103.26;4.3;15.19
14/05/2021;104.44;5.58;17.16
2021-05;111.87;4.97;18.25
2021-05;109.18;6.67;19.58
2021-05;109.81;5.42;20.48
2021-05;98.35;6.18;16.43
2021-05;103.88;3.98;19.11
2021-05;103.05;4.15;15.69
2021-05;97.61;3.76;14.79
2021-05;102.16;5.43;17.08
2021-05;109.24;3.49;15.45
2021-05;104.29;6.5;18.95
2021-05;99.55;6.26;21.83
2021-05;101.15;4.07;17.27
27/05/2021;105.6;4.64;15.72
2021-05;108.13;6.52;21.13
2021-05;108.14;6.7;19.03
2021-05;107.84;5.24;19.24
2021-05;98.32;5.32;15.53
2021-06;107.01;6.53;21.4
   2021-06   ;110.61;6.73;21.47
2021-06;114.3;5.74;19.27
04/06/2021;110.45;5.12;19.4
2021-06;103.15;3.59;19.48
2021-06;107.7;3.6;17.39
2021-06;103.07;6.3;15.3
08/06/2021;104.36;3.67;21.92
2021-06;106.9;6.26;20.21
2021-06;105.89;5.02;20.89
2021-06;106.85;4.13;22.86
2021-06;104.17;5.95;21.76
   2021-06   ;107.78;4.37;22.83
2021-06;105.52;5.82;14.63
2021-06;106.04;5.06;21.88
2021-06;109.96;5.09;20.33
2021-06;101.35;NA;21.56
2021-06;103.21;3.97;19.22
19/06/2021;107.3;5.22;18.44
2021-06;105.44;5.82;21.6
   2021-06   ;107.65;3.55;15.17
   2021-06   ;106.97;6.4;16.71
   2021-06   ;101.31;4.03;16.14
2021-06;98.77;5.63;22.93
25/06/2021;112.39;6.49;15.09
2021-06;102.76;5.61;17.9
   2021-06   ;108.67;3.49;18.9
2021-06;101.52;6.17;14.79
2021-06;104.79;5.69;19.52
2021-06;112.27;4.5;20.58
01/07/2021;103.53;5.32;22.19
2021-07;105.85;3.37;19.77
2021-07;103.9;5.73;19.59
04/07/2021;106.03;4.13;19.68
2021-07;96.37;6.54;17.86
2021-07;100.52;3.59;15.85
2021-07;99.35;4.91;22.65
   2021-07   ;101.29;5.47;15.45
2021-07;104.85;5.35;18.9
2021-07;103.26;4.51;22.07
2021-07;108.85;6.5;20.03
12/07/2021;107.76;5.33;22.73
13/07/2021;102.46;5.63;21.28
2021-07;108.32;4.42;20.22
2021-07;101.52;4.32;22.45
2021-07;109.61;3.24;20.7
2021-07;97.89;6.23;22.3
2021-07;107.59;5.09;18.14
2021-07;102.68;6.6;18.16
2021-07;103.8;5.66;22.85
2021-07;105.11;5.53;15.59
22/07/2021;101.83;6.75;16.55
2021-07;104.65;5.32;20.5
2021-07;110.99;3.8;21.33
2021-07;97.79;5.47;19.81
2021-07;109.31;3.64;22.84
2021-07;110.33;3.6;16.02
2021-07;100.68;4.42;17.13
2021-07;106.11;4.76;20.16
2021-07;105.27;4.51;15.16
2021-07;105.86;4.35;17.43
2021-08;104.48;3.59;17.18
2021-08;101.74;5.84;19.58
03/08/2021;101.2;5.35;19.82
2021-08;108.26;3.99;21.57
2021-08;104.26;3.24;18.87
2021-08;104.94;4.57;19.46
2021-08;99.35;5.02;16.63
2021-08;98.11;6.18;20.57
09/08/2021;111.27;3.3;21.92
2021-08;106.66;4.83;21.85
2021-08;105.76;3.41;20.88
2021-08;100.24;4.54;15.16
2021-08;106.55;4.79;22.05
2021-08;98.77;6.49;15.05
2021-08;109.07;3.63;17.16
16/08/2021;100.59;3.6;16.24
2021-08;104.14;5.83;16.35
2021-08;111.5;5.99;22.97
   2021-08   ;101.33;4.23;18.64
   2021-08   ;106.45;3.93;20.84
21/08/2021;100.04;3.31;21.99
2021-08;112.51;4.14;22.38
2021-08;104.07;6.44;22.11
2021-08;101.86;6.54;20.09
2021-08;102.57;5.95;21.88
2021-08;108.1;6.32;18.93
2021-08;102.04;6.79;20.13
2021-08;105.55;3.66;20.44
2021-08;105.81;NA;21.06
30/08/2021;113.07;4.19;20.9
2021-08;102.73;5.02;15.02
2021-09;104.25;3.91;20.11
2021-09;103.48;3.36;20.38
2021-09;102.97;3.79;18.15
2021-09;104.09;3.74;21.38
   2021-09   ;97.29;4.06;21.94
06/09/2021;100.71;5.18;17.5
2021-09;106.3;5.56;20.06
2021-09;97.9;4.25;20.76
2021-09;98.95;3.79;18.56
2021-09;109.75;5.84;19.48
2021-09;104.5;6.08;16.13
2021-09;110.32;6.27;15.54
2021-09;101.36;5.78;16.32
2021-09;102.22;6.32;20.14
2021-09;106.12;4.23;22.31
2021-09;105.4;6.27;20.57
2021-09;111.91;3.86;16.95
   2021-09   ;106.26;3.66;16.32
2021-09;101.55;6.71;15.18
2021-09;101.24;3.28;15.52
2021-09;107.69;5.15;19.18
   2021-09   ;103.43;3.81;15.3
2021-09;115.97;3.82;19.11
24/09/2021;102.96;5.05;17.58
2021-09;107.42;4.59;19.75
26/09/2021;106.31;6.04;16.48
2021-09;104.13;3.62;15.07
28/09/2021;105.48;4.87;21.49
2021-09;101.95;6.37;15.92
2021-09;105.63;6.75;14.85
   2021-10   ;108.26;4.44;21.5
2021-10;108.05;5.67;17.82
2021-10;103.68;6.07;16.25
2021-10;112.09;5.1;18.61
2021-10;103.33;NA;20.47
2021-10;112.03;3.87;21.38
2021-10;108.3;4.55;17.95
2021-10;111.4;4.9;15.81
09/10/2021;107.79;NA;17.32
2021-10;101.04;3.99;16.82
2021-10;103.26;4.94;18.59
2021-10;106.12;4.47;21.1
2021-10;107.12;5.45;19.16
14/10/2021;102.46;3.22;14.96
2021-10;104.73;5.91;22.82
16/10/2021;100.22;5.7;19.93
2021-10;104.77;5.91;19.16
18/10/2021;111.39;6.47;16.46
2021-10;104.44;4;14.72
2021-10;106.73;5.6;18.38
21/10/2021;106.1;6.11;16.35
22/10/2021;100.36;5.01;16.54
23/10/2021;105.54;4.43;18.77
2021-10;102.86;5.06;19.27
2021-10;104.48;5.3;18.22
   2021-10   ;102.99;3.26;18.55
2021-10;112.24;3.8;17.37
2021-10;110.95;4.41;18.98
2021-10;106.04;6.58;20.76
2021-10;107.65;6;19.6
2021-10;101.59;4.54;22.08
01/11/2021;104.48;3.45;17.14
02/11/2021;105.33;6.53;19.99
2021-11;106.69;5.8;18.45
2021-11;98.35;5.72;16.68
2021-11;108.18;6.39;19.57
2021-11;97.93;NA;21.51
2021-11;106.62;4.62;15.19
2021-11;104.37;5.09;15.1
2021-11;101.03;4.43;21.09
10/11/2021;103.26;5.09;20.17
2021-11;103.06;3.93;16.72
2021-11;109.81;6.45;18.85
2021-11;109.32;4.88;15.53
   2021-11   ;111.45;4.66;21.51
2021-11;103.49;6.06;16.48
   2021-11   ;106.35;5.07;19.46
   2021-11   ;100.96;6.34;22.87
2021-11;112.11;4.64;20.13
2021-11;103.33;4.12;19.8
2021-11;110.69;5.79;20.06
2021-11;102.99;3.81;22.65
2021-11;105.1;3.99;22.9
   2021-11   ;106.5;3.23;15.32
2021-11;104.97;6.41;14.65
2021-11;104.97;3.48;15.02
2021-11;104.61;4.68;19.51
2021-11;103.94;4.85;19.61
   2021-11   ;98.88;6.8;18.03
2021-11;102.09;4.53;17.8
2021-11;107.86;4.52;16.66
2021-12;100.45;4.29;18.76
2021-12;110.5;5.31;17.05
2021-12;104.33;6.55;19.17
2021-12;99.88;5.31;21.36
2021-12;104.5;5.13;22.73
06/12/2021;100.21;3.73;21.94
2021-12;110.79;4.74;20.89
2021-12;107.64;3.46;20.16
2021-12;105.45;3.7;16.21
2021-12;111.76;6.29;17.62
   2021-12   ;102.1;4.98;16.98
2021-12;106.56;NA;19.55
2021-12;104.16;4.02;22.68
14/12/2021;104.68;4.2;15.92
15/12/2021;105.22;4.66;16.78
2021-12;106.78;3.36;16.51
2021-12;105.17;4.87;16.92
2021-12;109.67;4.49;20.26
19/12/2021;105.12;4;18.3
2021-12;102.11;3.52;20.34
2021-12;108.75;5.61;22.61
2021-12;101.42;5.99;22.47
   2021-12   ;110.54;6.6;18.1
2021-12;104.94;5.3;16.69
2021-12;101.61;3.34;19.08
2021-12;110.03;5.86;22.48
2021-12;103.38;5.54;14.98
   2021-12   ;106.78;5.28;19.89
   2021-12   ;111.62;6.09;17.28
   2021-12   ;97.05;6.39;15.26
31/12/2021;107.82;4.23;18.82
01/01/2022;104.68;3.51;19.59
   2022-01   ;98.89;4.08;17.33
2022-01;104.3;6.16;17.65
04/01/2022;95.43;5.48;19.96
2022-01;103.93;4.8;15
2022-01;107.7;4.67;22.83
2022-01;97.96;4.52;21.94
   2022-01   ;103.46;4.3;17.25
09/01/2022;96.51;4.91;19.98
2022-01;103.69;3.52;20.45
11/01/2022;103.57;4.76;18.66
2022-01;101.45;4.61;20.73
2022-01;102.39;6.41;22.48
14/01/2022;106.15;3.22;17.23
2022-01;105.74;6.31;17.55
2022-01;102.81;5.32;21.46
2022-01;108.29;3.8;18.44
2022-01;106.58;5.13;19.74
2022-01;100.51;4.69;15.05
2022-01;103.42;6.34;18.11
2022-01;102.7;5.5;21.93
2022-01;107.69;3.6;17.32
23/01/2022;106.61;5.31;20.97
24/01/2022;102.51;4.91;19.54
2022-01;99.57;4.5;20.52
2022-01;106.07;6.39;20.75
2022-01;102.05;6.69;20.1
2022-01;104.6;4.96;19.81
2022-01;105.09;3.79;22.34
2022-01;108.25;4.62;15.57
2022-01;107.3;3.59;15.44
   2022-02   ;108.47;6.17;22.39
   2022-02   ;104.05;4.17;15.02
   2022-02   ;107.83;5.59;18.13
2022-02;101.98;3.65;14.81
2022-02;99.22;3.9;15.56
2022-02;107.43;3.49;16.99
2022-02;106.64;NA;14.91
2022-02;102.05;5.79;18.04
2022-02;103.48;6.59;16.69
10/02/2022;112.5;6.62;19.24
2022-02;106.99;6.52;20.05
   2022-02   ;112.22;3.69;15.94
2022-02;97.39;4.36;22.22
2022-02;106.13;5.3;19.68
2022-02;106.31;3.28;18.35
2022-02;101.48;4.61;19.76
2022-02;103.66;3.26;22.45
2022-02;98.52;4.5;20.11
2022-02;108.84;4.81;15.48
   2022-02   ;110.66;3.95;22.13
2022-02;106.93;4.53;17
2022-02;109.32;3.87;16.78
2022-02;104.42;6.58;14.6
   2022-02   ;100.44;6.58;20.94
2022-02;103.68;4.39;22.53
2022-02;97.97;3.41;15.44
2022-02;110.54;4.51;20.54
2022-02;113.23;3.65;20.06
2022-03;105.32;NA;14.56
02/03/2022;107.73;6.79;18.26
2022-03;105.91;5.05;20.13
2022-03;108.04;6.69;22.43
2022-03;103.19;6.27;14.53
06/03/2022;102.35;5.94;21.57
   2022-03   ;106.03;6.17;15.1
08/03/2022;101.96;NA;16.03
2022-03;99.67;3.25;21.48
2022-03;106.73;5.26;14.5
2022-03;102.07;3.92;17.18
2022-03;110.71;4.16;18.43
2022-03;101.15;4.1;14.74
2022-03;104.82;5.04;19.12
2022-03;107.22;6.73;16.39
2022-03;104.03;5.18;19.5
2022-03;101.26;3.32;21.12
2022-03;102.12;6.65;19.57
2022-03;98;NA;15.66
2022-03;110.15;3.56;17.01
2022-03;108.58;3.31;15.83
   2022-03   ;104.82;6.79;17.24
2022-03;107.38;4.66;22.69
   2022-03   ;105.21;4.51;17.94
2022-03;100.65;5.95;21.28
2022-03;103.59;3.97;16.36
2022-03;107.92;4.18;22.83
2022-03;103.4;4.21;15.6
2022-03;101.73;3.28;14.61
2022-03;105.84;6.66;22.23
2022-03;104.43;4.5;19.47
2022-04;105.23;5.98;14.51
2022-04;107.33;4.69;15.51
2022-04;110.11;6.8;18.63
   2022-04   ;99.19;4.38;17.83
2022-04;107.41;5.3;16.11
2022-04;102.82;5.39;16.45
2022-04;106.09;4.92;15.35
08/04/2022;105.94;5.47;22.29
2022-04;104.02;5.31;22.27
2022-04;108.79;6.68;15.57
11/04/2022;101.84;5.38;21.93
   2022-04   ;99.44;4.54;17.66
2022-04;107.67;3.35;19.82
2022-04;99.23;6.02;20.15
2022-04;97.86;6.38;21.7
2022-04;98.04;5.41;22.55
17/04/2022;101.37;6.21;18.86
2022-04;97.86;3.31;21.91
2022-04;106.03;3.78;20.5
2022-04;107.68;5.66;20.9
2022-04;103.55;4.07;16.88
2022-04;105.96;6.23;18.59
2022-04;107.23;NA;20.97
   2022-04   ;102.16;4.88;18.95
2022-04;104.75;3.35;19.68
2022-04;98.37;4.75;21.66
2022-04;108.35;6.51;16.07
   2022-04   ;109.46;3.23;19.81
2022-04;107.83;3.55;22.09
2022-04;104.36;4.06;19.1
2022-05;110.86;5.94;17.52
2022-05;105.87;6.16;19.22
2022-05;111.78;3.56;22.16
   2022-05   ;112.46;5.83;15.9
2022-05;101.74;4.03;18.95
2022-05;103.11;NA;17.92
   2022-05   ;105.32;6.15;20.94
2022-05;106.8;5.3;21.14
2022-05;114.44;4.6;22.19
   2022-05   ;100.08;3.88;21.55
2022-05;107.4;6;20.29
2022-05;94.23;5.2;15.66
13/05/2022;109.47;3.44;21.54
14/05/2022;99.41;4.4;14.84
2022-05;100.65;4.74;17.17
2022-05;99.09;5.51;20.31
17/05/2022;102.16;6.61;20.63
2022-05;101.22;4.54;15.59
2022-05;107.36;4.95;15.97
2022-05;105.97;3.43;21.72
2022-05;106.83;5.67;18.42
2022-05;106.42;5.66;20.91
2022-05;99.91;5.27;21.12
2022-05;107.83;NA;21.05
2022-05;106.64;5.09;17.5
2022-05;108.03;3.5;14.9
2022-05;104.16;6.14;18.75
2022-05;109.12;6.47;17.4
2022-05;104.43;3.91;21.39
2022-05;106.95;5.35;17.95
31/05/2022;103.68;6.38;18.25
2022-06;115.07;6.29;21.88
2022-06;101.96;3.81;22.17
2022-06;107.14;6.18;16.79
2022-06;101.52;3.84;19.02
2022-06;96.92;5.8;20.7
2022-06;103.75;5.96;20.87
2022-06;109.61;4.67;21.58
2022-06;104.39;6.07;14.8
2022-06;104.91;5.19;15.78
   2022-06   ;103.61;4.22;17.24
2022-06;103.8;5.23;18.92
12/06/2022;104.85;4.26;20.51
2022-06;99.35;4.53;20.53
14/06/2022;108.53;3.76;22.38
15/06/2022;103.96;4.04;22.29
   2022-06   ;95.8;5.39;18.98
17/06/2022;107.37;3.72;17.2
2022-06;109.36;5.82;22.61
2022-06;104.85;4.31;19.82
2022-06;109.16;3.73;21.35
2022-06;104.22;5.28;19.02
   2022-06   ;106.34;5.71;22.06
   2022-06   ;102.94;3.73;15.22
2022-06;103.75;5.91;21.52
2022-06;104.67;3.71;15.07
26/06/2022;101.14;5.58;19.64
2022-06;99.95;3.65;20.83
2022-06;98.61;6.74;15.1
   2022-06   ;101.76;6.55;20.54
   2022-06   ;100.99;4.39;15.1
2022-07;103.57;5.41;21.99
   2022-07   ;105.36;3.87;20.05
   2022-07   ;105.99;3.94;19.03
2022-07;105.75;3.29;19.65
2022-07;105.06;5.43;22.24
2022-07;109.55;6.45;15.95
2022-07;104.27;5.12;20.27
2022-07;105.44;3.53;19.42
2022-07;99.97;5.58;19.01
2022-07;110.83;4.44;15.05
11/07/2022;103.9;6.05;15.54
12/07/2022;104.72;6.64;20.46
2022-07;109.22;5.6;16.29
   2022-07   ;104.61;4.09;18.64
2022-07;97.2;6.43;22.14
2022-07;95.73;6.33;15.01
2022-07;105.27;4.68;20.69
2022-07;98.73;3.6;18
2022-07;108.26;6.43;15.76
2022-07;103.66;5.77;16.04
2022-07;103.86;4.43;22.22
2022-07;100.75;4.74;17.76
2022-07;110.58;3.98;16.91
2022-07;105.64;3.69;17.53
2022-07;104.79;6.48;16.01
2022-07;110.22;6.22;20.98
27/07/2022;102.46;5.64;15.9
2022-07;103.84;5.06;15.72
2022-07;100.47;6.24;18.99
30/07/2022;106.62;5.67;17.58
2022-07;104.13;5.76;15.77
2022-08;102.42;4.51;21.66
2022-08;101.55;3.43;21.98
2022-08;112.47;6.27;18.32
2022-08;107.7;NA;15.9
05/08/2022;104.61;5.56;17.63
2022-08;106.86;NA;16.7
2022-08;108.5;3.69;14.85
   2022-08   ;101.95;6.56;17.28
09/08/2022;105.53;5.86;15.33
2022-08;104.88;6.07;16.73
2022-08;111.49;4.29;16.96
2022-08;107.94;6.07;18.99
2022-08;102.58;4.68;20.66
2022-08;110.39;6.52;22.63
2022-08;102.3;6.32;19.89
2022-08;105.41;5.54;20.78
   2022-08   ;107.1;6.12;18.94
2022-08;95.13;4.33;16.05
2022-08;105.34;6.27;22.71
20/08/2022;97.2;4.69;20.8
   2022-08   ;102;5.28;22.62
2022-08;100.59;4.22;19.84
   2022-08   ;103.38;5.45;18
2022-08;103.47;5.32;21.73
25/08/2022;106.55;5.64;21.74
2022-08;108.52;6.69;19.07
2022-08;111.24;4.04;18.13
2022-08;106.27;3.67;19.4
2022-08;108.47;3.75;20.95
2022-08;105.52;5.56;21.25
2022-08;102.88;6.32;16.91
2022-09;105.71;5.91;16.38
2022-09;99.92;4.9;21.23
2022-09;104.69;3.94;15.5
2022-09;105.48;3.72;15.33
2022-09;104.91;6.03;19.48
   2022-09   ;106.31;3.35;22.35
2022-09;114.68;6.6;14.76
2022-09;102.19;4.56;15.5
2022-09;103.46;3.5;18.23
2022-09;111.15;4.13;20.18
2022-09;108.92;NA;16.65
12/09/2022;106.71;3.95;14.55
2022-09;107.45;5.96;18.24
14/09/2022;105.64;4.62;22.11
15/09/2022;105.08;5.41;21.9
2022-09;107.88;4.09;15.09
2022-09;97.73;4.59;19.31
2022-09;105.4;5.78;15.13
2022-09;104.38;3.3;20.88
2022-09;98.74;4.4;16.76
2022-09;106.03;4.03;16.41
2022-09;109.53;5.51;20.24
2022-09;108.66;5.27;22.05
2022-09;108.62;4.48;18
2022-09;101.93;4.82;15.19
2022-09;110.16;5.73;17.37
2022-09;102.02;4.16;17.47
2022-09;103.79;3.81;19.95
2022-09;99.29;4.4;19.91
30/09/2022;103.14;5.96;20.67
2022-10;107.24;3.48;19.78
2022-10;112.14;6.26;20.07
2022-10;104.91;6.32;19.81
2022-10;101.47;5.49;19.62
2022-10;104.94;6.24;17.88
   2022-10   ;105.9;3.56;18.77
2022-10;104.34;6.49;22.32
2022-10;109.05;6.32;22.34
2022-10;105.08;5.29;22.23
10/10/2022;104.65;6.25;19.14
2022-10;102.88;6.57;17.41
2022-10;104.64;5.23;20.43
2022-10;108.65;4.09;17.46
   2022-10   ;103.15;5.97;15.45
2022-10;105.7;5.72;16.38
2022-10;97.29;6.11;14.93
17/10/2022;102.12;4.6;20.95
2022-10;104.18;5.7;22.74
2022-10;106.7;4.66;21.06
20/10/2022;103.74;3.54;21.21
21/10/2022;103.13;4.58;17.61
2022-10;104.72;6.74;15.44
2022-10;102.6;5.67;16.39
2022-10;107.57;6.47;19.48
2022-10;96.88;6.05;18.33
   2022-10   ;103.75;6.17;22.89
27/10/2022;110.74;NA;17.5
28/10/2022;103.83;5.64;17.34
2022-10;112.13;NA;16.07
30/10/2022;109.57;4.49;18.48
31/10/2022;102.05;5;17.7
01/11/2022;107.2;6.63;22.78
02/11/2022;105.41;5.05;16.62
2022-11;107.01;4.89;18.15
2022-11;106.25;4.89;19.91
2022-11;99.9;4.16;18.81
06/11/2022;103.74;3.67;22.5
2022-11;107.43;6.41;22.5
2022-11;104.68;6.15;16.58
2022-11;105.08;6.56;16.49
2022-11;110.1;4.52;17.6
11/11/2022;105.78;6.75;22.96
2022-11;99.08;4.62;22.87
2022-11;106.94;6.57;20.29
   2022-11   ;108.69;3.35;15.95
15/11/2022;108.27;5.34;19.19
2022-11;102.85;NA;22.67
2022-11;107.04;5.16;17.73
2022-11;106.36;5.98;17.28
2022-11;104.48;4.2;15.04
20/11/2022;111.9;3.66;21.03
2022-11;104.83;4.83;15.59
2022-11;108.03;3.28;20.41
2022-11;101.82;6.64;15.99
   2022-11   ;106.49;5.66;19.38
2022-11;100.58;4.15;17.01
2022-11;103.9;5.9;17.92
2022-11;96.67;5.32;21.7
28/11/2022;102.86;4.84;15
2022-11;103.15;3.48;19.8
2022-11;99.79;NA;21.12
01/12/2022;110.17;5.71;21.19
2022-12;103.35;3.5;15.26
2022-12;101.16;4.73;15.4
2022-12;109.27;5.05;21.05
2022-12;105.54;3.3;22.63
06/12/2022;102.8;6.12;18.95
   2022-12   ;97.57;4.08;21.88
2022-12;108.33;5.75;14.85
2022-12;105.05;4.09;20.17
2022-12;105.15;4.18;20.51
2022-12;110.39;5.62;22.51
2022-12;107.36;3.33;22.97
2022-12;108.18;5.75;20.47
2022-12;105.8;4.72;21.57
   2022-12   ;102.25;6.23;23
2022-12;102.56;4.39;21.22
17/12/2022;104.75;4.33;15.5
   2022-12   ;108.28;5.72;22.71
2022-12;109.7;5.42;22.16
2022-12;106.94;6.19;22.56
2022-12;103.58;5.17;21.28
2022-12;104.83;3.33;18.4
2022-12;101.39;4.92;21.5
2022-12;105.58;5.11;17.13
2022-12;108.09;4.69;20.2
2022-12;108.95;4.9;15.32
2022-12;107.83;6.26;15.44
28/12/2022;101.34;3.32;21.68
2022-12;111.56;5.04;22.88
2022-12;102.14;6.59;21.76
31/12/2022;105.1;5.85;18.73
2023-01;103.03;3.67;15.27
2023-01;113.06;5.23;15.56
03/01/2023;105.93;3.7;22.18
2023-01;109.41;4.04;19.49
2023-01;106.78;6.24;17.68
2023-01;106.8;4.45;21.94
2023-01;95.46;4.82;17.52
2023-01;104.53;6.18;21.44
2023-01;105.05;4.88;17.81
2023-01;106.45;5.29;16.91
2023-01;100.77;6.21;17.22
2023-01;109.66;4.52;19.64
2023-01;103.54;3.22;18.6
   2023-01   ;102.74;5.11;22.45
   2023-01   ;110.67;5.51;22.56
2023-01;107.39;4.81;19.04
2023-01;97.3;6.71;14.71
18/01/2023;112.08;5.07;14.6
2023-01;104.09;NA;14.64
2023-01;100.95;6.17;15.21
21/01/2023;103.45;3.24;22.38
2023-01;102.68;3.23;19.35
23/01/2023;102.43;6.08;20.81
2023-01;108.65;NA;22.61
25/01/2023;111.91;4.61;15.13
2023-01;105.83;5.4;19.54
2023-01;101.72;3.92;19.23
2023-01;108.82;3.41;17.37
2023-01;105.19;6.79;20.1
2023-01;104.95;3.29;15.25
   2023-01   ;102.83;4.07;17.38
2023-02;102.46;3.74;16.76
02/02/2023;100.55;3.49;21.55
2023-02;107.52;6.4;22.04
2023-02;111.8;3.21;19.89
05/02/2023;97.97;3.9;19.18
   2023-02   ;110.83;5.05;20.8
2023-02;96.89;4.08;14.95
   2023-02   ;102.32;6.52;22.98
09/02/2023;100.61;6.14;18.21
   2023-02   ;111.6;4.82;19.12
2023-02;104.26;6.65;17.94
2023-02;106.76;3.45;19
2023-02;105.78;3.97;14.75
2023-02;108.36;5.44;20.12
2023-02;106.31;3.66;19.61
16/02/2023;103.11;NA;21.72
   2023-02   ;106.55;3.27;17
2023-02;109.55;5.19;14.84
2023-02;103.62;5.66;22.23
   2023-02   ;93.4;NA;17.75
2023-02;112.04;4.49;22.39
2023-02;106.47;6.69;21.53
2023-02;103.67;4.68;17.44
24/02/2023;110.51;5.4;16.01
2023-02;99.68;6.26;22.74
26/02/2023;108.09;3.86;18.35
2023-02;109.39;3.72;17.93
2023-02;106.46;4.83;16.84
01/03/2023;104.61;6.77;16.28
02/03/2023;102.15;3.95;18.31
2023-03;107.04;NA;16.09
04/03/2023;107.16;3.88;17.62
2023-03;107.46;4.28;20.99
2023-03;110.54;5.52;15.13
2023-03;108.69;3.7;17.2
2023-03;108.59;4.58;22.36
   2023-03   ;101.71;5.35;15.69
2023-03;103.7;6.03;15.2
2023-03;109.02;5.37;21.22
2023-03;104.24;4.74;17.07
2023-03;98.95;6.48;15.36
14/03/2023;108.61;3.73;15.57
2023-03;99.49;5.21;20.3
2023-03;105.32;4.31;19.32
2023-03;106.58;3.36;19.01
   2023-03   ;103.21;6.31;16.74
2023-03;107.6;4.07;22.58
2023-03;103.23;4.47;22.63
2023-03;102.24;3.33;15.53
2023-03;111.4;3.99;16.64
2023-03;102.86;5.66;20.94
2023-03;102.99;5.79;21.93
2023-03;108.14;4.73;20.36
2023-03;106.76;6.17;18.45
2023-03;110.56;3.41;21.47
28/03/2023;101.21;5.22;14.55
2023-03;107.8;3.51;21.56
2023-03;104.49;5.69;19.08
2023-03;101.82;6.24;21.53
2023-04;105.47;4.84;16.62
02/04/2023;98.25;5.27;14.57
2023-04;112.32;6.7;15.11
2023-04;99.83;3.31;16.97
2023-04;103.45;3.21;22.56
2023-04;102.2;5;19.43
2023-04;109.61;5.63;20.61
08/04/2023;103.73;6.6;19.95
   2023-04   ;108.59;3.71;19.31
2023-04;103.21;5.48;22.98
2023-04;112.6;6.01;17.66
2023-04;109.39;6.19;17.87
   2023-04   ;106.75;3.88;22.15
2023-04;105.16;5.35;16.61
2023-04;103.7;5.65;21.26
2023-04;103.73;5.93;16.34
2023-04;110.72;3.55;22.78
   2023-04   ;104.84;5.97;14.71
2023-04;106.91;3.88;20.48
   2023-04   ;102.91;6.29;21.06
   2023-04   ;107.02;3.84;22.9
2023-04;95.3;4.66;16.55
2023-04;103.67;5.24;20.58
24/04/2023;101.59;5.52;18.09
2023-04;105.32;5.18;22.33
   2023-04   ;110.95;6.18;16.67
2023-04;106.58;4.53;17.31
2023-04;101.51;5.8;16.21
2023-04;111.04;3.83;20.59
2023-04;109.18;6.32;22.49
2023-05;111.98;NA;16.63
2023-05;101.97;6.71;21.55
2023-05;100.19;4.32;18.38
2023-05;114.44;5.25;16.92
2023-05;105.52;6.23;20.04
2023-05;108.88;5.05;16.97
2023-05;100.24;6.12;22.89
2023-05;111.97;4.59;16.76
2023-05;103.67;NA;17.26
10/05/2023;100.16;3.91;18.99
11/05/2023;101.76;4.32;19.6
2023-05;98.39;6.63;23
13/05/2023;108.34;4.7;17.45
2023-05;106.28;5.61;15.87
15/05/2023;106.42;6.4;22.94
2023-05;104.6;3.86;16.35
2023-05;112.76;6.18;17.88
18/05/2023;102.78;6.64;22.04
2023-05;113.7;6.18;22.5
2023-05;109.1;6.43;20.22
2023-05;109.27;6.79;14.81
2023-05;105.88;6.74;19.29
2023-05;105.66;5.69;15.87
2023-05;105.33;3.74;17.9
25/05/2023;105.11;6.03;14.94
2023-05;105.24;5.64;19.56
2023-05;100.39;4.55;15.13
2023-05;108.34;6.5;15.73
2023-05;103.62;6.25;21.91
   2023-05   ;100.14;NA;14.57
2023-05;106.07;5.42;20.82
2023-06;102.83;6.39;18.94
2023-06;117;6.09;14.67
2023-06;112.1;5.03;21.29
04/06/2023;105.21;4.32;15.7
2023-06;106.1;3.6;22.04
2023-06;102.93;6.77;15.39
2023-06;109;5.11;20.48
08/06/2023;102.25;6.39;14.93
2023-06;101.48;3.35;17.7
2023-06;108.92;3.22;19.66
11/06/2023;103.93;3.71;22.22
2023-06;104.43;3.74;17.28
2023-06;107.69;3.28;16.96
2023-06;96;4.11;23
2023-06;103.38;3.43;19.96
2023-06;103.43;4.42;15.99
2023-06;104.94;5.88;17.08
2023-06;110.03;6.29;17.92
2023-06;100.82;5.31;20.21
2023-06;107.83;NA;18.3
2023-06;105.23;4.21;19.71
2023-06;103.14;5.16;18.85
2023-06;101.88;5.86;18.28
   2023-06   ;107.17;4.79;15.81
2023-06;103.14;6.1;17.06
2023-06;100.66;3.75;19.22
2023-06;96.12;6.72;18.37
2023-06;103.59;5.83;22.02
2023-06;109.46;3.71;22.79
2023-06;102.55;5.28;20.62
2023-07;105.01;4.01;15.41
2023-07;103.82;4.94;19.15
03/07/2023;106.36;3.91;19.3
2023-07;112.96;3.65;17.05
2023-07;100.32;NA;22.72
   2023-07   ;110.24;6.2;20.14
07/07/2023;102.99;5.68;19.09
2023-07;101.9;6.18;21.55
2023-07;107.18;5.29;21.96
2023-07;100.96;6.11;17.06
2023-07;106.88;4.1;22.34
2023-07;101.34;4.38;22.49
2023-07;109.46;6.32;22.77
2023-07;104.97;6.41;20.09
   2023-07   ;109.33;5.6;22.7
2023-07;103.69;3.27;20.96
2023-07;104.2;3.8;17.92
2023-07;105.94;4.7;19.08
19/07/2023;103.81;6.36;16.05
20/07/2023;103.65;5.98;15.1
2023-07;105.96;4.42;19.94
22/07/2023;112.59;4.24;21.35
2023-07;102.72;4.23;15.02
2023-07;112.04;6.69;17.81
2023-07;102.13;4.98;14.94
2023-07;108.25;4.03;17.64
2023-07;110.4;NA;22.77
   2023-07   ;102.45;6.03;16.58
2023-07;101.37;6.53;16.11
2023-07;110.54;4.43;19.04
2023-07;106.64;NA;21.52
2023-08;114.02;4.38;17.66
2023-08;109.04;5.83;15.69
2023-08;105.63;4.3;22.65
2023-08;105.39;6.23;21.63
2023-08;118.91;3.37;15.69
2023-08;107.28;5.55;21.98
2023-08;107.13;3.53;17.08
   2023-08   ;111.22;4.21;16.15
2023-08;104.8;4.93;17.99
2023-08;108.14;4.3;21.77
2023-08;100.6;5.3;19.97
2023-08;102.81;5.7;22.44
2023-08;108.32;6.63;20.02
2023-08;102.66;3.81;18.06
15/08/2023;102.79;5.12;16.92
2023-08;106.89;4.61;22.74
2023-08;107.79;4.59;17
   2023-08   ;100.77;3.33;20.78
2023-08;102.59;5.96;17.32
2023-08;101.19;4.45;16.82
2023-08;100.58;4.62;22.5
22/08/2023;111.52;NA;20.39
   2023-08   ;104.04;5.57;18.56
24/08/2023;107.39;5.66;18.52
2023-08;110.59;6.24;18.5
2023-08;105.16;6.53;22.58
2023-08;104.75;6.52;17.19
2023-08;97.17;4.84;15.44
2023-08;102.26;4.01;20.1
2023-08;105.63;5.83;16.39
2023-08;106.84;3.34;15.49
   2023-09   ;103.1;5.75;19.72
2023-09;103.48;4.67;16.38
2023-09;98.78;5.72;19.56
2023-09;103.07;4;19.64
2023-09;112.72;4.6;15.68
2023-09;108.09;6.8;16.37
07/09/2023;105.38;4.34;18.05
   2023-09   ;104.99;6.29;14.63
09/09/2023;107.33;6.49;19.66
2023-09;108.45;5.65;14.81
2023-09;107;6.55;20.89
12/09/2023;108.5;4.23;19.83
2023-09;105.1;5.71;21.12
2023-09;111.76;3.56;14.82
2023-09;105.26;4.73;17.13
2023-09;104.34;3.82;22.54
   2023-09   ;108.12;6.02;17.95
2023-09;102.42;4.28;15.44
2023-09;114.81;3.29;15.18
2023-09;103.24;6.3;18.73
2023-09;103.73;6.47;22.39
2023-09;103.54;5.64;16.25
2023-09;98.45;4.14;14.85
2023-09;104.57;4.96;19.05
2023-09;109.92;5.72;15.35
2023-09;107.66;6.79;15.68
2023-09;108.15;4.29;17.38
2023-09;107.49;5.56;22.54
   2023-09   ;107.44;3.33;20.15
2023-09;100.9;3.81;18.62
2023-10;99.34;5.59;14.65
   2023-10   ;100.72;6.58;20.36
2023-10;105.02;3.27;21.43
04/10/2023;103.92;3.92;20.01
2023-10;107.61;5.75;17.8
2023-10;104.99;NA;19.17
2023-10;103.15;4.93;17.81
2023-10;108.61;3.78;20.69
2023-10;98.78;5.14;21.59
   2023-10   ;108.06;5.11;21.01
2023-10;109.4;5.33;21.61
2023-10;102.36;4.18;21.49
2023-10;97.76;3.28;16.98
2023-10;102.22;5.65;14.59
   2023-10   ;96.28;5.55;19.61
16/10/2023;104.9;5.3;16.83
   2023-10   ;102.7;6.59;21.1
2023-10;112.73;3.3;15.06
2023-10;108.9;4.15;14.53
2023-10;103.96;3.23;21.53
2023-10;104.62;5.97;21.52
2023-10;109.17;4.66;15.92
2023-10;104.18;6.26;16.19
2023-10;103.04;6.15;22.84
2023-10;101.2;5.45;16.33
2023-10;107.53;3.78;16.69
2023-10;103.92;6.38;17.29
2023-10;98.86;4.62;17.58
2023-10;102.46;3.84;21.25
30/10/2023;107.83;5.47;19.75
2023-10;102.2;5.77;15.4
2023-11;97.61;6.07;15.29
2023-11;102.23;5.31;16.58
   2023-11   ;103.54;5.22;22.49
   2023-11   ;105.02;4.52;19.8
2023-11;105.03;4.12;15.1
2023-11;112.84;5.43;22.36
2023-11;106.93;6.13;22.87
2023-11;100.07;6.23;20.18
2023-11;116.7;6.45;20.58
2023-11;111.42;5.89;18.27
11/11/2023;111.2;3.83;17.77
2023-11;106.63;5;14.54
2023-11;101.48;6.69;22.89
2023-11;105.78;3.36;19.04
2023-11;112.91;5.08;14.87
   2023-11   ;106.86;6.21;19.83
2023-11;109.95;6.17;21.06
2023-11;108.72;6.58;14.52
2023-11;109.09;4.45;18.24
2023-11;103.87;5.26;20.22
2023-11;104.04;6.73;18.49
2023-11;102.59;4.66;14.9
23/11/2023;106.02;6.5;17.62
24/11/2023;102;5.02;21.81
2023-11;108.37;5.78;20.67
2023-11;103.12;5.1;15.4
2023-11;109.95;5.84;15.14
2023-11;106.83;3.89;18.53
2023-11;107.48;5.9;18
2023-11;108.01;4.49;16.57
01/12/2023;105.82;3.63;19.64
2023-12;109.99;4.4;20.55
03/12/2023;102.8;5.2;20.99
04/12/2023;110.6;5.27;16.23
   2023-12   ;106.34;4.33;20.73
2023-12;98.45;5.05;19.46
2023-12;106.19;3.84;17.6
2023-12;108.68;NA;17.63
2023-12;97.32;6.36;21.55
   2023-12   ;100.69;4.88;16.66
2023-12;107.41;6.48;17.68
2023-12;104.62;4.38;19.56
13/12/2023;112.27;5.52;21.71
2023-12;105.74;6.56;15.26
2023-12;96.65;4.82;15.28
2023-12;101.78;5.25;15.11
2023-12;110.34;6.35;18.17
2023-12;105.04;5.19;16.16
2023-12;107.63;5.06;14.99
20/12/2023;107.97;3.85;21.08
   2023-12   ;106.59;5.35;14.9
2023-12;103.09;5.5;14.73
2023-12;98.77;3.9;19.67
2023-12;104.62;6.26;22.83
2023-12;110.28;6.34;19.49
2023-12;104.27;4.4;17.81
2023-12;107;6.53;17.15
2023-12;110.8;6.02;17.01
2023-12;98.95;4.01;18.06
30/12/2023;102.03;5.51;15.34
2023-12;104.91;6.3;17.82
2024-01;106.99;6.3;14.51
2024-01;106.83;3.8;15.67
2024-01;104.04;6.36;17.09
2024-01;101.22;4.91;21.71
   2024-01   ;105.28;5.02;20.13
2024-01;108.59;6.54;18.62
2024-01;104.25;3.67;20.05
2024-01;106.42;4.92;16.44
2024-01;106.95;6.03;16.3
2024-01;102.32;6.37;20.45
2024-01;105.56;4.9;22.5
2024-01;105.13;6.11;15.54
2024-01;97.34;5.87;15.36
   2024-01   ;107.1;4.17;22.71
2024-01;102.43;4.09;17.65
2024-01;99.59;6.58;22.86
2024-01;106.64;3.28;15.91
2024-01;103.23;3.86;18.46
2024-01;104.7;6.39;14.51
20/01/2024;107.14;5.7;19.13
2024-01;116.05;4.74;18.3
2024-01;104.56;3.93;21.91
2024-01;101.06;6.04;19.03
2024-01;107.56;6.33;19.01
2024-01;111.28;6.69;20.68
2024-01;108.39;3.39;19.25
27/01/2024;101.67;NA;20.87
2024-01;100.98;4.02;22.16
2024-01;104.7;3.55;14.88
2024-01;97.6;5.79;16.72
2024-01;113.75;5.53;21.49
2024-02;101.66;5.68;16.51
2024-02;105.88;3.81;15.73
03/02/2024;101.31;3.79;17.28
   2024-02   ;98.72;6.25;22.96
2024-02;106.16;3.72;21.22
2024-02;107.16;4.78;20.48
2024-02;99.09;5.05;22.87
2024-02;108.39;4.61;14.76
2024-02;105.33;5.26;22.98
2024-02;107.02;4.63;17.79
11/02/2024;101.98;4.05;21.06
2024-02;108.78;4.38;19.58
2024-02;106.73;3.81;20.56
2024-02;98.79;5.74;16.53
2024-02;109.36;5.59;20.26
2024-02;98.37;6.26;15.45
2024-02;97.88;4.84;18.04
2024-02;101.16;6.69;20.38
   2024-02   ;106.85;3.48;19.82
2024-02;106.01;5.27;16.54
2024-02;104.55;5.05;16.33
22/02/2024;108.38;6;16.71
2024-02;99.85;5.56;19.12
2024-02;102.8;4.98;15.87
2024-02;98.68;6.5;18.15
2024-02;108.4;6.3;15.86
2024-02;104.36;3.24;18.94
2024-02;102.23;4.14;19.92
2024-02;103.21;3.92;20.87
01/03/2024;107.78;5.52;15.66
2024-03;102.31;4.47;18.04
03/03/2024;106.92;6.2;15.98
2024-03;102.42;4.66;16.93
2024-03;109.66;6.79;18.33
06/03/2024;101.05;5.66;17.54
2024-03;107;6.4;16.63
2024-03;109.94;5.81;18.97
2024-03;99.95;5.92;14.68
   2024-03   ;107.53;3.24;20.06
   2024-03   ;98.86;3.47;22.25
2024-03;104.53;3.92;22.31
2024-03;102.21;4.85;22.67
2024-03;103.71;4.03;15.27
2024-03;107.12;6.29;19.61
2024-03;106.97;3.58;21.23
2024-03;104.85;4.72;22.75
2024-03;98.33;4.26;22.42
2024-03;106.17;4.58;20.54
   2024-03   ;105.86;3.27;22.49
2024-03;109.34;6.03;16.44
2024-03;101.83;NA;20.56
2024-03;102.57;4.75;19.28
2024-03;105.41;5.24;14.74
2024-03;99;3.4;15.95
   2024-03   ;107.25;4.96;17.69
2024-03;104.89;6.5;15.12
2024-03;101.29;5;19.06
2024-03;100.94;5.95;14.52
2024-03;105.77;5.95;22.66
2024-03;111.15;3.35;22.94
2024-04;99.94;3.32;15.2
02/04/2024;105.24;6.47;15.66
2024-04;102.31;4.32;16.73
2024-04;107.93;5.44;15.97
2024-04;113.81;6.44;20.82
2024-04;107.49;4.79;21.62
   2024-04   ;107.71;3.91;20.36
08/04/2024;107.53;3.26;21.17
2024-04;102.99;3.4;20.04
2024-04;101.85;4.75;15.89
2024-04;111.5;3.52;19.95
12/04/2024;99.68;3.73;22.29
2024-04;101.95;4.95;20.24
2024-04;104.74;4.11;17.87
15/04/2024;112.78;3.24;20.91
2024-04;111.96;4.28;16.94
2024-04;111.72;4.9;22.56
2024-04;107.04;4.41;18.76
2024-04;101.44;6.66;22.17
2024-04;104.06;6.75;18.74
2024-04;101.61;3.31;14.54
2024-04;106.43;6.75;15.04
2024-04;108.06;4.49;15.51
24/04/2024;99.66;4.26;17.43
2024-04;106.44;3.49;22.18
   2024-04   ;103;6.47;22.24
   2024-04   ;104.42;5.05;21.02
2024-04;100.09;5.98;15.83
29/04/2024;109.17;6.03;21.68
2024-04;103.75;6.34;22.94
01/05/2024;104.19;3.39;18.82
02/05/2024;98.68;6.6;18.26
2024-05;102.14;5.18;18.06
2024-05;103.38;6.02;17.85
05/05/2024;100.02;6.01;19.61
2024-05;103.66;6.21;19.94
2024-05;103.31;5.42;15.93
2024-05;98.29;4.84;21.01
2024-05;97.96;5.49;16.38
2024-05;104.49;6.34;16.71
   2024-05   ;106.14;6.5;16.37
2024-05;100.4;3.65;18.28
13/05/2024;103.38;6.21;18.79
2024-05;98.21;4.36;20.57
15/05/2024;102.25;3.94;19.99
2024-05;105.7;4.83;15.98
2024-05;105.32;3.78;15.99
2024-05;105.37;NA;17.21
2024-05;105.53;3.33;19.07
20/05/2024;107.38;5.88;18.68
2024-05;106.27;3.64;14.57
   2024-05   ;100.03;5.48;22.52
2024-05;96.86;6.75;14.71
2024-05;108.21;4.46;18.71
2024-05;107.11;5.89;17.57
2024-05;110.36;4.69;20.95
2024-05;102.4;NA;16.53
2024-05;106.63;5.23;15.51
   2024-05   ;104.49;4.46;18.84
2024-05;101;3.39;22.69
2024-05;105.68;5.34;16.76
2024-06;115.38;4.29;14.52
2024-06;109.27;NA;20.17
2024-06;107.15;5.47;15.11
   2024-06   ;101.01;4.86;16.61
2024-06;109.79;5.25;15.3
2024-06;106.86;3.42;15.14
2024-06;103.53;3.3;22.36
2024-06;105.48;5.68;22.7
2024-06;101.41;5.69;17.15
2024-06;109.45;6.47;17.64
2024-06;109.76;4.44;19.06
2024-06;106.58;5.52;17.55
2024-06;106.7;5.93;16.34
2024-06;114;5.33;15.3
   2024-06   ;102.71;6.6;20.36
2024-06;106.08;5.94;17.57
   2024-06   ;101.48;6.15;22.66
2024-06;105.75;4.92;19.76
2024-06;99.74;5.66;18.55
2024-06;100.76;5.92;20.97
   2024-06   ;105.2;5.81;20.29
2024-06;100.52;3.7;21.66
23/06/2024;105.37;3.45;18.72
2024-06;108.47;5.7;22.36
2024-06;101.9;3.24;22.89
2024-06;107.01;NA;19.62
27/06/2024;101.49;6.52;20.66
2024-06;102.23;5.97;15.28
2024-06;105.13;4.65;18.39
2024-06;108.31;4.86;19.65
2024-07;104.63;5.2;16.6
2024-07;104.71;3.97;18.14
2024-07;112.16;3.21;18.86
04/07/2024;104.87;6.29;20.24
   2024-07   ;104.93;3.81;20.12
   2024-07   ;102.03;4.88;18.96
2024-07;101.6;3.91;17.48
2024-07;103.35;5.94;16.06
2024-07;107.43;6.18;16.47
   2024-07   ;104.49;5.19;20.44
11/07/2024;108.7;3.26;22.23
2024-07;101.35;5.09;14.53
2024-07;104.03;5.08;14.7
2024-07;104.44;4.23;16.37
2024-07;105.17;4.11;14.99
2024-07;107.8;5.87;18.35
17/07/2024;107.31;3.64;21.53
2024-07;104.42;4.42;17.95
2024-07;101.57;5.28;16.94
2024-07;96.4;3.73;21.53
21/07/2024;104.6;3.89;21.33
2024-07;108.66;3.88;21.25
2024-07;107.15;4.41;18.01
2024-07;108.81;6.39;17.49
25/07/2024;100.25;4.74;15.64
26/07/2024;103.27;5.72;15.28
2024-07;105.74;5.2;19.11
2024-07;103.07;4.5;16.38
2024-07;106.38;3.73;19.45
2024-07;108.08;4.38;16.41
2024-07;105.17;5.64;14.94
2024-08;96.35;6.31;22.22
   2024-08   ;104.09;5.7;18.28
2024-08;109.46;NA;16.16
04/08/2024;104.8;6.24;20.04
2024-08;103.59;5.53;16.83
2024-08;103.5;3.66;14.51
2024-08;107.35;5.35;20.33
2024-08;105.48;5.91;14.8
09/08/2024;109.63;3.96;21.66
10/08/2024;109.13;4.76;18.23
11/08/2024;105.29;4.1;19.4
2024-08;94.34;6.12;19.07
2024-08;116.28;3.48;20.54
2024-08;114.13;5.91;16.1
2024-08;102.52;5.8;14.86
2024-08;105.88;NA;20.06
2024-08;104.33;5.03;16.04
2024-08;114.77;3.78;21.41
19/08/2024;97.49;3.47;22.16
2024-08;99.66;6.35;16.77
2024-08;107.85;5.13;15.56
2024-08;104.18;3.32;15.58
23/08/2024;106.43;6.3;22.78
2024-08;108.37;4.89;17.33
25/08/2024;105.14;4.89;22.28
2024-08;109.78;NA;14.77
27/08/2024;104.86;5.15;19.6
2024-08;102.27;3.76;15.7
29/08/2024;109.64;5.58;21.14
2024-08;98.12;4.41;17.08
2024-08;104.93;6.05;19.59
   2024-09   ;94.22;5.67;21.59
2024-09;103.05;4.47;18.23
03/09/2024;101.43;3.39;18.67
2024-09;108.25;5.63;20.4
2024-09;107.75;5.14;18.83
2024-09;101.48;6.02;19.27
2024-09;106.87;6.06;16.28
2024-09;95.92;6.02;15.74
2024-09;104.98;4.66;17.29
2024-09;100.4;3.93;14.81
   2024-09   ;103.72;4.79;14.87
12/09/2024;103.25;5.5;22.58
2024-09;111.1;6.05;22.5
14/09/2024;101.76;5.15;23
2024-09;100.76;4.81;16.93
   2024-09   ;105.32;5.79;18.72
2024-09;106.2;4.45;15.04
2024-09;99.13;3.85;18.97
2024-09;110.67;6.56;21.25
   2024-09   ;99.22;4.38;18.87
2024-09;105.37;3.85;17.5
2024-09;110.1;5.36;17.56
2024-09;102.51;4.9;22.47
2024-09;110.25;5.76;15.47
25/09/2024;106.96;NA;17.28
2024-09;98.84;4.08;21.68
   2024-09   ;103.02;3.81;18.96
2024-09;106.1;6.29;20.15
2024-09;105.51;4.7;15.02
2024-09;105.06;6.78;16.43
   2024-10   ;108.25;5.98;22.55
2024-10;103.27;5.8;17.76
2024-10;104.05;6.79;19.4
2024-10;106.43;4.72;16.58
2024-10;98.46;3.71;20.72
2024-10;107.86;6.56;15.44
07/10/2024;97.57;5.14;20.72
2024-10;111.13;4.8;16.03
2024-10;105.23;4.05;17.93
   2024-10   ;101.75;5.08;21.15
11/10/2024;109.49;6.37;14.79
2024-10;100.38;NA;20.79
2024-10;108.76;4.72;18.87
2024-10;105.3;6.18;22.61
15/10/2024;111.71;5.97;22.69
2024-10;103.14;NA;22.92
2024-10;107.7;5.07;21.31
   2024-10   ;101.42;5.61;22.72
2024-10;101.15;4.39;18.05
2024-10;110.79;5.79;20.62
2024-10;105.15;NA;20.3
2024-10;102.24;3.21;17.99
2024-10;108.29;5.85;19.6
2024-10;105.35;3.8;22.96
2024-10;104.3;6.76;19.55
2024-10;101.32;4.03;17.07
2024-10;109.57;4.7;22.04
2024-10;105.87;4.96;22.22
29/10/2024;104.5;4.84;21.76
2024-10;98.86;3.54;22.49
2024-10;107.57;5.03;22.43
2024-11;112.41;5.18;18.26
02/11/2024;105.32;3.63;17.44
   2024-11   ;107.96;3.79;19.3
2024-11;103.5;4.56;20.93
2024-11;103.78;4.49;15.6
2024-11;104.86;4.26;21.16
2024-11;107.17;3.45;18.53
08/11/2024;111.46;6.49;22.34
2024-11;107.8;4.62;22.87
2024-11;105.49;6.31;19.59
2024-11;104.28;6.46;17.23
12/11/2024;108.84;4.84;15.48
2024-11;106.82;3.33;22.47
   2024-11   ;101.66;3.34;18.8
2024-11;108;5.75;16.41
2024-11;100.8;5.65;19.35
2024-11;99.02;5.39;18.85
2024-11;105.78;4.86;22.39
2024-11;118.93;5.44;21.5
2024-11;108.55;6.18;16.93
21/11/2024;100.39;5.26;17.65
2024-11;100.81;3.27;16.36
23/11/2024;107.57;4.15;17
2024-11;101.39;5.89;17.44
2024-11;107.18;6.44;17.51
2024-11;106.35;4.31;21.09
2024-11;103.54;4.12;15.99
2024-11;99.74;4;17.1
2024-11;111.05;3.39;18.76
2024-11;98.49;NA;22.65
2024-12;103.15;5.89;20.48
2024-12;99.23;4.11;16.81
2024-12;105.06;4.98;16.48
2024-12;102.33;3.29;15.28
2024-12;106.43;5.82;14.61
2024-12;105.08;5.02;22.05
2024-12;106.87;5.72;19.36
   2024-12   ;110.26;4.5;18.06
   2024-12   ;112.51;4.1;21.82
2024-12;99.56;6.17;20.53
   2024-12   ;106.72;3.55;22.05
2024-12;103.33;4.98;15.5
13/12/2024;114.23;6.64;19.76
2024-12;104.09;4.07;17.8
2024-12;100.03;6.32;15.01
2024-12;110.57;4.54;18.35
2024-12;109.98;4.88;16.98
   2024-12   ;108.34;4.3;22.05
2024-12;109.35;5.86;21.66
2024-12;103.83;6.22;18.54
2024-12;98.24;4.7;20.43
2024-12;108.95;5.97;15.2
23/12/2024;101.3;5.96;19.25
2024-12;112.13;4.87;18.96
2024-12;99.23;NA;16.98
2024-12;102.96;4.15;18.17
27/12/2024;103.08;4.88;15.46
2024-12;111.24;NA;15.17
2024-12;103.25;5.57;19.65
2024-12;108.23;6.19;21.92
31/12/2024;105.54;6.06;20.11
   2025-01   ;98.48;5.96;16.76
   2025-01   ;107.61;4.73;16.74
   2025-01   ;101.88;5.05;17.26
2025-01;116.43;5.69;17.04
2025-01;102.24;3.53;23
2025-01;102.85;5.44;20.91
2025-01;108.58;6.72;17.56
2025-01;104.15;3.65;22.63
2025-01;103.54;4.4;20.68
10/01/2025;100.5;3.25;15.95
11/01/2025;106.66;5.55;21.92
   2025-01   ;102.44;6.78;15.86
2025-01;102.08;3.95;16.74
   2025-01   ;104.34;3.57;17.57
   2025-01   ;106.55;6.27;21.35
2025-01;103.73;5.16;16.65
2025-01;102.76;4.61;15.9
   2025-01   ;103.6;4.2;17.97
19/01/2025;103.95;4.4;19.37
2025-01;97.02;3.47;16.56
2025-01;107.45;3.44;19.09
22/01/2025;104.23;3.75;15.36
2025-01;100.04;5.64;14.58
2025-01;95.47;6.37;20.08
25/01/2025;104.46;5.25;20.95
2025-01;112.51;3.47;18.48
   2025-01   ;103.62;3.68;16.08
2025-01;106;6.02;18.75
2025-01;102.86;5.38;17.62
   2025-01   ;106.13;4.93;22.21
31/01/2025;103.02;3.73;18.74
2025-02;104.82;4.47;19.23
2025-02;104.84;5.62;20.32
2025-02;102.28;5.52;16.25
2025-02;98.58;4.08;16.38
2025-02;109.64;5.26;20.55
2025-02;114.85;5.24;18.91
2025-02;107.3;5.87;15.34
2025-02;102.43;5.47;22.48
   2025-02   ;102.8;6.6;18.38
   2025-02   ;110.23;6.25;20.36
2025-02;103.46;6.22;16.97
   2025-02   ;99.79;3.4;22.2
2025-02;102.41;5.81;17.64
2025-02;96.97;6.66;19.79
2025-02;103.89;3.31;19.63
2025-02;105.44;3.96;19.69
2025-02;109.06;4.18;17.64
2025-02;104.49;3.22;17.25
2025-02;112.31;6.34;22.57
2025-02;108.81;5.28;21.77
21/02/2025;102.6;5.73;22.34
2025-02;102.2;3.27;15.26
2025-02;106.42;4.92;17.26
2025-02;108.01;3.45;22.23
2025-02;107.62;NA;21.88
2025-02;102.68;3.46;16.58
27/02/2025;103;5.86;16.45
2025-02;99.13;6.34;15.17
2025-03;98.67;5.63;17.54
   2025-03   ;109.97;3.48;22.36
2025-03;94.16;6.2;18.56
   2025-03   ;100;3.54;18.45
   2025-03   ;99.97;3.39;14.86
06/03/2025;98.22;3.28;20.73
2025-03;106.94;5.91;15.14
2025-03;107.1;3.45;22.28
2025-03;108.1;6.48;17.51
10/03/2025;112.95;4.67;17.01
2025-03;104.9;4.39;15.99
2025-03;99.77;5.65;22.46
2025-03;101.05;6.7;21.18
2025-03;115.23;4.93;17.33
2025-03;104.37;6.71;20.42
2025-03;104.8;6.05;22.98
2025-03;102.73;6.15;15.01
2025-03;100.94;6.17;16.61
2025-03;104.5;6.26;20.19
2025-03;109.18;4.81;21.27
2025-03;104.48;4.23;22.15
22/03/2025;101.33;4.41;16.17
2025-03;111.13;4.44;16.93
24/03/2025;102.63;NA;19.93
2025-03;104.53;4.87;15.06
2025-03;103.34;5.51;20.91
2025-03;108.49;6.69;21.53
2025-03;106.28;3.66;21.05
2025-03;104.63;4.17;17.43
2025-03;99.42;3.72;14.64
2025-03;109.78;5.69;14.88
2025-04;107.24;NA;19.34
2025-04;105.59;5.53;14.65
03/04/2025;101.76;5.54;15.27
04/04/2025;101.16;4.65;18.61
2025-04;97.89;6.78;21.6
2025-04;104.65;5.9;22.36
2025-04;103.94;5.42;17.67
   2025-04   ;104.18;5.11;19.26
2025-04;109.11;5.89;15.89
2025-04;109.36;5.96;17.54
2025-04;104.53;4.54;16
2025-04;105.19;6.27;22.94
2025-04;103.52;5.69;22.6
14/04/2025;109.65;5.14;19.18
2025-04;112.04;3.31;21.6
2025-04;101.31;6.21;15.88
2025-04;103.38;3.78;15.85
2025-04;104.15;3.87;21.26
2025-04;106.76;5.46;19.38
20/04/2025;104.9;5.41;18.72
2025-04;106.58;5.05;14.79
2025-04;105.96;NA;14.68
2025-04;97.38;5;14.66
2025-04;105.21;5.79;15.34
2025-04;103.04;6.09;14.53
2025-04;102.43;6.01;22.21
2025-04;102.81;4.39;18.89
2025-04;114.46;4.42;18.99
2025-04;108.84;4.7;15.27
30/04/2025;106.86;3.95;15.49
2025-05;102.41;5.21;16.51
2025-05;113.85;5.32;20.53
   2025-05   ;102.93;3.44;21.36
2025-05;96.61;4.49;16.23
2025-05;105.1;NA;16.82
2025-05;112.83;5.75;20.79
2025-05;97.88;5.1;20.15
2025-05;105.13;3.61;19.94
2025-05;96.33;6.76;22.76
2025-05;108.6;4.84;19.59
11/05/2025;105.57;3.55;18.34
12/05/2025;102.93;3.57;16.93
2025-05;103.43;6.75;21.86
2025-05;106.49;3.99;17.14
2025-05;103.43;5.02;20.55
2025-05;107.44;6.38;17.58
2025-05;102.51;5.35;20.85
2025-05;106.55;3.49;22.12
2025-05;105.51;4.92;17.53
2025-05;104.68;6.48;20.15
21/05/2025;102.39;6.09;19.91
2025-05;99.82;4.1;22.87
2025-05;99.59;4.28;21.78
2025-05;102.21;4.15;21.79
2025-05;104.16;5.27;22.7
26/05/2025;102.21;6.38;20
2025-05;110.08;5.17;15.31
2025-05;105.02;3.95;18.44
2025-05;108.69;3.59;16.74
2025-05;102.54;5.31;22.1
   2025-05   ;105.28;5.81;22.26
2025-06;109.62;5.32;19.09
2025-06;102.74;4.63;22.69
2025-06;106.59;3.54;16.36
2025-06;105.78;3.37;15.69
2025-06;103.77;5.46;18.08
2025-06;103.76;5.77;16.27
2025-06;106.07;4.7;16.6
2025-06;99.17;5.44;17.43
2025-06;102.24;6.45;21.39
2025-06;104.54;4.51;21.39
2025-06;106.78;4.77;18.5
2025-06;111.99;6.07;15.95
2025-06;101.63;5.13;20.17
14/06/2025;106.22;6.19;20.79
2025-06;104.63;4.23;17.38
2025-06;104.35;3.27;18.21
   2025-06   ;104.59;3.93;16.82
2025-06;98.33;5.75;20.82
2025-06;104.43;5.06;19.62
2025-06;103.42;6.52;14.63
2025-06;104.21;5.22;14.6
   2025-06   ;105.45;6.02;17.25
2025-06;111.14;5.02;15.81
2025-06;106.58;5.34;17.01
2025-06;101.93;5.08;16.48
2025-06;107.4;3.97;19.5
2025-06;112.73;4.08;16.89
2025-06;110.47;4.39;17.73
2025-06;103.46;4.46;20.43
2025-06;95.53;NA;17.21
2025-07;106.35;NA;21.43
2025-07;113.58;5.9;18.76
2025-07;108.79;4.08;22.56
04/07/2025;112.06;4.27;18.15
2025-07;105.5;6.16;15.45
   2025-07   ;108.04;4.89;17.91
2025-07;97.12;3.68;21.75
2025-07;105.74;5.1;16.46
2025-07;109.58;4.55;19.77
2025-07;110.17;6.39;20.72
2025-07;107.81;4.56;22.79
12/07/2025;104.61;6.34;21.03
13/07/2025;101.9;3.49;22.6
   2025-07   ;110.04;3.44;22.65
2025-07;95.6;5.38;16.28
2025-07;103.35;4.17;17.89
   2025-07   ;116.3;6.03;17.09
2025-07;102.76;6.55;18.03
2025-07;97.66;5.2;14.56
20/07/2025;112.28;3.67;18.7
2025-07;108.34;5.75;15.79
2025-07;102.62;NA;15.79
2025-07;105.76;3.98;17.06
2025-07;101.27;3.93;17.41
2025-07;109.05;5.59;21.5
26/07/2025;105.02;5.58;19.99
2025-07;102.41;6.33;16.93
2025-07;107.18;6.35;21.9
   2025-07   ;106.19;6.57;15.7
30/07/2025;98.28;4.32;16.3
2025-07;108.04;6.66;20.29
2025-08;112.08;5.16;15.43
2025-08;103.33;6.07;17.47
2025-08;107.67;5.38;21.36
2025-08;105.88;5.72;22.07
2025-08;106.46;4.41;15.13
2025-08;104.36;6.14;19.02
2025-08;107.8;4.6;22.79
2025-08;99.8;6.72;17.65
2025-08;104.47;3.54;18.44
2025-08;106.36;6.37;18.47
2025-08;108.47;3.66;22.71
2025-08;111.66;5.43;16.52
2025-08;101.63;5.84;15.59
2025-08;106.82;3.34;21.09
2025-08;103.98;6.41;21.45
16/08/2025;104.7;6.42;22.65
2025-08;110.24;6.37;16.04
2025-08;98.89;4.52;16.94
   2025-08   ;103.53;6.53;20.81
2025-08;105.77;3.5;17.33
21/08/2025;102.57;6.67;22.08
2025-08;105.93;4;17.45
2025-08;111.79;4.7;21.7
2025-08;103.59;5.25;17.43
2025-08;109.82;3.29;21.16
2025-08;103.08;5.97;21.18
   2025-08   ;112.21;NA;22.32
28/08/2025;106.95;3.45;15.92
2025-08;106.1;5.94;16.44
30/08/2025;110.44;6.26;17.32
2025-08;112.89;3.28;15.84
2025-09;105.22;4;18.02
02/09/2025;99.45;4.86;17.92
2025-09;105.24;3.6;19.95
   2025-09   ;106.21;6.52;20.71
2025-09;109.81;6.15;20.27
2025-09;113.21;4.55;15.45
2025-09;107.58;4.28;22.06
2025-09;116.25;5.96;18.1
2025-09;104;5.1;22.03
2025-09;106.16;5.07;18.54
2025-09;105.03;6.37;22.42
2025-09;98.97;4.17;22.47
2025-09;107.22;5.43;14.59
2025-09;101.35;3.63;20.73
15/09/2025;106.24;6.02;17.97
2025-09;108.45;4.12;21.93
2025-09;110.41;4.7;16.54
2025-09;103.99;3.83;20.32
2025-09;113.16;6.8;19.41
2025-09;103.23;5.59;21.78
2025-09;99.2;3.23;22
2025-09;100.02;5.22;19.28
2025-09;100.49;4.22;21.3
2025-09;103.83;3.97;22.63
2025-09;104.3;6.52;21.59
26/09/2025;105.74;6.06;15.08
2025-09;105.18;6.12;21.4
2025-09;107.48;6.05;15.82
   2025-09   ;102.24;6.36;19.46
   2025-09   ;103.35;5.13;20.58
2025-10;109.74;3.99;20.47
2025-10;108.22;5.86;20.47
2025-10;103.89;6.6;14.81
04/10/2025;103.12;4.82;15.46
2025-10;107.88;5.01;16.34
2025-10;102.71;6.2;21.79
2025-10;99.45;3.57;21.02
   2025-10   ;105.26;6;17.71
2025-10;104.46;5.83;22.22
2025-10;106.56;5.08;21.87
2025-10;105.03;3.26;22.68
2025-10;104.23;NA;22.15
2025-10;100.71;5.67;19.05
2025-10;107.41;6.39;17.84
2025-10;105.03;3.21;16.68
2025-10;105.33;3.79;22.56
17/10/2025;98.1;6.55;21.61
2025-10;109.18;5;21.35
19/10/2025;105.93;5.56;21.52
2025-10;102.81;5.12;22.18
2025-10;108.07;3.85;15.53
2025-10;100.05;4.66;16.79
2025-10;106.47;6.69;22.73
2025-10;101.11;5.88;18.31
2025-10;103.27;5.74;19.01
2025-10;107.64;3.77;22.78
2025-10;102.94;3.58;15.7
2025-10;102.88;3.32;19.05
29/10/2025;116.35;3.31;22.57
2025-10;104.91;4.34;22.3
2025-10;109.3;3.69;20.33
01/11/2025;106.14;4.25;18.62
2025-11;93.62;6.1;15.04
2025-11;97.19;6.71;19.87
2025-11;103.56;6.26;16.47
   2025-11   ;107.74;3.29;20.89
06/11/2025;111.05;3.94;22.86
   2025-11   ;106.84;3.37;21.14
2025-11;98.36;5.43;17.78
2025-11;106.92;6.22;16.59
2025-11;107.53;5.18;16.14
2025-11;102.14;3.94;15.84
2025-11;99.53;NA;16.18
2025-11;105.48;6.77;19.75
2025-11;100.27;4.15;14.96
2025-11;111.94;4.29;14.87
2025-11;104.88;6.05;20.85
   2025-11   ;101.6;3.52;22.17
   2025-11   ;100.06;5.56;22.85
2025-11;107.85;5.62;17.67
2025-11;106.38;5.23;22.97
2025-11;99.55;6.17;18.54
2025-11;99.49;3.81;20.2
2025-11;105.3;4.64;18.95
2025-11;104.07;5.43;22.8
2025-11;109.09;4.76;21.75
2025-11;105.48;5.4;17.06
2025-11;103.64;5.78;14.74
2025-11;107.4;4.12;22.99
29/11/2025;97.72;5.64;16.58
2025-11;102.38;6.32;14.67
2025-12;100.54;3.55;18.87
2025-12;108.33;3.47;17.57
2025-12;103.14;4.59;19.9
2025-12;109.36;3.33;22.28
2025-12;105.25;5.03;22.21
06/12/2025;107.29;4.35;21.54
2025-12;103.99;4.29;18.82
2025-12;100.54;5.59;20.22
2025-12;106.25;5.57;15.13
   2025-12   ;94.05;4.75;20.15
2025-12;111.38;4.66;16.9
2025-12;109.25;3.78;20.25
   2025-12   ;109.56;6.43;19.87
2025-12;114.52;5.4;16.53
2025-12;103.03;5.32;15.42
2025-12;102.42;4.59;16.4
2025-12;105.25;5.1;17.35
2025-12;109.91;4.93;16.89
2025-12;98.09;5.39;19.88
   2025-12   ;113.3;NA;18.45
2025-12;108.4;4.36;16.23
2025-12;110.38;4.43;18.88
2025-12;105.82;3.57;21.9
2025-12;109.17;3.58;21.07
2025-12;103.69;6.77;17.83
2025-12;100.28;4.92;15.41
2025-12;103.36;4.46;22.23
2025-12;99.57;4.23;20.65
2025-12;109.26;NA;22.52
   2025-12   ;108.04;5.18;15.07
2025-12;104.81;5.9;19.18
2026-01;104.36;5.14;21.1
2026-01;100.21;5.67;20.29
2026-01;108.5;5.01;15.3
2026-01;95.2;4.94;16.44
2026-01;107.74;NA;17.91
2026-01;102.38;6.4;18.97
2026-01;104.16;6.53;22.16
2026-01;108.96;6.61;17.1
2026-01;106.05;3.9;15.64
2026-01;107.45;3.8;21.45
2026-01;107.71;4.02;17.29
12/01/2026;103.31;4.12;21.76
2026-01;103.33;3.61;22.6
2026-01;105.91;5.48;16.55
15/01/2026;105.32;4.66;18.56
2026-01;104.82;4.52;17.27
2026-01;104.3;4.21;19.26
   2026-01   ;103.38;4.11;16.86
2026-01;104.62;4.86;22.2
2026-01;107.68;4.84;20.35
2026-01;103.4;4.91;18.55
22/01/2026;99.65;6.49;17.18
2026-01;99.97;4.97;19.27
2026-01;103.88;6.12;16.55
2026-01;103.61;6.4;16.19
2026-01;99.14;4.81;19.19
2026-01;104.59;4.07;21.07
2026-01;104.12;3.83;17.03
29/01/2026;104.49;6.15;18.6
2026-01;104.76;6.38;18.45
2026-01;106.04;3.91;22.73
2026-02;99.49;5.91;22.95
   2026-02   ;101.47;4.07;15.18
2026-02;102.25;6.77;16.55
2026-02;98.7;3.39;19.91
2026-02;106.33;6.16;22
2026-02;104.07;6.25;21.58
2026-02;106.15;5.5;14.54
2026-02;105.81;5.26;15.68
2026-02;104.03;3.2;16.98
2026-02;103.32;5.88;16.46
2026-02;100;6.05;16.16
2026-02;107.28;5.95;22.44
2026-02;98.86;4.24;21.13
14/02/2026;109.04;6.39;20.44
2026-02;99.97;3.96;15.62
2026-02;102.8;3.35;18.03
2026-02;112.08;5.41;20.52
18/02/2026;106.82;4.48;15.73
19/02/2026;106.6;6.62;17.32
2026-02;105.38;5.6;14.81
2026-02;106.62;5.56;16.59
2026-02;104.71;6.54;21.41
2026-02;98.5;4.6;18.68
2026-02;109.17;5.23;17.47
2026-02;107.69;4.98;15.83
2026-02;105.51;NA;14.68
27/02/2026;101.78;3.21;19.73
28/02/2026;105.81;3.3;21.67
2026-03;101.12;5.44;22.88
02/03/2026;103.35;6.57;16.68
2026-03;108.44;4.75;19.27
04/03/2026;111.17;6.15;16.4
2026-03;108.05;3.32;19.83
06/03/2026;105.41;5.28;22.5
07/03/2026;104.2;5.73;18.56
2026-03;104.4;6.54;21.79
2026-03;107.79;5.19;20.99
10/03/2026;102.54;6.18;22.26
2026-03;105.68;6.41;14.82
2026-03;102.19;5.64;16.57
2026-03;103.26;5.83;22.59
   2026-03   ;96.11;4.57;14.62
2026-03;100.62;5.29;21.98
2026-03;112.48;4.83;19.87
2026-03;108.14;5.01;16.98
2026-03;103.96;5.28;17.47
2026-03;102.21;5.35;17.37
2026-03;114.61;6.01;18.79
2026-03;106.9;5.39;15.32
2026-03;107.94;3.43;18.08
2026-03;105.28;4.68;15.25
2026-03;102.17;6.24;21.35
2026-03;101.69;3.8;21.28
2026-03;108.02;5.29;17.48
2026-03;109.38;3.3;17.68
2026-03;106.3;4.04;21.1
2026-03;100.9;3.58;18.01
2026-03;103.93;3.26;21.32
2026-03;105.31;6.42;14.6
2026-04;108.04;5.43;20.59
2026-04;99.8;4.78;19.55
2026-04;106.61;6.73;19.62
2026-04;105.25;5.05;15.85
2026-04;105.57;4.92;22.1
2026-04;105.75;6.61;16.64
2026-04;106.78;6.73;15.61
2026-04;108.15;3.72;16.61
2026-04;105.73;6.07;16.82
   2026-04   ;108.72;6.44;17.38
11/04/2026;107.03;4.44;19.57
2026-04;107.29;5.99;18.77
2026-04;105.11;5.24;15.35
2026-04;104.84;3.83;16.89
2026-04;104.38;6.06;14.92
2026-04;107.8;4.56;17.22
2026-04;109.1;5.46;15.36
2026-04;98.38;5.26;22.66
2026-04;101.79;5.18;20.2
2026-04;111.89;6.17;20.21
21/04/2026;102.88;6.43;21.34
2026-04;101.61;5.3;17.84
2026-04;99.28;6.29;16.83
2026-04;99.68;4.35;20.37
2026-04;113.55;5.04;20.19
2026-04;106.83;6.04;22.2
2026-04;105.79;6.04;15.91
2026-04;111.31;5.35;18.86
2026-04;100.1;6.77;15.31
30/04/2026;107.59;6.15;21.62
2026-05;104.36;5.46;18.17
2026-05;101.82;5.62;19.76
2026-05;108.92;5.96;19.25
2026-05;105.82;6.21;15.51
05/05/2026;104.91;5.21;21.99
2026-05;102.17;4.74;21.38
2026-05;98.87;4.79;17.25
2026-05;103.05;5.55;17.78
2026-05;99.23;6.24;18.07
2026-05;113.81;4.68;22.75
2026-05;106.97;3.91;19.37
2026-05;108.06;5.97;22.99
2026-05;107.82;4.84;19.69
14/05/2026;110.38;3.33;22.64
2026-05;99.36;5.58;16.16
16/05/2026;104.83;3.76;18.71
2026-05;103.28;5.52;22.28
2026-05;100.83;5.1;14.59
2026-05;100.12;3.42;15.05
2026-05;106.73;6.44;17.49
   2026-05   ;106.15;3.33;20.98
2026-05;98.73;6.44;19.79
2026-05;108.96;4.35;15.76
   2026-05   ;103.02;5.81;21.97
2026-05;110.68;4.78;22.24
2026-05;107.09;6.66;20.28
2026-05;108.49;NA;18.49
2026-05;111.75;NA;21.38
2026-05;111.08;6.03;22.89
2026-05;106.36;5.84;18.35
31/05/2026;101.97;4.78;21.71
2026-06;109.8;5.54;19.7
2026-06;102.87;3.57;14.99
2026-06;103.25;5.75;16.8
2026-06;112.96;4.04;21.27
2026-06;108.86;5.75;16.35
2026-06;106.16;5.38;17.49
2026-06;102.54;4.89;15.81
2026-06;103.83;4.39;16.53
09/06/2026;99.35;4.71;15.61
   2026-06   ;109.32;6.56;20.27
2026-06;104.13;6.55;21.14
2026-06;98.3;5.83;19.18
2026-06;96.52;6.77;16.31
2026-06;104.69;5.16;14.6
2026-06;102.03;4.02;14.87
   2026-06   ;114.36;5.76;17.98
2026-06;112.28;4.45;16.55
2026-06;102.74;5.17;18.21
2026-06;98.59;6.45;16.62
20/06/2026;113.99;NA;17.75
2026-06;103.2;4.58;16.32
22/06/2026;104.47;6.26;19.3
2026-06;102.04;3.46;22.08
2026-06;107.83;5.75;16.53
2026-06;103.49;5.79;16.83
2026-06;114.14;5.09;22.72
2026-06;102.95;4.06;20.74
2026-06;100.68;6.11;18.66
2026-06;106.27;NA;19.2
30/06/2026;109.55;6.45;17.99
2026-07;103.52;3.36;22.58
2026-07;102.99;6.51;16.75
2026-07;101.79;6.51;15.01
2026-07;106.43;3.23;21.3
2026-07;103.23;4.13;17.31
2026-07;105.54;4.24;22.54
07/07/2026;104.2;6.73;19.82
2026-07;108.17;NA;17.49
2026-07;103.02;3.22;17.8
2026-07;108.7;5.15;15.52
11/07/2026;105.94;5.48;19.16
2026-07;106.07;5.21;22.69
2026-07;110.92;6.1;16.53
14/07/2026;102.89;4.63;14.93
2026-07;98.39;3.72;15.3
2026-07;101.93;6.07;18.97
2026-07;104.66;5.26;16.58
2026-07;100.49;3.31;17.03
2026-07;104.82;4.15;22.78
2026-07;94.78;5.38;22.22
2026-07;109.8;6.54;15.24
2026-07;105.56;6.41;19.93
2026-07;99.49;4.94;15.67
2026-07;115.28;5.68;19.82
2026-07;106.51;6.7;21.62
2026-07;104.82;4.91;18.84
2026-07;102.61;5.73;14.76
2026-07;104.36;5.64;15.06
2026-07;99.39;6.39;23
30/07/2026;106.48;4.72;22.73
2026-07;104.36;6.78;21.16
2026-08;98.56;4.47;15.01
2026-08;106.33;NA;21.18
2026-08;106.55;3.51;16.31
2026-08;112.38;4.42;20.68
05/08/2026;109.51;6.2;15.49
2026-08;104.18;6.15;18.34
07/08/2026;100.61;3.24;18.36
2026-08;105.01;4.04;19.2
2026-08;108.13;5.64;20.85
2026-08;106.04;4.42;19.86
2026-08;100.21;4.4;15.02
2026-08;101.38;NA;15.56
2026-08;106;3.72;15.73
2026-08;108.14;3.97;20.62
2026-08;110.08;5.88;20.9
2026-08;103.13;6.63;22.16
2026-08;108.22;5.72;21.67
18/08/2026;105.46;5.13;17.04
2026-08;109.55;5.34;21.51
2026-08;115.52;4.79;21.17
2026-08;100.75;NA;17.02
22/08/2026;109.62;3.6;18.12
23/08/2026;107.2;6.34;22.07
2026-08;108.83;5.2;15.19
2026-08;105.31;4.15;19.09
2026-08;109.52;3.67;19.54
2026-08;101.32;5.71;21.52
2026-08;104.07;5.27;21.45
2026-08;106.11;6.78;19.29
30/08/2026;112.32;6.21;16.72
2026-08;105.63;4.54;17.05
2026-09;109.91;5.48;18.04
2026-09;109.89;4.48;22.67
2026-09;101.38;4.52;17.27
   2026-09   ;105.06;5.59;21.16
05/09/2026;110.6;3.78;17.82
06/09/2026;105.98;5.03;16.74
2026-09;103.65;4.58;20.79
2026-09;108.95;4.96;20.08
2026-09;109.53;5.52;21.5
2026-09;101.38;5.08;22.39
2026-09;102.7;5.63;15.7
2026-09;103.65;NA;19.45
13/09/2026;106.43;4.67;15.21
14/09/2026;101.61;4.74;22.62
   2026-09   ;95.74;3.28;16.14
2026-09;107.6;4.88;21.78
2026-09;109.02;5.63;18.51
2026-09;100.43;6.23;19.23
2026-09;108.81;6.33;21.79
2026-09;112.72;3.63;21.95
2026-09;105.84;3.69;18.5
2026-09;105.43;3.38;16.21
2026-09;100.05;4.31;21.68
2026-09;108.62;5.17;22.65
2026-09;107.09;3.53;14.72
2026-09;101.99;NA;20.95
2026-09;101.35;6.51;20.24
28/09/2026;99.63;3.74;22.13
2026-09;107.8;4.05;15.61
2026-09;96.34;3.85;19.09
2026-10;103.23;6.23;14.8
02/10/2026;103.33;5.35;15.92
   2026-10   ;109.46;5.7;21.44
2026-10;93.23;5.28;17.64
05/10/2026;101.98;6.79;18.06
2026-10;99.9;4.59;17
2026-10;102.61;3.56;16.43
2026-10;101.97;4.41;14.71
2026-10;109.63;5.6;19.81
10/10/2026;107.91;6.68;22.31
   2026-10   ;105.07;3.84;18.67
12/10/2026;103.31;4.45;14.65
13/10/2026;105.04;6.15;20.43
2026-10;104.2;3.89;15.59
2026-10;98.85;6.15;18.52
2026-10;102.05;4.46;17.61
2026-10;101.35;5.02;21.47
2026-10;106.86;5.63;18.44
2026-10;100.22;6.39;19.44
   2026-10   ;104.82;3.25;22.19
   2026-10   ;107.69;4.64;16.88
2026-10;109.78;5.7;15.34
2026-10;100.53;6.13;22.23
2026-10;107.11;6.57;19.2
2026-10;102.42;4.1;14.71
2026-10;93.7;5.59;16.25
   2026-10   ;102.69;3.96;21.54
2026-10;109.77;3.33;21.24
2026-10;107.28;6.26;18.66
30/10/2026;103.23;5.64;17.55
2026-10;104.97;5.87;16.2
01/11/2026;102.61;4.15;18.55
2026-11;104.86;5.5;20.96
2026-11;106.41;3.52;19.3
2026-11;100.86;6.11;18.87
   2026-11   ;106.08;5.76;17.67
2026-11;101.33;6.35;20.21
   2026-11   ;109.21;6.16;21.15
2026-11;101.4;6.03;17.23
   2026-11   ;98.85;6.51;16.73
2026-11;105.19;4.79;14.63
2026-11;105.68;4.11;21.38
12/11/2026;104.08;6.6;17.16
2026-11;104.84;NA;18.04
2026-11;101.8;6.09;18.1
2026-11;104.59;4.71;22.22
2026-11;110.58;6.47;19.52
17/11/2026;108.35;4.12;22.52
2026-11;110.09;4.12;18.61
19/11/2026;100.86;3.88;19.64
2026-11;104.18;NA;22.43
2026-11;98.44;4.21;18.55
   2026-11   ;109.48;5.69;16.25
2026-11;102.25;3.65;17.45
2026-11;103.15;5.3;15.6
2026-11;103.71;3.33;15.22
26/11/2026;108.73;6.41;15.24
27/11/2026;99.68;6.79;22.32
2026-11;107.29;6.2;19.65
2026-11;102.65;NA;14.81
2026-11;106.33;6.55;15.5
2026-12;104.07;4.54;22.72
2026-12;105.84;6.07;17.66
03/12/2026;107.96;3.85;16.24
2026-12;100.31;6.33;22.5
2026-12;96.49;4.13;22.47
2026-12;103.74;6.59;21.89
07/12/2026;101.75;6.23;19.9
2026-12;109.95;5.47;16.66
2026-12;102.24;4.76;21.96
2026-12;106.52;5.22;14.58
2026-12;98.32;4.4;16.61
2026-12;105.91;5.53;22.13
2026-12;111.37;5.29;22.16
2026-12;105.41;5.08;17.86
2026-12;105.11;5.48;18.41
2026-12;105.77;3.88;16.86
2026-12;100.29;4.22;20.39
2026-12;98.77;6.65;19.37
2026-12;105.78;6.25;15.61
2026-12;104.8;3.27;22.63
21/12/2026;100.19;3.48;17.69
2026-12;99.1;6.67;19.39
23/12/2026;101.48;3.42;20.67
2026-12;99.12;4.8;22.78
2026-12;108.82;3.79;18.6
2026-12;99.14;5.99;20.29
   2026-12   ;106.76;4;19.53
2026-12;111.47;3.73;19.24
2026-12;113.36;6.21;22.58
2026-12;114.38;6.24;21.74
2026-12;108.26;4.2;22.62
2027-01;108.48;6.02;15.02
2027-01;104.11;6.04;20.52
03/01/2027;100.73;5.4;16.77
2027-01;105.33;6.64;16.67
2027-01;104.68;4.3;20.63
2027-01;109.47;3.68;14.58
2027-01;105.03;6.68;19.16
08/01/2027;102.73;4.08;16.35
2027-01;105.02;3.45;21.1
2027-01;108.27;5.61;22.81
   2027-01   ;103.57;6.76;15.17
   2027-01   ;100;4.93;16.97
2027-01;101.63;5.48;21.53
   2027-01   ;100.16;5.69;22.08
   2027-01   ;113.04;3.8;17.75
2027-01;112.18;4;18.13
17/01/2027;108.37;3.96;20.07
2027-01;102.08;6.15;16.04
2027-01;107.55;3.57;22.55
2027-01;109.99;3.44;16.54
2027-01;107.68;4.3;20.98
2027-01;108.49;4.3;20.24
2027-01;95.85;3.86;14.95
2027-01;101.94;3.8;21.86
25/01/2027;100.68;5.33;19.52
2027-01;104.62;4.46;21.36
2027-01;97.76;6.41;17.52
2027-01;108.14;3.86;19.12
2027-01;105.45;4.99;19.59
2027-01;109.69;3.61;18.28
2027-01;98.45;4.82;15.24
2027-02;112.28;6.22;19.03
2027-02;111.82;5.93;18.1
03/02/2027;101.56;5.89;20.69
2027-02;112.59;4.47;17.89
2027-02;110.9;4.27;18.24
2027-02;107.11;3.88;18.85
2027-02;107.33;3.92;15.17
2027-02;106.49;4.88;19.53
2027-02;105.1;4.28;16.37
2027-02;108.33;5.81;14.82
2027-02;108.8;5.56;21.96
   2027-02   ;101.78;4.86;15.93
13/02/2027;104;4.34;20.65
2027-02;108.24;3.39;16.44
2027-02;106.94;4.08;22.76
2027-02;107.04;4;22.55
2027-02;100.88;6.38;18.91
   2027-02   ;101.54;NA;15.56
2027-02;107.83;3.48;14.6
2027-02;99.66;3.49;20.34
2027-02;107.29;5.19;16.96
2027-02;107.84;6.16;22.76
2027-02;112.01;5.24;22.36
24/02/2027;104.78;6.38;14.58
25/02/2027;101.51;4.25;15.59
2027-02;102.11;6.77;19.19
2027-02;108.33;4.84;15.67
2027-02;104.56;6.27;19.73
2027-03;110.79;6.11;22.79
2027-03;107.11;4.25;20.91
2027-03;105.07;6.32;15.59
2027-03;113.24;5.73;19.84
2027-03;109.6;3.24;21.71
2027-03;107.46;4.13;15.92
2027-03;108.56;3.76;17.29
2027-03;105.82;3.81;18.62
2027-03;103.73;5.03;17.22
2027-03;116;6.74;22.24
2027-03;102.93;3.49;18.65
12/03/2027;98.54;5.77;15.21
13/03/2027;103.72;3.79;16.06
2027-03;108.33;5.48;19.89
15/03/2027;97.15;5.24;15.92
2027-03;107.37;4.65;22.07
2027-03;104.42;5.27;16.54
2027-03;109.34;5.21;22.81
2027-03;102.41;3.26;14.69
2027-03;108.25;4.35;17.44
   2027-03   ;99.71;5.42;21.3
   2027-03   ;102.37;5.86;17.1
2027-03;99.33;6.01;20.24
2027-03;104.3;3.26;14.82
2027-03;105.51;6.59;18.52
2027-03;109.01;6.79;20.86
27/03/2027;106.04;5.47;19.25
2027-03;110.63;5.51;19.13
2027-03;103.02;4.19;22.36
2027-03;102.76;4.31;21.66
2027-03;106.24;5.57;20.45
2027-04;106.14;3.41;22.15
2027-04;107.29;5.85;16.31
2027-04;102.7;4.22;14.51
2027-04;110.85;6.19;16.05
2027-04;109.91;6.54;16.03
2027-04;112.14;6.5;20.62
2027-04;112.88;4.41;17.76
2027-04;101.76;4.6;16.4
2027-04;103.48;4.67;17.98
2027-04;100.48;5.29;16.71
2027-04;98.7;3.56;15.75
2027-04;109.18;5.86;17.81
2027-04;110.25;5.65;22.56
2027-04;103.03;3.64;19.9
2027-04;106.47;6.6;17.52
2027-04;106.88;5.05;17.42
2027-04;98.87;4.16;22.71
2027-04;104.29;5.93;21.82
19/04/2027;105.68;6.77;22.67
2027-04;105.96;4.35;22.3
2027-04;105.97;4.28;16.7
2027-04;104.48;6.38;21.58
2027-04;107.33;4.85;15.52
2027-04;104.61;3.95;22.35
2027-04;103.02;3.66;20.46
2027-04;104.25;NA;17.67
2027-04;91.73;6.33;18.08
2027-04;110.76;4.48;19.37
2027-04;104.16;5.69;19.18
2027-04;103.65;4.57;17.6
01/05/2027;104.6;3.7;16.03
2027-05;108.07;6.33;19.22
2027-05;96.84;4.92;21.01
2027-05;104.88;5.07;22.32
05/05/2027;99.95;5.69;22.11
2027-05;105.33;NA;15.38
2027-05;99.39;5.32;22.76
2027-05;104.01;4.5;15.06
09/05/2027;101.68;3.86;21.89
2027-05;106.4;4.17;17.08
2027-05;102.38;3.64;19.93
   2027-05   ;103.5;5.44;22.98
2027-05;100.04;6.45;20.27
   2027-05   ;103.82;5.98;20.51
2027-05;108.24;4.75;18.97
2027-05;102.22;4.26;20.92
2027-05;103.72;4.54;20.73
   2027-05   ;102.1;4.26;19.99
2027-05;109.37;3.73;16.23
2027-05;105.71;5.12;19.62
2027-05;101.29;4.41;19.72
22/05/2027;104.92;4.82;20.37
2027-05;100.38;3.41;15.37
24/05/2027;107.76;5.86;15.56
2027-05;110.9;5.66;19.89
2027-05;100.82;3.3;18.99
2027-05;102.13;5.67;18.37
   2027-05   ;99.42;5.19;17.39
2027-05;103;5.18;20.11
30/05/2027;107.25;5.08;18.56
2027-05;102.65;6.6;16.44
01/06/2027;97.61;5.12;20.57
2027-06;101.66;3.93;22.71
03/06/2027;97.02;6.66;21.95
2027-06;105.33;4.6;15.46
2027-06;100.82;5.41;19.13
06/06/2027;97.72;5.23;22.64
   2027-06   ;107.47;5.17;14.87
2027-06;102.63;6.34;21.86
09/06/2027;105.79;4.25;14.79
2027-06;106.33;5.29;21.12
2027-06;108.2;4.95;19.15
2027-06;108.28;3.69;18.49
2027-06;103.05;3.3;20.57
2027-06;96.43;6.56;18.48
2027-06;101.93;4.13;19.51
2027-06;101.24;3.52;18.4
2027-06;100.21;3.88;22.08
2027-06;102.41;6.15;20.72
2027-06;104.68;5.46;21.27
2027-06;103.76;6.32;21.56
2027-06;99.26;4.73;18.12
2027-06;106.16;6.39;16.49
2027-06;104.15;3.33;15.45
   2027-06   ;108.48;6.01;22.14
2027-06;101.38;6.4;16.81
2027-06;104.84;4.41;17.99
   2027-06   ;104.12;6.75;21.27
28/06/2027;101.86;5.44;21.84
   2027-06   ;99.42;6.33;20.97
   2027-06   ;106.03;3.45;16.79
2027-07;104.54;3.49;18.61
2027-07;106.44;5.92;16.29
03/07/2027;105.62;5.6;18.99
2027-07;103.38;3.49;20.11
2027-07;114.54;6.62;21.86
06/07/2027;105.46;3.94;14.99
2027-07;106.55;5.59;22.64
2027-07;103.83;5.89;20.56
2027-07;106.44;5.32;17.75
2027-07;105.01;3.49;17.38
   2027-07   ;99.49;6.74;14.51
2027-07;104.99;5.24;18.15
2027-07;106.12;3.88;18.63
2027-07;104.23;3.33;14.6
15/07/2027;106.76;5.45;22.61
16/07/2027;100.44;4.76;17.38
17/07/2027;105.49;4.13;20.07
18/07/2027;104.79;5.38;19.3
19/07/2027;99.34;4.27;17.83
2027-07;103.92;4.16;20.05
2027-07;110.43;3.5;21.69
   2027-07   ;107.73;6.71;17.52
2027-07;104.93;6.19;17.26
   2027-07   ;107.25;NA;18.52
2027-07;102.45;4.25;16.72
2027-07;101.65;5.9;18.67
2027-07;99.44;3.37;21.3
   2027-07   ;102.62;6;17.77
2027-07;101.66;4.75;19.16
2027-07;106.72;5.19;18.47
2027-07;106.47;6.31;21.63
   2027-08   ;108.17;3.81;22.54
2027-08;103.01;6.52;16.19
2027-08;115.7;4.22;21.67
2027-08;107.53;5.4;19.38
2027-08;104.14;4.48;20.35
06/08/2027;102.55;NA;18.46
2027-08;105.47;4.61;14.5
2027-08;107.76;4.69;19.74
2027-08;99.89;3.23;16.27
2027-08;111.69;4.68;15.46
2027-08;108.61;3.86;21.32
2027-08;102.46;3.83;18.88
2027-08;102.15;5.19;14.56
2027-08;107.63;4.14;22.58
2027-08;107.14;4.3;15.05
2027-08;106.63;6.34;20.7
2027-08;100.33;6.72;22.56
2027-08;104.59;6.41;19.01
2027-08;105.17;5.21;19.71
   2027-08   ;108.2;4.9;22.69
2027-08;104.94;5.47;18.71
2027-08;107.75;5.91;19.96
2027-08;106.14;6.26;18.02
2027-08;104.96;3.54;21.69
25/08/2027;104.32;NA;21.84
2027-08;113.75;6.78;15.78
2027-08;109.32;4.45;20.5
28/08/2027;101.04;5.67;17.42
2027-08;100.47;5.68;19.23
2027-08;97.95;4.59;19.31
2027-08;103.9;6.1;18.37
2027-09;100.11;4.79;19.41
2027-09;106.32;4.91;22.09
2027-09;101.72;5.95;17.74
04/09/2027;101.55;5.41;16.34
2027-09;98.8;3.44;15.37
06/09/2027;107.76;6.07;15.12
2027-09;101.22;5.79;19.79
   2027-09   ;109.28;4.68;15.2
2027-09;106.53;3.66;19.27
2027-09;108.89;3.5;15.81
2027-09;108.21;3.63;15.77
   2027-09   ;103.38;3.75;15.24
2027-09;103.85;6.21;16.72
2027-09;106.12;3.93;16.79
2027-09;106.87;3.6;17.4
2027-09;107.6;4.37;21.93
17/09/2027;108.26;6.43;21.3
2027-09;104.05;3.38;21.97
2027-09;106.02;5.4;15.35
2027-09;108.68;4.16;15.92
2027-09;107.74;6.18;15.58
2027-09;103.96;4.84;18.15
2027-09;103.21;3.46;19.87
2027-09;105.78;5.12;19.12
   2027-09   ;112.12;4.25;21.83
   2027-09   ;102.46;5.2;16.68
2027-09;100.12;5.69;15.38
2027-09;106.13;3.49;19.2
2027-09;98.39;6.58;20.47
2027-09;103.92;6.27;21.54
01/10/2027;107.9;5.5;20.22
2027-10;106.73;4.45;16.83
2027-10;103.16;NA;19.44
   2027-10   ;108.91;5.52;21.77
2027-10;111.17;4.63;18.77
2027-10;107.72;4.68;15.79
2027-10;102.6;5.02;17.07
08/10/2027;110.53;3.4;21.92
2027-10;99.28;3.23;19.79
2027-10;104.27;3.53;15.23
2027-10;110.67;5.87;18.26
2027-10;103.35;5.09;16.9
2027-10;108.61;5.36;19.92
2027-10;116.39;6.31;17.11
2027-10;100.83;3.43;16.65
2027-10;102.29;4.14;20.31
2027-10;103.53;4.73;18.75
18/10/2027;103.35;5.74;20.75
2027-10;108.39;4.04;17.07
2027-10;101.96;6.45;21.37
   2027-10   ;104.14;4.34;18.78
2027-10;102.58;6.74;15.21
2027-10;102.31;4.86;14.95
2027-10;103.84;6.41;16.29
2027-10;103.67;NA;15.35
2027-10;102.08;4;18.25
   2027-10   ;108.14;3.85;14.73
2027-10;99.19;4.2;18.76
2027-10;99.4;3.37;18.46
2027-10;111.25;3.81;18.44
2027-10;104.43;3.51;19.16
2027-11;108.72;5.24;21.5
02/11/2027;100.64;4.77;19.72
2027-11;107.07;5.16;16.29
2027-11;109.12;5.71;21.87
2027-11;101.82;3.74;15.92
06/11/2027;100.41;6.33;19.9
2027-11;104.43;5.73;21.45
   2027-11   ;107;5.82;16.03
09/11/2027;97.99;4.53;19.86
10/11/2027;107.29;3.98;15.26
11/11/2027;105.14;4.02;19.43
2027-11;103.87;5.3;15.09
13/11/2027;102.24;5.74;22.5
2027-11;101.49;4.98;21.39
15/11/2027;106.51;NA;16.23
2027-11;101.33;6.7;17.17
2027-11;106.8;5.66;21.32
2027-11;101.71;3.59;22.34
2027-11;101.84;3.52;19.36
   2027-11   ;102.73;6.07;16.36
21/11/2027;110.3;3.34;16.59
22/11/2027;107.16;6.47;17.52
   2027-11   ;104.89;5.66;19.89
2027-11;104.11;5.7;19.86
2027-11;102.34;6.02;22.4
2027-11;103.38;3.76;17.45
2027-11;98.7;4.13;22.8
28/11/2027;102.23;5.22;15.25
2027-11;110.45;4.57;15.58
2027-11;108.96;6.56;20.88
2027-12;102.79;5.78;19.37
2027-12;104.82;4.58;21.47
2027-12;102.53;4.44;17.42
04/12/2027;99.69;3.55;21.66
2027-12;104.62;5.79;15.49
2027-12;104.91;4.81;16.04
2027-12;101.93;5.53;21.74
2027-12;116.71;4.47;21.52
   2027-12   ;102.93;6.35;15.23
2027-12;108.17;5.53;15.07
2027-12;108.83;6.24;20.15
12/12/2027;100.3;4.09;14.9
2027-12;100.89;4.39;14.79
   2027-12   ;104.45;3.8;21.19
2027-12;112.56;4.1;21
2027-12;105.12;5.58;21.79
2027-12;104.13;5.33;14.59
18/12/2027;106.03;3.32;21.69
19/12/2027;104.74;3.35;18.18
2027-12;108.1;4.81;19.59
2027-12;112.58;3.63;16.35
22/12/2027;108.63;4.18;18.97
23/12/2027;107.75;4.49;17.53
24/12/2027;112.8;6.42;17.11
2027-12;101.49;6.78;18.69
26/12/2027;99.72;4.61;16.95
2027-12;101.69;4.03;22.49
   2027-12   ;104.29;4;22.14
2027-12;103.57;4.09;19.79
30/12/2027;108.5;3.57;22.79
2027-12;103.05;5;19.28
2028-01;103.43;5.19;22.02
2028-01;104.06;4.11;15.23
2028-01;105.71;4.67;19.34
2028-01;105.09;6.49;16.19
2028-01;95.75;4.97;17.55
   2028-01   ;103.52;3.72;22.35
2028-01;108.46;5.54;22.31
2028-01;111.01;6.35;18.03
2028-01;100.37;6.56;15.63
10/01/2028;104.33;5.28;22.72
2028-01;99.84;3.41;22.25
2028-01;102.44;3.72;15.89
2028-01;116.21;6.54;16.97
2028-01;108.04;6.79;22.3
15/01/2028;112.55;5.38;20.94
2028-01;105.21;3.78;18.11
2028-01;107.5;4.5;17.21
2028-01;107.91;3.54;17.36
2028-01;98.57;6.67;18.37
20/01/2028;102.05;3.31;18.18
21/01/2028;103.69;6.19;21.25
2028-01;106.43;3.89;17.29
2028-01;105;5.12;19.93
2028-01;102.7;4.6;20.24
2028-01;108.93;4.84;19.15
2028-01;99.05;6.71;16.68
2028-01;105.71;5.87;15.83
28/01/2028;109.93;3.46;15.08
2028-01;102.36;4.06;18.82
2028-01;109.05;4.41;22.75
31/01/2028;110.11;6.04;15.65
01/02/2028;102.77;4.08;15.17
2028-02;106.71;3.26;19.72
03/02/2028;107.8;6.71;19.12
2028-02;99.19;5.58;14.62
2028-02;105.36;6.03;22.46
2028-02;104.86;4.12;22.82
2028-02;103.03;5.28;16.48
2028-02;101.53;4.23;19.92
2028-02;98.99;4.87;22
   2028-02   ;114.88;4.39;20.51
2028-02;106.28;4.66;21.08
2028-02;105.06;4.46;16.28
13/02/2028;108.15;4.64;19.95
2028-02;108.83;5.5;18.71
2028-02;103.44;5.49;20.16
2028-02;103.35;NA;16.97
2028-02;99.74;4.8;20.66
2028-02;111.39;3.31;18.27
19/02/2028;108.72;4.44;18.21
2028-02;108.9;5.16;16.13
2028-02;103.76;4.02;14.66
2028-02;109.22;6;18.77
2028-02;98.6;6.79;19.43
2028-02;100.33;4.79;22.14
2028-02;102.71;3.49;18.24
2028-02;102.18;5.73;19.85
2028-02;108.35;4.73;22.49
2028-02;108.17;4.42;20.18
2028-02;104.98;6.37;16.97
2028-03;102.71;6.31;21.59
2028-03;104.67;4.19;18.04
2028-03;114.31;3.55;19.41
2028-03;101.29;3.78;17.48
2028-03;111.73;4.91;22.68
2028-03;107.29;5.99;21.99
2028-03;108.29;5.81;14.81
2028-03;106.32;5.33;15.72
2028-03;95.53;NA;22.69
2028-03;110.76;5.24;20.57
2028-03;105.66;3.63;19.37
2028-03;111.29;3.51;19.36
13/03/2028;107.26;5.2;14.83
14/03/2028;101.57;NA;18.61
2028-03;104.51;5.78;21.5
2028-03;106.71;4.61;19.74
2028-03;100.86;4.3;20.08
2028-03;102.9;6.01;20.19
2028-03;105.07;5.84;14.87
2028-03;107.83;4.31;17.44
2028-03;103.4;6.04;20.19
2028-03;104.26;4.56;15.67
2028-03;108.58;5.92;15.49
2028-03;95.06;4.21;17.07
2028-03;107.42;4.08;19.61
2028-03;103.49;3.82;19.92
27/03/2028;106.07;4.25;16.86
   2028-03   ;104.61;3.67;20.63
2028-03;111.99;3.72;17.99
2028-03;105.93;5.31;16.41
2028-03;106.8;NA;22.04
2028-04;112.57;5.37;19.69
   2028-04   ;101.38;3.89;18.86
2028-04;101.35;4.78;14.58
2028-04;97.38;4.24;15.63
05/04/2028;96.73;4.32;15.57
06/04/2028;108.98;3.51;17.74
2028-04;107.64;3.87;20.22
2028-04;108.87;5.1;20.16
2028-04;107.54;4.44;15.25
   2028-04   ;104.72;6.23;16.11
   2028-04   ;99.93;6.75;22.48
2028-04;99.88;3.32;15.75
2028-04;101.71;4.13;21.18
   2028-04   ;105.17;5.64;22.69
15/04/2028;103.16;6.32;16.59
2028-04;104.68;4.22;20.56
2028-04;107.66;6.63;16.7
2028-04;105.13;5.31;14.52
19/04/2028;108.83;5.07;22.96
2028-04;110.92;3.83;19.03
2028-04;107.34;6.64;22.15
2028-04;108.72;4.02;22.81
2028-04;99.48;5.99;20.99
2028-04;103.31;3.98;19.15
   2028-04   ;102.59;6.05;17.11
2028-04;105.71;3.83;21.76
2028-04;110.31;5.6;15.66
2028-04;109.12;6.15;16.43
29/04/2028;112.17;5.5;16.66
2028-04;105.99;3.72;17.91
2028-05;106.77;6.5;19.51
   2028-05   ;103.69;4.03;17.65
2028-05;102.35;NA;18.71
2028-05;108.79;4.68;17.93
2028-05;105.98;4.29;14.54
2028-05;113.45;6.56;17.13
2028-05;114.15;5.04;21.18
08/05/2028;104.61;6.31;18.78
2028-05;105.13;6.74;17.93
2028-05;100.59;5.91;15.85
2028-05;101.47;NA;20.5
2028-05;107.16;4.65;20.06
2028-05;107.45;6.66;19.08
14/05/2028;107.76;NA;16.62
2028-05;104.99;3.4;15.42
2028-05;105.79;6.66;14.74
2028-05;103.17;5.85;15.62
2028-05;109.54;5.92;22.01
2028-05;107.3;5.77;18.25
2028-05;103.02;5.91;21.42
   2028-05   ;106.42;5.4;20.58
2028-05;102.38;5.15;18.11
23/05/2028;109.86;3.21;15.31
2028-05;108.85;NA;17.42
2028-05;98.03;3.68;18.86
2028-05;107.73;4.65;18.88
   2028-05   ;116.01;NA;18.09
2028-05;110.06;4.08;18.07
29/05/2028;98.52;5.43;22.73
2028-05;101.78;4.76;18.76
2028-05;104.21;4.18;15.53
2028-06;106.02;5.38;16.65
2028-06;106.39;4.9;15.52
2028-06;104.07;4.73;21.59
2028-06;110.69;4.52;17.31
05/06/2028;103.12;3.46;20.92
2028-06;103.98;3.7;22.96
2028-06;113.1;6.28;16.5
2028-06;100.98;3.5;17.68
09/06/2028;108.2;5.59;17.11
2028-06;100.01;4.91;16.6
2028-06;105.98;4.09;18.62
12/06/2028;106.51;4.56;20.98
13/06/2028;101.08;5.09;15.22
14/06/2028;100.58;4.14;22.47
2028-06;101.92;5.82;16.97
2028-06;98.12;6.55;15.29
2028-06;98.8;6.07;18.66
2028-06;110.23;3.28;16.75
2028-06;105.53;4.65;14.61
   2028-06   ;104.58;3.83;14.64
2028-06;102.22;3.33;20.28
2028-06;104.69;5.51;15.91
2028-06;105.6;6.36;17.5
2028-06;101.37;5.81;18.42
   2028-06   ;102.08;4;22.67
2028-06;109.28;5.76;19.1
2028-06;109.85;5.37;16.73
2028-06;100.97;5.45;20.33
2028-06;101.91;4.98;22.28
2028-06;101.38;5.97;21.47
   2028-07   ;103.3;3.26;21.41
2028-07;102.83;5.63;16.34
2028-07;104.47;4.52;18.24
04/07/2028;102.44;6.45;18.46
05/07/2028;97.92;6.19;18.82
2028-07;100.02;5.67;20.56
07/07/2028;106.21;6.25;19.31
2028-07;102.78;6.79;22.32
   2028-07   ;107.28;6.11;18.27
10/07/2028;106.32;3.64;17.83
2028-07;104.15;5.59;19.92
2028-07;103.42;6.54;16.52
13/07/2028;106.85;5.16;22.18
14/07/2028;105.14;6.46;22.1
2028-07;104.09;5.82;15.62
2028-07;111.5;5.55;22.32
2028-07;102.05;5.22;22.29
2028-07;106.7;4.01;19.15
19/07/2028;107.13;6.37;18.17
2028-07;105.19;3.3;20.62
2028-07;102.89;6.17;18.45
2028-07;106.84;4.05;15.51
2028-07;109.66;4.51;17.14
24/07/2028;108.04;5.05;20.1
2028-07;109.72;3.62;16.65
2028-07;106.76;4.43;18.89
2028-07;105.28;5.8;20.65
2028-07;105.46;6.02;22.65
2028-07;102.75;5.24;19.4
2028-07;105.94;6.04;17.44
2028-07;106.58;4.18;21.73
2028-08;107.76;5.37;22.94
2028-08;103.88;6.18;18.09
2028-08;106.79;3.9;16.89
   2028-08   ;101.35;5.01;17.33
2028-08;104.17;3.51;16.38
   2028-08   ;103.1;3.94;21.12
2028-08;99.83;4.53;16.87
2028-08;103.62;5.38;15.93
2028-08;101.13;5.4;19.88
2028-08;103.88;6.69;20.19
2028-08;103.03;3.66;19.22
   2028-08   ;103.68;5.82;15
2028-08;103.3;5.77;19.07
14/08/2028;108.24;NA;14.61
2028-08;104.73;4.18;16.35
2028-08;103.36;3.5;22.25
2028-08;108.32;6.19;15.04
2028-08;97.21;5.42;17.6
   2028-08   ;103.1;6.4;22.46
2028-08;99.79;4.29;17.27
2028-08;102.92;3.6;22.18
22/08/2028;102.71;6.12;15.87
   2028-08   ;105.57;6.21;20.78
24/08/2028;107.17;4.8;22.8
2028-08;104.63;5.25;17.13
2028-08;105.49;5.7;17.97
2028-08;108.39;4.9;22.57
   2028-08   ;112.84;5.92;17.81
2028-08;99.84;4.51;19.02
2028-08;102.33;5.55;22.86
2028-08;106.78;3.4;19.35
2028-09;106.78;4.1;18.3
2028-09;105.55;3.78;22.03
2028-09;114.31;6.16;17.27
2028-09;102.41;4.35;21.97
05/09/2028;99.05;4.14;15.6
2028-09;101.77;4.05;19.52
2028-09;107.02;3.87;16.88
2028-09;101.7;4.99;15.88
2028-09;106.54;4.79;20.03
2028-09;106.77;3.6;21.59
2028-09;100.78;4.54;18.65
12/09/2028;98.85;4.62;22.06
13/09/2028;106.26;6.55;15.11
2028-09;101.95;6.05;17.04
2028-09;114.67;6.36;17.35
2028-09;103.81;5.69;18.22
2028-09;107.05;4.63;20.84
2028-09;109.64;6.44;19.54
   2028-09   ;99.27;3.27;16.11
2028-09;104.38;3.78;20.22
2028-09;99.27;4.55;14.56
2028-09;106.37;4.8;18.82
2028-09;107.39;3.61;17.08
   2028-09   ;111.38;3.62;17.1
2028-09;102.75;3.31;19.34
26/09/2028;103.33;5.82;16.18
2028-09;108.53;4.76;21.22
2028-09;108.22;5.76;20.87
2028-09;110.67;3.74;22.13
2028-09;120.16;4.06;18
   2028-10   ;102.55;5.35;15.19
2028-10;102.12;5.84;15.94
03/10/2028;106.94;3.72;22.69
2028-10;103.2;4.17;17.43
   2028-10   ;104.71;3.61;16.09
2028-10;109.05;6.68;15.19
2028-10;106.69;5.12;16.01
08/10/2028;99.28;6.33;20.33
2028-10;113.07;5.59;19.69
2028-10;107.48;4.69;16.42
2028-10;101.88;5.62;20.34
   2028-10   ;100;3.69;21.64
2028-10;102.33;6.28;22.35
2028-10;105.79;5.13;15.53
2028-10;102.71;4.03;18.07
16/10/2028;105.34;3.46;20.74
2028-10;105.06;6.18;14.91
2028-10;108.04;5.72;20.74
2028-10;110.5;NA;21.92
2028-10;106.14;6.18;21.87
21/10/2028;105.02;6.47;17.91
2028-10;96.48;3.9;21.71
2028-10;102.68;5.83;18.33
   2028-10   ;110.97;4.6;16.56
2028-10;103.24;4.92;18.62
26/10/2028;109.43;4.32;19.99
2028-10;109.65;5.78;22.69
2028-10;106.37;4.48;21.3
2028-10;103.26;5.68;15.49
30/10/2028;108.62;NA;22.21
31/10/2028;105.78;6.32;19.31
2028-11;111.3;5.04;16.8
02/11/2028;103.44;4.8;20.38
03/11/2028;108.66;4.05;18.89
2028-11;110.47;4.38;16.17
2028-11;100.49;3.47;21.11
2028-11;108.4;5.85;20.74
   2028-11   ;100.91;5.52;20.32
2028-11;107.7;5.78;15.93
2028-11;104.67;6.41;17.04
   2028-11   ;103.79;5.88;16.7
   2028-11   ;100.6;NA;18.31
2028-11;109.08;3.22;15.46
2028-11;102.33;3.56;20
2028-11;100.08;3.73;18.99
15/11/2028;104.95;5.44;19.52
2028-11;105.26;5.99;18.01
   2028-11   ;110.2;6.17;16.76
2028-11;109.39;6.17;18.3
19/11/2028;103.72;5.72;18.79
   2028-11   ;102.37;NA;17.4
   2028-11   ;107.52;6.65;20.98
2028-11;104.49;5.87;20.31
2028-11;103.58;3.93;21.13
2028-11;107.04;4.42;16.49
2028-11;108.93;5.33;21.43
26/11/2028;100.81;3.8;15.98
2028-11;99.19;6.79;21.88
2028-11;100.43;5.02;14.9
29/11/2028;101.24;5.43;16.27
30/11/2028;103.49;3.2;15.75
2028-12;105.93;6.37;20.81
2028-12;103.78;3.55;21.69
2028-12;105.75;3.48;16.91
04/12/2028;108.72;NA;20.2
2028-12;99.74;3.34;16.77
2028-12;103.95;3.8;20.75
2028-12;105.45;3.9;19.98
2028-12;97.35;6.53;16.78
2028-12;103.76;5.53;18.47
2028-12;108.12;5.17;16.59
2028-12;114.02;4.3;22.07
2028-12;109.78;6.58;18.9
2028-12;103.31;4.7;17.49
2028-12;104.66;6.73;16.99
   2028-12   ;104.41;5.59;19.27
16/12/2028;115.04;5.58;18.27
2028-12;103.02;4.75;14.75
18/12/2028;105.31;5.36;22.06
2028-12;106.9;3.22;20.04
2028-12;109.85;5.83;18.9
21/12/2028;103.96;4.84;15.25
2028-12;104.94;6.34;18.12
2028-12;107.05;NA;16.18
2028-12;101.92;4.31;19.19
2028-12;106.3;5.89;15.57
2028-12;101.85;3.64;21.96
27/12/2028;101.05;5.25;14.55
2028-12;100.92;3.75;18.02
2028-12;107.47;5.67;14.6
2028-12;107.63;4.09;18.48
   2028-12   ;105.02;5.59;17.67
2029-01;111.36;NA;17.78
2029-01;105.39;5.1;18.73
2029-01;101.38;4.56;22.18
04/01/2029;112.7;3.59;20.81
2029-01;107.09;3.92;21.11
   2029-01   ;106.82;6.21;15.19
2029-01;104.91;6.66;18.62
2029-01;100.39;NA;20.06
2029-01;109.59;4.28;20.74
2029-01;106.72;4.79;17.67
2029-01;106.89;4.18;22.86
2029-01;100.9;3.95;14.91
2029-01;108.78;3.22;15.67
14/01/2029;104.04;3.65;18.19
2029-01;99.23;3.98;22.53
16/01/2029;105.66;4.26;17.44
17/01/2029;102.24;4.28;15.06
2029-01;107.26;4.06;17.96
2029-01;103;4.63;17.15
2029-01;106.22;5.68;19.04
2029-01;111.63;5.6;14.63
2029-01;106.76;NA;20.97
2029-01;110.33;4.45;20.89
24/01/2029;98.1;4.64;20.97
2029-01;105.99;NA;22.23
2029-01;101.81;3.42;15.64
2029-01;105.06;4.97;14.84
2029-01;100.17;6.52;18.78
2029-01;111.43;5.46;16.41
2029-01;101.24;6.12;18.63
2029-01;109.53;5.48;15.19
   2029-02   ;106.7;6.48;21.46
2029-02;100.71;NA;19.07
2029-02;109.61;6.38;15.9
04/02/2029;104.8;6.31;20.99
2029-02;103.05;5.1;15.08
2029-02;98.95;6.65;16.7
2029-02;105.73;5.53;16.68
2029-02;109.42;4.35;18.58
2029-02;104.62;3.84;17.87
10/02/2029;104.54;4.68;17.53
2029-02;101.89;4.59;17.85
12/02/2029;104.08;3.23;18.77
2029-02;102.93;3.72;19.77
2029-02;104.85;6.07;19.27
15/02/2029;99.61;6.37;16.15
2029-02;94.67;4.88;21.49
17/02/2029;100.94;5.49;18.93
18/02/2029;101.44;6.15;14.72
2029-02;106.77;6.65;14.94
2029-02;103.44;5.73;20.54
2029-02;102.95;4.77;22.38
2029-02;115.25;6.35;14.77
2029-02;101.6;4.89;22.29
2029-02;107.56;3.67;22.24
2029-02;104.2;5.29;21.28
2029-02;106.02;5.42;19.58
   2029-02   ;108.05;3.4;21.71
2029-02;110.44;3.72;16.44
2029-03;100.43;4.11;19.14
   2029-03   ;109.4;6.27;16.95
2029-03;101.81;3.81;19.83
2029-03;108.87;6.37;20.58
2029-03;100.26;3.22;16.3
2029-03;98.22;5.9;16.04
2029-03;102.15;4.6;20.55
2029-03;109;4.26;16.1
2029-03;97.57;5.85;14.64
10/03/2029;104.5;5.72;15.79
11/03/2029;107.53;6.14;22.36
2029-03;104.66;5.4;15.52
2029-03;107.36;5.1;18.24
   2029-03   ;106.07;4.72;22.03
2029-03;104.88;4;21.12
2029-03;103.26;3.32;20.5
2029-03;106.01;6.01;20.02
2029-03;102.94;5.24;16.08
2029-03;110.21;6.39;20.34
2029-03;105.36;5.83;15.4
2029-03;106.33;3.94;14.86
2029-03;107.22;5.53;16.5
2029-03;104.94;6.79;20.85
2029-03;114.98;6.12;21.24
2029-03;109.09;6.59;22.18
2029-03;104.44;4.91;19.24
   2029-03   ;105.8;4.53;14.6
2029-03;104;5.58;16.32
2029-03;104.22;4.44;18.15
2029-03;99.34;6.65;22.87
2029-03;100.22;6.27;15.15
01/04/2029;108.61;4.81;16.01
2029-04;104.33;4.85;14.96
   2029-04   ;113.45;6.44;17.94
2029-04;113.19;NA;18.87
2029-04;98.02;5.33;16.35
2029-04;100.18;5.28;14.63
2029-04;108.08;5.05;15.84
2029-04;100.88;4.27;14.79
2029-04;109.39;NA;15.04
2029-04;102.49;3.49;18.96
2029-04;101.3;5.68;19.77
2029-04;98.2;5.63;14.68
2029-04;107.9;5.82;22.1
2029-04;104.36;5.3;17.01
2029-04;105.65;5.2;22.92
16/04/2029;111.25;5.59;17.74
2029-04;98.51;6.65;19.57
2029-04;98.64;6.44;22.11
2029-04;110.18;4.15;20.61
2029-04;104.06;3.45;19.81
2029-04;101.14;3.56;21.77
2029-04;103.36;5.71;18.21
2029-04;105.7;3.76;20.77
2029-04;104.38;4.88;22.11
2029-04;107.48;5.73;15.56
2029-04;99.81;5.55;19
27/04/2029;100.47;4.4;15.14
28/04/2029;105.93;6.77;15.03
2029-04;107.76;3.81;20.14
2029-04;112.42;4.71;17.56
2029-05;104.1;5.57;14.58
2029-05;101.88;3.56;20.24
2029-05;107.02;6.26;22.92
2029-05;105.21;4.54;14.53
05/05/2029;108.45;6.78;21.84
2029-05;103.18;6.06;21.53
2029-05;105.99;4.37;17.14
2029-05;105.74;3.88;20.55
   2029-05   ;101.39;6.14;22.01
2029-05;109.3;4.3;21.32
11/05/2029;103.74;4.45;17.96
2029-05;108.26;4.7;18.69
2029-05;112.86;3.46;20.96
14/05/2029;98.34;4.72;21.59
2029-05;105.6;4.52;18.86
2029-05;99.29;5.76;21.65
   2029-05   ;113.98;5.97;15.45
2029-05;104.85;6.16;21.33
2029-05;107.97;4.27;17.93
2029-05;109.86;4.57;21.18
2029-05;107.79;6.36;22.58
2029-05;110.22;4.58;16.63
2029-05;103.08;5.83;17.93
24/05/2029;105.62;3.98;22.71
   2029-05   ;100.31;NA;21.73
26/05/2029;107.62;NA;21.5
2029-05;107.28;5.1;19.82
2029-05;106.35;5.6;19.26
2029-05;107.11;6.74;17.18
2029-05;107.53;NA;20.24
2029-05;102.66;4.21;21.75
   2029-06   ;110.12;6.49;21.91
2029-06;103.48;4.77;14.76
2029-06;106.56;5.99;20.67
2029-06;108.46;5.64;21.01
2029-06;96.37;4.84;16.95
2029-06;100.6;3.62;19.15
07/06/2029;105.28;5.93;15.69
2029-06;105.05;5.87;16.21
2029-06;101.29;6.49;21.51
2029-06;112.44;3.57;18.7
   2029-06   ;108.06;5.4;22.75
12/06/2029;96.77;4.37;20.93
2029-06;104.28;6.1;16.22
   2029-06   ;103.96;5.58;21
2029-06;100.54;5.44;17.76
2029-06;101.71;3.66;18
2029-06;107.26;6.28;18.49
2029-06;105.69;5.44;14.58
2029-06;104.84;4.1;16.94
2029-06;106.86;6.2;16.76
21/06/2029;107.75;4.68;19.87
22/06/2029;100.4;3.77;21.38
   2029-06   ;102.22;5.65;15.91
24/06/2029;104.99;4.24;19.37
25/06/2029;100.72;5.81;20.7
   2029-06   ;110.17;5.19;20.92
2029-06;101.59;6.08;16.12
   2029-06   ;101.76;3.26;19.24
2029-06;102.78;4.89;18.01
2029-06;105.99;NA;19.79
2029-07;107.39;6.44;20.17
2029-07;97.78;4.15;22.67
2029-07;115.32;5.92;20.09
2029-07;112.03;3.34;21.04
2029-07;99.98;6.43;20.54
2029-07;110.67;6;22.66
07/07/2029;102.59;3.48;20
2029-07;103.56;5.59;16.71
   2029-07   ;105.52;4.14;21.78
2029-07;103.04;6.46;19.3
2029-07;105.63;6.27;15.89
2029-07;102.9;4.67;17.95
   2029-07   ;107.55;5.18;18.05
2029-07;107.6;5.36;15.02
2029-07;104.22;NA;18.08
2029-07;108.84;3.41;21
2029-07;111.58;5.83;22.62
2029-07;104.96;6.64;16.77
19/07/2029;97.29;5.59;14.84
2029-07;98.45;3.83;20.26
2029-07;104.14;5.89;20.45
2029-07;102.12;5.38;16.9
2029-07;103.4;3.91;18.16
2029-07;105.12;5.11;16.29
2029-07;100.7;6.61;14.91
2029-07;107.63;5.25;15.82
2029-07;103.27;6.43;17.28
2029-07;107.32;4.58;21.2
2029-07;103.31;5.45;18.57
   2029-07   ;103.94;6.73;19.43
31/07/2029;94.99;4.53;20.24
   2029-08   ;106.58;4.79;14.8
   2029-08   ;100.86;5.2;19.92
2029-08;107.63;5.23;17.78
2029-08;108.02;6.49;18.87
2029-08;105.39;5.81;18.2
2029-08;102.31;4.92;21.27
2029-08;101.54;NA;19.26
08/08/2029;107.65;6.26;17.19
2029-08;102.65;6.63;21.9
2029-08;104.04;5.13;20.53
2029-08;108.44;3.92;22.26
   2029-08   ;106.7;5.64;22.39
2029-08;104.8;NA;15.99
2029-08;102.63;5.67;21.86
2029-08;98.88;6.68;21.54
2029-08;108.04;4.44;19.22
2029-08;102.75;3.74;15.49
   2029-08   ;105.15;3.83;19.39
2029-08;101.73;4.5;15.62
2029-08;102.68;4.75;18.71
2029-08;106.25;5.47;19.55
2029-08;104.57;6.1;19.16
2029-08;104.3;5.89;18.32
2029-08;110.06;5.97;20.16
2029-08;109.56;4.1;19.02
2029-08;102.44;5.98;19.48
2029-08;108.2;3.62;18.94
2029-08;105.99;4.81;19.58
2029-08;105.62;4.34;20.31
   2029-08   ;109.99;4.51;21.59
2029-08;99.79;6.4;21.85
2029-09;113.4;4.9;22.51
2029-09;109.41;6.26;22.38
2029-09;102.26;3.24;22.62
2029-09;105.5;3.89;20.25
2029-09;106.97;5.51;20.22
   2029-09   ;102.06;4.02;16.38
   2029-09   ;104.07;5.74;14.52
08/09/2029;98.04;4.55;16.27
2029-09;103.33;6.24;20.21
2029-09;110.82;6.15;22.31
2029-09;105.3;4.53;14.97
2029-09;97.41;6.74;17.49
13/09/2029;110.14;3.75;17.08
2029-09;102.02;3.75;19.09
15/09/2029;102.92;5.88;19.19
2029-09;115.48;5.52;18.08
2029-09;105.68;4.29;19.66
2029-09;101.13;4.95;17.49
2029-09;102.75;6.13;22.62
2029-09;104.58;6.58;15.73
2029-09;108.2;6.22;21.79
2029-09;103.06;3.96;15.71
2029-09;109.13;4.98;18.13
2029-09;108.11;6.02;22.3
2029-09;100.98;3.7;19.67
2029-09;97.93;6.72;22.33
2029-09;105.5;NA;21.54
2029-09;101.1;5.56;19.46
2029-09;108.34;3.67;17.34
30/09/2029;107.16;5.01;16.35
2029-10;105.62;6.73;22.22
2029-10;109.31;4.64;17.39
03/10/2029;100.44;NA;15.54
04/10/2029;110.19;5.72;15.27
2029-10;113.64;3.75;17.84
2029-10;100.97;3.94;20.69
2029-10;97.76;4.69;16.73
2029-10;105;4.3;19.61
09/10/2029;102.01;3.41;21.86
2029-10;114.14;5.97;16.61
2029-10;102.11;4.93;18.85
2029-10;111.02;4.35;19.7
2029-10;100.52;5.52;21.72
2029-10;106.04;5.12;14.67
2029-10;106.12;6.4;16.98
2029-10;107.15;3.98;17.85
2029-10;104.32;5.18;18.15
2029-10;100.85;5.82;17.92
2029-10;108.71;5.69;16.86
2029-10;102.71;5.36;17.57
2029-10;108.02;6;22.92
   2029-10   ;97.9;5.05;16.75
2029-10;109.94;6.1;16.1
2029-10;107.44;4.66;19.08
2029-10;112.44;3.28;18.43
   2029-10   ;102.16;4.05;15.57
   2029-10   ;102.37;6.08;18.34
2029-10;106.01;5.41;20.94
2029-10;104.93;6.25;21.2
2029-10;110.6;5.53;20.14
   2029-10   ;107.73;4.52;21.79
2029-11;105.8;3.93;21.84
02/11/2029;106.22;5.65;17.17
2029-11;104.25;5.05;15.39
2029-11;101.47;5.14;16.06
2029-11;105.73;6.07;17.69
06/11/2029;106.77;5.93;21.81
2029-11;102.99;5.66;17.87
2029-11;101.71;4.89;14.63
2029-11;106.35;5.35;15.06
2029-11;106.63;NA;16.12
2029-11;97.92;4.35;17.24
   2029-11   ;101.38;3.87;17.93
2029-11;104.99;4.68;15.67
   2029-11   ;105.22;6.24;20.89
2029-11;105.07;4.65;18.29
2029-11;106.41;6.69;16.91
2029-11;106.39;4.13;17.4
2029-11;108.22;3.2;20.78
   2029-11   ;106.41;5.48;18.83
2029-11;106.21;5.66;17.8
2029-11;111.16;6.28;16.83
2029-11;107.86;6.78;17.11
2029-11;107.84;5.12;15.4
   2029-11   ;109.2;4.14;16.65
2029-11;107.37;4.28;20.71
26/11/2029;103.84;5.66;22.55
2029-11;107.64;3.61;21.76
2029-11;102.29;4.12;22.05
2029-11;111.66;4.68;14.86
2029-11;105.97;6.79;18.12
01/12/2029;103.16;4.67;21.94
2029-12;108.04;4.04;19.89
2029-12;103.04;3.64;18.46
04/12/2029;111.44;5.82;21.75
2029-12;106.08;5.08;17.49
06/12/2029;102.58;6.27;16.4
2029-12;106.16;4.29;21.11
   2029-12   ;107.42;4.75;15.99
09/12/2029;104.82;6.09;19.99
   2029-12   ;101.65;3.57;18.76
11/12/2029;103.44;NA;17.47
2029-12;98.54;4.31;22.1
13/12/2029;104.99;6.02;16.5
2029-12;96.86;6.04;19.62
2029-12;109.97;5.14;22.57
2029-12;98.57;4.06;20.7
2029-12;101.66;5.05;16.41
2029-12;101.87;3.65;21.45
2029-12;101.72;3.47;17.62
   2029-12   ;116.55;6.66;14.76
2029-12;104.18;3.76;14.52
   2029-12   ;108.92;6.07;16.09
2029-12;105.24;6.09;21.13
24/12/2029;99.86;3.21;16.94
2029-12;107.51;3.25;19.69
26/12/2029;102.45;4.1;18.11
2029-12;101.07;4.78;22.16
   2029-12   ;99;3.24;17.11
2029-12;106.18;4.2;17.43
2029-12;104.25;6.13;16.53
2029-12;101.33;6.7;17.25
2030-01;104.19;3.57;18.01
2030-01;111.03;4.53;18.4
2030-01;107.92;6.33;17.95
2030-01;109.82;4.83;18.88
2030-01;110.2;5.33;17.41
06/01/2030;98.27;5.49;20.15
2030-01;104.05;6.53;20.61
2030-01;101.41;6.69;19.56
2030-01;109.16;5.35;18.71
2030-01;101.04;3.53;15.17
2030-01;106.71;4.52;17.75
2030-01;103.24;5.25;17.87
2030-01;108.62;5.02;17.25
2030-01;102.93;4.02;21.95
2030-01;102.48;5.89;18.39
2030-01;109.37;5.76;15.95
17/01/2030;105.2;NA;20.58
2030-01;102.23;4.81;19.36
2030-01;108.35;5.4;22.2
2030-01;103.1;3.63;21.56
2030-01;107.27;4.24;20.73
2030-01;103.79;3.8;20.26
2030-01;107.28;6.1;19.03
2030-01;105.06;6.41;21.01
2030-01;109.22;5.71;22.22
   2030-01   ;103.92;3.35;21.77
2030-01;106.33;6.27;15.16
   2030-01   ;101.55;4.51;16.95
29/01/2030;110.39;4.14;17.15
2030-01;101.12;6.34;22.06
2030-01;110.96;3.27;21.84
   2030-02   ;101.01;3.29;19.05
   2030-02   ;104.01;6.44;14.88
2030-02;101.16;6.12;17.18
2030-02;109.95;5.66;21.41
2030-02;106.22;5.42;18.96
2030-02;97.4;3.37;16.1
07/02/2030;109.21;5.48;18.98
08/02/2030;98.95;5.88;18.72
2030-02;100.04;4.13;19.97
   2030-02   ;113.17;3.69;16.27
2030-02;104.57;3.54;15.91
2030-02;103.05;5.21;16.28
13/02/2030;107.59;4.57;15.41
2030-02;93.53;4.76;17.65
2030-02;107.59;3.87;15.09
2030-02;102.81;6.19;15.58
2030-02;105.34;3.65;15.68
2030-02;107.41;3.35;18.11
2030-02;107.32;6.22;17.7
2030-02;99.34;5.86;21.33
2030-02;110.46;5.89;16.22
2030-02;104.52;4.21;15.58
23/02/2030;109.29;6.79;22.33
2030-02;111.08;4.43;15.84
2030-02;104.83;4.62;15.87
2030-02;105.21;5.05;16.2
2030-02;106.64;6.25;14.67
2030-02;107.91;4.36;18.93
2030-03;107.2;5.39;20.88
2030-03;107.96;4.72;19.32
2030-03;103.43;4.52;14.8
2030-03;104.83;4.15;18.32
2030-03;108.8;6.45;17.07
2030-03;107.73;5.12;17.78
07/03/2030;99.6;4.31;17.85
2030-03;109.74;5.52;15.27
2030-03;107.15;5.05;20.85
   2030-03   ;103.84;4.92;19.91
2030-03;106.24;NA;14.73
12/03/2030;104.98;5.29;21.79
2030-03;104.19;3.8;14.68
2030-03;102.77;3.42;14.83
2030-03;104.17;4.68;21.04
16/03/2030;103.82;3.73;16.07
2030-03;102.99;3.95;16.13
2030-03;107.62;NA;14.96
2030-03;102.9;6.31;17.76
2030-03;114.08;4.16;20.87
   2030-03   ;102.27;5.81;16.72
22/03/2030;105.74;6.7;21.15
2030-03;104.73;3.98;21.7
2030-03;108.73;3.71;15.6
2030-03;97.69;6.19;16.42
26/03/2030;107.94;5.25;18.9
27/03/2030;103.56;5.34;15.49
2030-03;101.81;6.72;17.49
   2030-03   ;107.71;4.09;20.81
2030-03;107.25;5.21;15.41
   2030-03   ;108.58;5.49;18.65
2030-04;103.79;6.34;21.04
2030-04;102.09;4.9;16.93
2030-04;107.27;NA;15.48
2030-04;101.72;4.31;20.03
2030-04;108.83;3.85;14.55
2030-04;105.43;4.21;15.2
   2030-04   ;100.83;5.41;16.61
2030-04;104.45;4.43;18.29
   2030-04   ;108.29;5.81;14.54
2030-04;106.9;5.66;16.44
2030-04;103.49;3.69;17.34
2030-04;105.54;3.22;19.8
2030-04;106.14;5.76;20.15
2030-04;103.69;6.4;15.41
2030-04;105.92;5.95;18.72
2030-04;109.72;NA;16.85
2030-04;105.54;5.25;15.18
18/04/2030;106.61;5.04;20.85
2030-04;107.7;4.4;18.23
2030-04;99.05;3.3;19.7
2030-04;106.41;5.51;16.34
2030-04;110.33;3.39;15.76
23/04/2030;108.59;5.39;22.02
2030-04;105.05;4.32;17.81
2030-04;101.63;4.51;21.14
2030-04;104.96;5.02;17.51
2030-04;101.65;6.49;17.53
2030-04;105.2;4.76;16.79
   2030-04   ;104.19;3.57;21.76
2030-04;103.59;3.54;18.53
2030-05;107.54;3.39;22.37
2030-05;103.76;3.25;22.54
2030-05;109.08;4;16.92
2030-05;102.98;5.19;15.02
05/05/2030;104.23;4.85;19.17
   2030-05   ;106.89;6.44;16.5
2030-05;104.34;4.55;18.71
2030-05;104.61;4.7;15.77
2030-05;102.74;5.43;22.27
10/05/2030;111.01;4.99;20.57
2030-05;103.67;4.44;21.24
12/05/2030;99.75;6.54;18.72
2030-05;106.61;6.02;17.21
2030-05;104.5;3.59;14.65
   2030-05   ;103.91;6.59;18.43
2030-05;108.57;3.22;19.92
   2030-05   ;107.18;6.34;20.23
2030-05;98.61;4.63;22.29
   2030-05   ;106.29;4.21;16.86
2030-05;109.95;6.47;20.6
21/05/2030;111.63;3.51;16.6
22/05/2030;98.32;4.99;21.18
23/05/2030;98.48;4.62;15.8
2030-05;104.51;6.23;14.88
2030-05;103.22;3.65;15.78
2030-05;112.31;6.02;19.8
27/05/2030;102.25;4.03;22.92
   2030-05   ;99.85;5.58;22.55
2030-05;103.32;4.3;15.77
2030-05;102.66;4.39;16.8
2030-05;108.59;3.47;22.07
01/06/2030;112.32;6.03;16.55
02/06/2030;104.58;4.68;16.15
2030-06;106.93;4.67;15.07
2030-06;106.23;4.06;17.57
2030-06;103.15;4.06;15.33
2030-06;112.91;6.56;14.85
2030-06;103.91;5.21;19.11
08/06/2030;97.64;4.89;15.54
2030-06;108.79;6.49;15.91
2030-06;107.18;5.63;22.86
2030-06;96.7;6.26;19.46
2030-06;107.4;5.17;18.64
2030-06;100.41;5.57;19.71
2030-06;105.37;3.51;16.41
   2030-06   ;110.09;4.79;20.9
2030-06;109.12;5.07;16.03
2030-06;104.27;6.28;17.15
   2030-06   ;101.94;6.73;16.13
2030-06;106.84;5.08;20.81
   2030-06   ;113.7;6.26;21.28
21/06/2030;102.84;5.34;16.17
2030-06;106.96;6.14;18.11
23/06/2030;106.88;5.15;21.16
2030-06;109.99;6.38;22.8
2030-06;108.28;6.43;16.96
2030-06;94.95;4.17;15.23
2030-06;103.57;3.78;15.27
28/06/2030;99.36;6.69;21.99
2030-06;101.61;NA;20.67
2030-06;99.81;4.66;16.93
2030-07;109.45;4;17.77
2030-07;106.86;6.73;22.15
2030-07;107.97;5.19;22.18
2030-07;108.4;6.33;17.14
2030-07;105.18;4.62;16.46
2030-07;101.38;5.68;20.37
2030-07;104.5;6.69;20
2030-07;106.95;4.01;16.39
2030-07;111.05;3.46;15.81
2030-07;105.54;5.8;19.58
2030-07;100.47;5.78;18.03
2030-07;99.5;6.43;15.89
2030-07;102.21;6.38;16
2030-07;104.11;4.25;22.03
2030-07;100.15;6.08;22.09
2030-07;105.99;3.99;21.61
17/07/2030;97.49;3.92;19.86
18/07/2030;101.69;5.85;19.51
19/07/2030;99.9;4.25;22.82
2030-07;102.8;5.04;18.04
21/07/2030;99.6;5.02;21.37
2030-07;102.17;4.17;15.49
2030-07;109.97;5.57;16.38
2030-07;105.89;6.11;19.72
25/07/2030;105.75;5.28;16.83
2030-07;110.35;5.49;21.98
2030-07;103.66;NA;18.45
2030-07;109.32;4.65;22.44
2030-07;111.17;4.36;16.08
   2030-07   ;104.7;5.62;15
2030-07;104.83;4.08;16.75
2030-08;101.97;5.22;17.37
2030-08;103.89;3.54;17.07
2030-08;106.53;6.67;19
2030-08;105.85;5.46;19.8
   2030-08   ;104.51;6.75;21.18
2030-08;105.8;3.79;17.34
2030-08;106.83;5.43;18.06
2030-08;101.05;4.67;21.64
2030-08;105.08;3.98;18.62
2030-08;110.05;3.25;22.79
11/08/2030;99.22;5.03;22.26
2030-08;104.17;4.92;17.89
2030-08;101.73;5.38;14.51
   2030-08   ;112.07;4.93;19.09
2030-08;102.47;3.34;18.01
2030-08;107.12;5;19.58
2030-08;103.01;4.65;22.52
2030-08;103.45;NA;21.7
2030-08;106.1;6.02;18.55
20/08/2030;102.67;5.26;14.69
2030-08;102.24;5.51;21.8
2030-08;101.04;6.58;21.9
   2030-08   ;106.05;5.58;15.82
2030-08;107.52;4.66;17.02
2030-08;102.95;3.6;22.86
2030-08;108.15;6.71;17.22
2030-08;99.17;NA;17.5
2030-08;110.59;6.62;16.05
2030-08;97.52;6.5;20.97
2030-08;103.47;5.17;19.54
2030-08;106.54;4.91;15.64
2030-09;114.47;3.38;15.66
2030-09;106.93;4.17;22.07
2030-09;103.72;5.59;20.08
2030-09;105.94;6.12;17.93
2030-09;98.45;3.34;21.86
2030-09;110.68;5.94;21.2
2030-09;104.5;5.75;17.74
2030-09;103.89;6.33;22.39
2030-09;101.38;6.07;22.97
2030-09;99.59;4.15;18.98
2030-09;97.59;5.88;22.18
2030-09;97.52;4.35;18.55
2030-09;100.61;3.22;18.09
2030-09;107.9;6.53;17.82
15/09/2030;106.9;NA;20.35
2030-09;102.69;3.77;15.89
2030-09;114;3.46;22.14
2030-09;110.79;5.36;20.4
   2030-09   ;103.93;4.26;18.03
2030-09;100.37;6.29;18.41
   2030-09   ;105.17;3.5;15.09
2030-09;100.67;5.46;19.39
   2030-09   ;101.79;3.82;15.13
24/09/2030;111.32;4.24;19.83
2030-09;105.94;6.15;16.28
2030-09;109.29;5.62;20.96
   2030-09   ;101.23;6.6;21.44
   2030-09   ;103.66;6.22;19.74
29/09/2030;108.83;6.62;22.6
2030-09;106.78;5.26;19.69
2030-10;109.27;5.86;20.93
2030-10;97.06;4.84;22.88
2030-10;100.9;5.98;15.65
2030-10;101.02;3.33;22.53
2030-10;105.76;5.95;16.36
2030-10;109.74;6.34;21.59
2030-10;106.11;4.35;20.2
2030-10;103.63;3.93;21.47
   2030-10   ;104.68;4.5;22.11
2030-10;113.74;5.23;22.03
2030-10;107.38;5.13;22.55
2030-10;104.93;4.82;18.64
   2030-10   ;105.72;6.56;22.65
2030-10;107.11;5.91;17.89
2030-10;104.85;3.48;14.96
16/10/2030;110.26;3.95;22.34
2030-10;104.23;3.25;21.13
   2030-10   ;107.13;5.13;22.19
   2030-10   ;110.61;4.96;18.84
2030-10;105.15;5.06;23
2030-10;103.74;3.92;21.02
2030-10;107.32;6.15;15.71
2030-10;106.15;3.25;16.6
2030-10;104.62;6.42;21.18
2030-10;111;NA;17.36
2030-10;107.24;5.9;20.5
2030-10;105.93;5.33;20.4
28/10/2030;108.75;3.41;20.73
29/10/2030;105.53;4.74;21.12
2030-10;107.44;3.87;20.21
2030-10;102.67;4.3;22.51
2030-11;113.08;4.37;21.64
2030-11;99.12;6.49;20.12
2030-11;103.49;6.61;21.56
2030-11;103.32;5.2;22.44
2030-11;104.69;5.78;21.97
2030-11;98.91;5.85;21.01
2030-11;109.55;4.71;14.82
2030-11;105.11;4.94;16.59
2030-11;106.14;4.04;19.24
2030-11;101.09;6.52;18.31
2030-11;107.12;5.4;22.34
2030-11;107.41;6.76;18.69
2030-11;99.53;6.1;23
2030-11;103.22;5.6;22.74
2030-11;108.26;NA;20.85
16/11/2030;100.91;3.52;15.54
2030-11;106.92;5.99;21.74
2030-11;103.62;6.78;22.86
   2030-11   ;104.73;3.48;18.75
2030-11;107.97;5.31;21.75
2030-11;108.12;5.46;16.32
22/11/2030;98.12;4.8;16.25
2030-11;106.16;5.01;15.96
2030-11;106.45;4.94;22.31
2030-11;106.52;5.92;16.57
   2030-11   ;102.16;NA;21.11
2030-11;104.59;3.9;15.88
2030-11;101.29;5.32;15.99
29/11/2030;108.51;6.02;16.26
2030-11;93.8;4.21;19.63
2030-12;113.1;5.08;21.89
2030-12;96.55;4.39;17.39
2030-12;104.23;5.87;21.99
2030-12;101.01;6.16;14.93
05/12/2030;105.06;3.82;19.08
2030-12;100.92;5.04;21.34
2030-12;103.69;5.86;17.03
2030-12;112.95;4.3;21.68
2030-12;105.08;4.17;21.23
2030-12;105.88;6.3;15.5
2030-12;104.58;6.11;21.26
2030-12;106.91;3.58;15.19
2030-12;100.54;5.57;19.23
14/12/2030;102.31;4.71;18.46
2030-12;99.66;5.81;20.8
2030-12;105.99;4.53;14.94
2030-12;102.47;6.7;15.07
2030-12;110.14;5.7;22.93
2030-12;103.87;NA;19.14
2030-12;103.71;6.41;16.85
2030-12;102.86;6.01;20.59
2030-12;108.06;5.79;20.88
2030-12;106.53;5.22;21.18
   2030-12   ;104.56;4.66;22.49
25/12/2030;101.51;5.99;21.86
   2030-12   ;101.6;5.83;15.08
27/12/2030;107.38;3.96;17.49
28/12/2030;107.88;6.62;21.26
2030-12;119.11;6.25;18.98
2030-12;103.95;3.8;18.02
2030-12;100.14;5.71;21.74
2031-01;104.28;5.24;16.66
2031-01;102.38;6.09;17.55
03/01/2031;100.05;3.4;19.83
2031-01;103.41;4.73;17.91
2031-01;101.47;5.31;21.59
2031-01;98.77;4.86;15.41
2031-01;112.85;4.8;22.5
08/01/2031;104.36;5.53;14.71
2031-01;103;4.52;21.84
2031-01;104.98;5.94;19.04
2031-01;106.04;4.56;22.07
2031-01;106.75;4.23;17.9
2031-01;105.02;4.73;17.53
2031-01;109.15;5.97;18.94
2031-01;103.58;3.38;16.28
16/01/2031;107.34;3.68;18.45
2031-01;101.01;4.97;15.42
2031-01;100.09;6.1;15.86
19/01/2031;105.16;6.54;16.44
2031-01;110.26;4.44;21.26
21/01/2031;107.48;6.32;21.22
2031-01;109.94;5.52;16.67
2031-01;98.76;6.52;19.4
2031-01;101.65;3.63;21.47
2031-01;111.21;NA;16.22
2031-01;106.28;5.67;21.79
2031-01;106.19;6.74;17.44
   2031-01   ;104.38;4.34;21.68
2031-01;104.55;5.71;15.57
2031-01;104.48;5.77;17.15
2031-01;107.02;4.34;21.28
2031-02;104.24;3.95;15.16
2031-02;106.19;3.86;18.41
2031-02;104.97;3.92;16.15
2031-02;112.69;3.22;17.95
2031-02;98.18;4.45;17.81
2031-02;111.69;6.04;19.26
2031-02;109.72;3.69;21.7
2031-02;107.83;4.57;18.56
2031-02;101.52;4.74;17.45
2031-02;107.14;4.91;17.08
2031-02;109.49;5.98;16.89
   2031-02   ;107.72;4.93;17.2
2031-02;102.64;3.48;16.41
14/02/2031;98.02;3.53;17.01
2031-02;109.91;5.43;15.37
2031-02;103.6;5.77;15.58
2031-02;99.33;3.55;22.05
2031-02;104.95;5.36;14.98
2031-02;102.81;5.99;21.6
2031-02;108.53;NA;14.67
2031-02;104.76;4.74;15.79
2031-02;109.19;3.83;15.96
2031-02;108.79;3.71;21.44
24/02/2031;109.98;3.54;17.79
2031-02;98.59;5.83;20.5
2031-02;102.03;5.45;17.21
2031-02;105.28;6.52;16.07
2031-02;122.78;NA;19.36
01/03/2031;103.38;5.47;22.03
2031-03;109.67;4.54;20.31
2031-03;108.14;4.92;18.91
   2031-03   ;106.79;4.17;16.31
2031-03;108.46;6.37;19.27
2031-03;101;6.02;16.49
2031-03;107.01;3.84;22.43
   2031-03   ;96.14;4.94;15.25
09/03/2031;103.69;5.21;15.11
10/03/2031;103.01;5.93;22.11
11/03/2031;94.09;5.94;19.96
2031-03;100.33;5.62;22.02
2031-03;108.25;NA;20.18
   2031-03   ;103.74;4.02;22.56
2031-03;107;4.66;20.64
2031-03;111.33;5.99;17.38
2031-03;109.35;3.98;16.22
18/03/2031;106.47;3.78;16.61
19/03/2031;105.78;3.95;19.74
2031-03;109.06;5.88;15.56
2031-03;110.73;6.74;16.04
22/03/2031;106.21;3.54;21.72
23/03/2031;102.9;3.56;18.5
   2031-03   ;108.61;4.67;19.87
2031-03;104.42;3.31;19.18
2031-03;109.42;3.73;18.31
2031-03;101.9;5.15;16.88
2031-03;101.37;6.44;15.03
2031-03;99.31;6.65;21.38
2031-03;105.47;4.9;16.21
   2031-03   ;104.97;3.43;21.25
2031-04;99.26;4.69;20.97
   2031-04   ;110.15;5.41;20.34
2031-04;100.18;5.47;18.59
2031-04;101.62;5.81;20.27
2031-04;101.5;3.77;19.3
2031-04;107.86;4.97;21.52
2031-04;115.2;6.27;19.55
   2031-04   ;106.92;4.12;15.29
2031-04;104.79;6.05;22.06
2031-04;108.57;4.32;19.78
2031-04;101.66;5.41;16.95
2031-04;110.61;3.37;20.18
2031-04;108.24;4.93;15.79
2031-04;108.88;4.56;19.01
   2031-04   ;108.84;5.96;22.55
2031-04;109.95;3.36;21.46
2031-04;100.17;4.39;21.18
2031-04;106.78;5.99;22.32
2031-04;104.82;4.55;19.86
   2031-04   ;103.95;3.66;15.44
2031-04;105.02;3.71;16.98
2031-04;106.85;NA;14.67
2031-04;105.41;3.52;15.41
2031-04;105.02;6.77;21.15
2031-04;101.86;6.35;21.69
2031-04;105.12;6.17;17.47
27/04/2031;104.1;4.15;19.01
2031-04;109.27;6.4;16.43
2031-04;106.27;5;19.48
2031-04;116.68;3.46;22.53
   2031-05   ;109.21;3.77;18.51
02/05/2031;103.52;5.33;21.66
2031-05;106.39;5.94;15.8
2031-05;109.95;3.73;18.46
2031-05;109.77;5.73;18.08
2031-05;99.02;5.09;19.82
   2031-05   ;107.17;4.34;20.6
08/05/2031;108.6;6.8;20.9
09/05/2031;104.78;3.35;20.11
2031-05;111.02;4.21;16.34
11/05/2031;109.93;5.71;15.34
2031-05;111.08;5.21;22.96
2031-05;100.8;5.46;15.28
2031-05;108.19;3.86;16.43
2031-05;104.5;5.15;19.01
2031-05;108.69;4.64;15.15
   2031-05   ;99.64;3.49;17.34
2031-05;105.29;4.42;17.87
2031-05;111.89;3.4;20.99
2031-05;107;6.6;18.2
2031-05;113.92;6.33;14.96
2031-05;102.79;3.26;19.67
2031-05;106.61;4.42;20.88
2031-05;96.72;4.45;17.27
25/05/2031;102.5;6.45;15.01
2031-05;99.91;5.61;19.53
2031-05;110.99;4.88;18.22
2031-05;102.45;5.92;19.82
29/05/2031;103.3;5.23;20.49
2031-05;108.99;3.34;22.9
31/05/2031;105;6.07;17.82
2031-06;101.21;5.07;18.67
02/06/2031;106.3;5.6;16.25
2031-06;108.99;5.81;21.31
2031-06;102.51;4.75;22.11
   2031-06   ;95.39;3.9;14.77
2031-06;96.1;5.82;16.47
   2031-06   ;110.54;3.89;20.96
   2031-06   ;107.93;6.18;20.49
2031-06;106.08;5.74;14.9
2031-06;110.87;3.5;21.83
2031-06;106.92;NA;22.37
12/06/2031;105.25;6.31;21.3
13/06/2031;111.84;4.54;19.13
14/06/2031;103.44;6.26;22.06
15/06/2031;100.72;5.78;17.26
16/06/2031;105.06;6.25;22.9
2031-06;104.47;5.71;21.4
2031-06;111.06;6.41;19.41
2031-06;103.01;5.25;17.22
   2031-06   ;108.14;5.2;16.75
2031-06;97.01;5.94;21.4
2031-06;109.8;4.82;18.12
2031-06;107.28;6.49;18.54
2031-06;106.05;3.67;19.52
2031-06;98.11;6.12;22.39
2031-06;114.42;3.56;21.44
27/06/2031;113.06;3.48;17.68
2031-06;111.16;6.61;19.36
2031-06;104.28;3.36;16.65
2031-06;104.1;5.93;15.98
2031-07;100.89;5.63;20.86
2031-07;108.23;5.1;19.24
2031-07;110.89;6.57;15.95
2031-07;104.71;5.21;20.23
   2031-07   ;114.48;6.34;17.6
2031-07;99.38;5.9;17.44
2031-07;112.27;5.58;18.71
08/07/2031;110.11;4.99;20.16
2031-07;97.42;3.34;20.93
10/07/2031;96.93;6.21;21.52
11/07/2031;99.78;6.47;22
2031-07;115.01;6.15;20.99
2031-07;100.73;5.02;18.73
2031-07;108.91;5.04;19.38
2031-07;102.38;3.59;16.89
2031-07;101.06;5.16;22.83
   2031-07   ;98.85;6.34;19.81
2031-07;102.01;3.36;22.7
19/07/2031;107.44;6.44;17.26
2031-07;101.2;3.93;19.38
2031-07;102.8;5.38;15
2031-07;106.74;3.82;18.98
2031-07;106.41;3.98;18.35
2031-07;101.72;3.2;21.21
2031-07;105.91;3.67;20.82
26/07/2031;103.69;3.35;19.5
2031-07;106.53;4.38;17.4
2031-07;105.69;6.3;18.9
2031-07;103.41;4.43;19.33
2031-07;101.77;4.99;17.1
2031-07;103.23;4.45;16.28
2031-08;100.41;4.25;20.45
   2031-08   ;109.64;6.52;22
2031-08;103.35;5.31;16.33
2031-08;97.03;4.55;16.28
2031-08;102.42;3.63;16.92
2031-08;103.03;4.91;18.1
2031-08;109.45;3.9;21.3
2031-08;106.16;6.13;21.74
2031-08;103.98;4.43;22.45
2031-08;95.97;5.07;21.63
2031-08;110.12;6.47;17.69
2031-08;108.51;6.58;21.94
   2031-08   ;102.8;5.89;16.18
2031-08;99;5.34;20.81
2031-08;107.52;6.14;16.29
2031-08;110.69;4.85;15.33
2031-08;102.58;3.25;17.65
2031-08;108.23;3.96;15.13
19/08/2031;105.47;3.39;18.2
2031-08;110.19;4.54;22.67
2031-08;106.29;3.53;16.58
22/08/2031;102.92;6.45;22.05
23/08/2031;104.43;4.82;19.9
2031-08;103.66;3.99;18.53
2031-08;112.54;3.88;15.53
2031-08;102.05;6.74;18.13
2031-08;108.47;5.04;19.94
2031-08;105.23;5.04;18.95
2031-08;106.26;3.72;17.3
2031-08;102.76;3.32;16.94
2031-08;102.39;5.41;18.18
   2031-09   ;108.4;4.14;19.1
2031-09;100.97;6.13;20.99
2031-09;107.4;5.44;17.75
2031-09;107.02;5.03;21.65
05/09/2031;104.58;5.07;17.84
2031-09;103.8;5.28;19.41
2031-09;100.53;5.31;16.66
08/09/2031;107.12;6.7;15.59
   2031-09   ;102.8;4.61;18.53
2031-09;109.01;6.54;14.69
2031-09;105.46;4.17;15.76
12/09/2031;98.19;4.2;18.43
2031-09;110.58;4.75;22.25
2031-09;106.23;6.72;17.26
2031-09;101.58;4.36;17.28
2031-09;103.08;5.77;17.71
2031-09;100.23;6.44;18.79
2031-09;98.07;4.04;16.98
   2031-09   ;104.83;4.49;21.6
   2031-09   ;109.43;5.52;18.95
2031-09;104.88;4.83;17.59
2031-09;100.35;5.97;22.46
2031-09;110.88;4.27;16.28
2031-09;107.81;6.54;17.81
25/09/2031;110.89;5.9;17.66
2031-09;106.29;6.43;15.87
2031-09;99.88;5.56;21.58
2031-09;105.33;4.32;20.05
2031-09;103.24;5.89;18.58
30/09/2031;109.79;6.61;17.43
2031-10;110.53;6.7;19.87
   2031-10   ;98.19;3.59;18.24
2031-10;102.8;6.25;20.87
2031-10;102.43;4.54;22.89
2031-10;103.78;6.21;16.66
2031-10;107.18;6.03;17.65
2031-10;100.23;4.97;16.79
2031-10;109.04;4.47;21.18
2031-10;100.23;4.32;20.8
2031-10;99.16;5.78;15.1
2031-10;109.44;3.23;21.96
2031-10;103.31;6.39;17.53
2031-10;105.26;6.45;19.53
14/10/2031;105.32;3.24;17.5
2031-10;104.34;6.57;16.11
2031-10;102.69;6.03;16.69
2031-10;106.25;5.33;17.15
2031-10;105.58;6.52;20.7
2031-10;97.9;4.57;18.16
   2031-10   ;104.22;5.26;19.64
2031-10;103.86;6.47;16.61
2031-10;110.03;4.58;17.51
2031-10;107.59;5.39;18
2031-10;96.73;NA;17.19
25/10/2031;103.28;4.22;15.28
2031-10;105.03;3.46;21.67
2031-10;102.24;6.17;15.38
2031-10;106.32;6.64;19.03
   2031-10   ;112.56;5.08;20.18
2031-10;97.66;6.53;22.12
2031-10;100.56;NA;14.75
01/11/2031;109.32;4.83;16.9
2031-11;101.36;3.66;15.51
2031-11;103.65;3.25;21.42
2031-11;105.97;4.28;16.73
05/11/2031;104.43;6.41;21.97
2031-11;97.58;3.78;21.02
2031-11;105.29;5.95;15.69
2031-11;101.8;4.49;17.34
2031-11;101.46;4.15;16.29
2031-11;103.38;5;19.88
11/11/2031;96.97;5.9;17.9
12/11/2031;105.69;4.44;16.39
2031-11;100.77;5.88;21.79
2031-11;109.65;6.56;20.21
2031-11;102.99;5.02;16.4
2031-11;104.57;5.16;17.11
   2031-11   ;108.56;NA;19.09
2031-11;107.95;4.18;19.3
   2031-11   ;105.56;4.6;22.46
2031-11;100.51;5.15;20.46
2031-11;107.92;6.42;17.31
2031-11;103.26;3.49;20
2031-11;106.21;6.79;19.36
2031-11;105.73;3.8;20.47
2031-11;109.04;3.46;20.41
2031-11;104.58;4.04;22.11
2031-11;107.87;4.45;15.39
   2031-11   ;108.81;4.43;19.17
2031-11;104.67;3.21;20.64
2031-11;97.16;5.85;17.21
2031-12;110.43;5.63;16.15
2031-12;102.34;6.18;18.11
2031-12;99.72;3.94;20.32
2031-12;101.19;3.49;21.05
05/12/2031;107.73;5.04;22.82
2031-12;105.97;5.37;16.14
2031-12;101.49;3.63;15.39
2031-12;101.15;4.97;21.16
2031-12;101.82;3.9;16.94
2031-12;101.89;5.57;16.48
   2031-12   ;105.06;4.13;17.93
12/12/2031;108.85;4.48;22.89
2031-12;108.11;4.84;20.33
14/12/2031;104.01;4.41;17.29
2031-12;103.67;6.19;21.49
2031-12;108.37;3.49;22.92
2031-12;105.55;6.5;20.14
2031-12;109.96;5.34;17.18
   2031-12   ;99.38;4.74;16.03
2031-12;104.15;4.99;15.97
2031-12;108.65;NA;22.71
2031-12;102.64;6.43;15.8
2031-12;107.32;6.78;21.29
2031-12;102.76;5.87;18.13
2031-12;107.1;4.2;19.86
   2031-12   ;105.51;6.27;18.05
2031-12;106.92;5.06;15.04
2031-12;100.62;3.53;18.69
2031-12;110.19;3.78;15.85
2031-12;104.98;5.74;19.01
2031-12;112.46;4.05;17.25
2032-01;102.22;3.3;15.55
02/01/2032;104.29;5.61;15.03
2032-01;109.96;3.82;22.01
2032-01;105.7;6.74;20.12
2032-01;107.06;6.4;18.01
2032-01;106.06;4.9;19.82
2032-01;100.22;5.26;19.35
2032-01;103.5;5.85;18.69
   2032-01   ;106.38;5.66;14.8
2032-01;102.36;3.66;21.74
2032-01;104.25;4.6;17.44
2032-01;107.18;3.37;15.97
2032-01;103.79;3.53;17.79
2032-01;106.06;5.85;15.51
2032-01;101.84;5.73;15.51
2032-01;95.91;5.91;17.63
2032-01;107.9;6.23;18.78
2032-01;103.25;5.68;15.46
2032-01;102.77;5.49;16.7
2032-01;104.15;3.99;17.38
2032-01;108.55;5.45;22.22
   2032-01   ;107.82;6.41;14.98
23/01/2032;101.23;5.06;16.94
   2032-01   ;108.37;3.56;18.43
25/01/2032;98.12;5.41;18.67
   2032-01   ;104.77;6.54;17.18
27/01/2032;100.17;NA;22.15
2032-01;106.06;3.8;19.07
2032-01;107.79;4.11;16.29
2032-01;104.32;3.74;17.26
2032-01;105.57;5.87;19.49
01/02/2032;104.01;5.8;15.77
2032-02;106.31;5.16;17.68
2032-02;98.76;6.69;18.52
2032-02;101.92;NA;18.59
05/02/2032;93.59;6.19;19.48
   2032-02   ;105.18;3.41;15.18
2032-02;112.43;6.22;15.94
2032-02;103.84;4.95;20.57
2032-02;97.96;6.54;15.98
2032-02;107.19;4.29;17.45
2032-02;108.87;4.43;15.69
2032-02;101.44;3.89;15.65
2032-02;93.33;5.49;16.81
2032-02;99.25;3.99;14.89
15/02/2032;100.85;6.7;18.97
2032-02;109.39;5.89;17.41
2032-02;104.15;4.41;16.19
   2032-02   ;107.53;3.66;16.9
2032-02;101.72;4.27;22.59
2032-02;102.28;4.44;20.57
   2032-02   ;104;4.96;17.08
2032-02;104.85;5.29;14.82
2032-02;112.37;4.72;22.46
2032-02;98.22;6.57;22.59
   2032-02   ;100.64;4.87;19.02
   2032-02   ;108.76;5.52;17.6
2032-02;103.45;NA;16.01
2032-02;104.04;4.74;22.71
2032-02;103.92;6;15.3
2032-03;100.75;5.75;15.62
2032-03;112.5;3.32;15.65
2032-03;101.02;6.41;15.69
2032-03;101.2;NA;21.62
2032-03;109.15;5.91;22.08
2032-03;101.99;4.7;16.02
2032-03;103.07;4.44;17.39
2032-03;104.75;4.18;15.77
   2032-03   ;104.03;6.21;14.96
2032-03;105.15;3.8;16.59
2032-03;103.69;4.02;15.25
2032-03;98.53;6.08;22.21
2032-03;97.47;6.47;22.05
14/03/2032;112.11;4.29;18.01
2032-03;106.61;6.54;19.47
2032-03;103.24;5.34;18.61
2032-03;108.67;4.09;20.32
18/03/2032;99.52;6.11;18.85
19/03/2032;109.21;5.66;15.52
2032-03;105.74;3.34;18.67
   2032-03   ;99.61;3.54;16.4
2032-03;99.78;5.83;22.37
2032-03;106.09;3.86;22.82
2032-03;104.15;4.27;16.73
2032-03;110.99;5.7;21.67
2032-03;111.52;6.6;16.27
2032-03;101.05;4.08;22.79
2032-03;107.02;6.69;18.61
2032-03;101.86;5.85;19.77
2032-03;101.75;6.61;15.15
2032-03;102.83;NA;14.94
2032-04;108.74;6.49;20.12
2032-04;107.19;5.24;19.38
2032-04;102.8;6.3;15.09
2032-04;102.75;3.73;14.87
2032-04;114.25;5.88;15.82
   2032-04   ;103.51;4;15.44
2032-04;101.16;5.55;18.57
2032-04;100.95;3.97;20.72
2032-04;102.16;3.68;14.55
   2032-04   ;103.04;6.49;22.99
2032-04;102.25;4.39;22.58
2032-04;107.2;3.46;15.72
2032-04;102.41;6.49;16.21
14/04/2032;102.86;6.5;21.41
2032-04;102.71;5.03;18.73
2032-04;101.15;6.64;18.91
2032-04;102.23;3.89;21.56
2032-04;96.35;4.4;20.6
2032-04;108.52;3.42;17.82
2032-04;107.83;3.48;16.31
2032-04;103.37;4.35;16.62
22/04/2032;101.09;NA;14.51
2032-04;103.9;3.93;15.42
2032-04;103.49;3.83;18.05
2032-04;107.93;5.36;21.18
26/04/2032;97.61;6.53;19.07
2032-04;106.81;4.39;19.81
2032-04;104.07;6.76;17.16
2032-04;113.19;6.35;15.19
2032-04;102.54;3.94;15.1
2032-05;103.16;3.39;14.73
2032-05;108.13;4.71;14.79
2032-05;107.72;5.88;20.99
2032-05;104.77;5.03;20.6
05/05/2032;99.54;6.18;22.08
2032-05;105.37;6.14;18.57
2032-05;105.8;3.32;15.25
2032-05;107.43;4.5;22.14
2032-05;112.22;3.59;17.35
2032-05;98.81;5.92;20.49
   2032-05   ;97.39;6.17;22.43
12/05/2032;103.51;4.63;14.56
2032-05;106.97;6.73;16.36
2032-05;109.16;4.77;16.22
   2032-05   ;97.03;3.68;20.19
2032-05;100.44;5.62;22.95
2032-05;100.79;5.16;22.29
2032-05;100.89;3.22;16.58
2032-05;107.06;5.9;17.66
   2032-05   ;98.48;3.41;17.2
2032-05;106.69;4.5;22.08
22/05/2032;95.61;5.95;17.1
2032-05;102.09;6.28;16.97
2032-05;103.89;5.51;14.51
2032-05;102.49;4.85;22.51
26/05/2032;107.91;6.66;20.64
2032-05;106.29;NA;21.46
2032-05;114.19;3.35;17.75
2032-05;102.82;3.74;18.28
2032-05;108.15;6.19;20.55
2032-05;103.18;3.51;20.45
2032-06;107.14;4.43;16.35
2032-06;99.95;4.57;16.58
2032-06;104.22;3.77;14.94
2032-06;108.2;6.61;16.48
2032-06;114.35;4.56;18.2
2032-06;103.25;6.43;20.62
2032-06;112.41;5.69;16.27
2032-06;107.56;4.65;18.68
   2032-06   ;111.74;6.08;16.31
2032-06;98.67;6.09;18.42
2032-06;102.84;5.56;22.35
   2032-06   ;98.83;4.75;17.68
2032-06;99.78;6.35;18.29
2032-06;104.62;3.4;18.19
15/06/2032;109.44;5.16;22.83
2032-06;100.96;5.69;14.82
   2032-06   ;100.68;5.81;19.09
2032-06;110.37;4.88;18.06
2032-06;109.22;6.75;15.43
2032-06;103.43;5.27;16.21
21/06/2032;103.55;NA;18.83
2032-06;108.12;5.66;15.77
2032-06;108.64;6.78;15.24
2032-06;108.15;5.37;16.29
2032-06;98.61;3.67;19.1
2032-06;104.67;3.5;21.87
2032-06;108.51;4.51;18.97
2032-06;107.59;5.86;21.62
2032-06;109.22;4.65;18.72
2032-06;105.01;3.85;16.76
01/07/2032;112.27;4.68;20.48
2032-07;102.41;5.32;17.64
03/07/2032;108.44;5.55;14.81
2032-07;104.28;6.05;21.03
2032-07;111.77;4.24;14.68
06/07/2032;104.2;4.54;14.75
2032-07;106.96;5.55;14.55
2032-07;109;5.3;20.66
2032-07;110.66;5.46;21.43
   2032-07   ;108.62;4.24;21.52
2032-07;105.84;5.62;14.96
2032-07;98.28;5.34;17.82
2032-07;109.24;5.6;14.73
2032-07;110.69;3.31;22.08
   2032-07   ;102.85;5.7;19.52
2032-07;110.19;5.57;22.92
2032-07;112.21;6.31;20.64
   2032-07   ;109.44;3.5;21.65
2032-07;103.17;NA;17.95
2032-07;103.55;4.75;15.7
2032-07;101.97;3.32;18.09
2032-07;97.63;3.35;19.38
2032-07;99.56;5.5;21.89
2032-07;105.75;5.97;15.53
2032-07;98.66;6.28;21.97
2032-07;103.78;6.22;21.93
2032-07;105.84;5.71;21.18
2032-07;99.84;5.68;20.6
2032-07;110.5;4.7;17.99
2032-07;107.18;5.93;15.27
2032-07;103.82;3.37;22.19
2032-08;110.43;5.24;21.5
2032-08;100.56;6.13;21.44
2032-08;107.26;6.41;19.88
04/08/2032;99.83;6.23;21.07
2032-08;100.66;3.81;19.58
   2032-08   ;104.87;NA;18.45
2032-08;105.32;3.33;21.13
2032-08;106.57;4.84;19.49
2032-08;100.63;5.45;22.08
2032-08;97.53;6.65;20.07
2032-08;102.89;5.04;14.91
2032-08;106.12;3.75;15.47
2032-08;100.53;5.2;19.06
2032-08;103.93;6.43;19.2
2032-08;103.89;5.43;19.97
2032-08;108.42;6.16;16.94
2032-08;104.13;6.19;18.44
2032-08;104.29;6.26;14.86
2032-08;102.57;NA;21.51
2032-08;98.77;4.26;21.21
   2032-08   ;108.58;5.04;21.34
2032-08;109.54;4.2;19.69
2032-08;108.75;5.03;15.05
   2032-08   ;102.54;6.73;15.32
2032-08;102.47;3.22;20.3
2032-08;107.85;4.45;15.41
2032-08;102.57;3.89;15.39
2032-08;109.2;4.91;18.3
   2032-08   ;108.7;5.18;20.69
2032-08;110.94;5.67;15.82
2032-08;104.2;3.34;16.93
2032-09;101.42;6.38;16.4
2032-09;107.02;3.54;15.1
2032-09;96.73;3.31;21.6
2032-09;105.37;4.46;17.16
2032-09;110.32;5.07;22.63
2032-09;105.72;5.51;18.36
2032-09;112.2;4.11;15.1
08/09/2032;112.71;4.4;18.41
2032-09;101.62;4.87;14.95
   2032-09   ;108.4;3.29;20.53
   2032-09   ;102.92;3.37;16.6
2032-09;106.54;4.09;16.6
2032-09;105.74;4.94;17.31
2032-09;107.39;3.51;19.77
2032-09;100.04;5.46;20.19
2032-09;107.23;4;16.98
2032-09;102.31;5.17;18.21
2032-09;104.45;6.29;18.88
   2032-09   ;100.19;5.99;22.74
2032-09;105.62;5.39;20.77
   2032-09   ;104.88;5.3;18.12
2032-09;105.52;4.15;20.21
2032-09;102.5;6.69;18.69
2032-09;106.99;6.37;21.43
2032-09;104.01;5.72;21.43
2032-09;102.92;3.34;15.85
2032-09;103.29;4.95;21.01
2032-09;99.18;5.22;16.43
2032-09;106.16;4.74;18.21
   2032-09   ;106.95;6.02;18.28
   2032-10   ;103.05;3.99;20.27
2032-10;105.83;4.23;17.82
2032-10;114.62;3.67;22.24
2032-10;98.7;3.39;15.82
2032-10;101.45;5.16;22.89
2032-10;114.48;5.69;21.38
2032-10;107.91;3.35;16.33
08/10/2032;101.36;5.69;19.22
2032-10;92.11;3.94;18.01
2032-10;102.86;3.47;22.47
2032-10;107.92;5.38;21.31
12/10/2032;108.82;5.85;16.73
2032-10;106.5;3.76;22.36
2032-10;105.25;6.05;17.97
2032-10;107.12;5.26;19.53
2032-10;112.22;6.47;17.33
17/10/2032;101.83;3.29;17.58
   2032-10   ;103.46;5.2;19.57
19/10/2032;108.73;5.73;22.8
2032-10;103.44;4.42;16.61
2032-10;107.17;5.11;19.95
   2032-10   ;103.67;5.38;16.14
2032-10;116.06;5.5;22.25
2032-10;105.09;3.79;21.39
2032-10;112.58;5.37;19.14
2032-10;106.1;4.65;21.33
2032-10;105.09;4.17;16.56
   2032-10   ;112.03;6.27;21.86
2032-10;105.5;3.99;22.58
2032-10;109.66;5.48;19.99
2032-10;109.35;4.91;15.52
   2032-11   ;100.69;3.53;22.76
2032-11;101.62;3.94;21.58
2032-11;108.22;3.44;20.87
2032-11;102.52;5.79;14.66
2032-11;110.25;5.03;19.65
2032-11;103.09;4.7;16.19
2032-11;105.36;5.31;15.79
2032-11;103.83;5.46;14.88
2032-11;96.19;4.55;17.8
2032-11;110.03;3.61;20.62
2032-11;107.28;5.98;19.75
2032-11;100.18;6.02;18.83
2032-11;105.16;5.57;21.89
14/11/2032;101.2;6.06;19.13
15/11/2032;106.12;4.19;14.53
16/11/2032;104.33;5.31;18.55
2032-11;103.62;4.81;22.58
2032-11;103.62;4.15;18.49
2032-11;105.59;5.02;22.62
2032-11;99.55;5.04;21.58
2032-11;113.27;6.26;19.78
   2032-11   ;104.19;6.66;22.42
2032-11;109.82;6.31;22.88
   2032-11   ;103.54;6.78;16.34
2032-11;102.91;4.85;21.38
2032-11;105.8;3.58;19.82
27/11/2032;101.86;4.76;17.23
2032-11;110.33;4.7;15.98
2032-11;111.72;4.37;14.68
2032-11;106.81;4.46;21.65
2032-12;100.04;5.05;15.24
2032-12;103.57;4.81;14.65
   2032-12   ;107.43;6.12;15.57
2032-12;110;NA;18.46
2032-12;101.99;5.24;14.72
2032-12;104.14;3.65;14.64
2032-12;110.14;4.53;17.33
2032-12;112.9;5.34;21.08
2032-12;103.14;5.89;17.19
   2032-12   ;105.36;4.85;21.33
   2032-12   ;110.93;4.68;20.42
2032-12;104.76;6.53;21.47
2032-12;110.74;3.81;17.01
   2032-12   ;107.4;5.19;20.58
15/12/2032;102.02;6.48;21.54
2032-12;107;5.01;18.25
2032-12;107.34;5.44;18.84
   2032-12   ;111.71;4.88;20.51
2032-12;106.73;6.09;18.92
20/12/2032;113.35;6.58;20.98
   2032-12   ;105.41;5.57;22.5
2032-12;106.01;5.67;22.46
23/12/2032;110.39;6.61;19.98
2032-12;101.46;4.79;16.07
2032-12;102.78;5;15.19
2032-12;107.27;4.68;19.2
2032-12;106.79;5.38;18.12
2032-12;110.88;3.48;15.42
2032-12;106.08;4;17.66
2032-12;106.02;3.72;20.04
2032-12;104.66;NA;15.83
2033-01;106.17;4.3;20.11
   2033-01   ;105.7;5.49;18.24
   2033-01   ;107.85;6.62;18.67
2033-01;99.81;4.37;20.68
2033-01;104.57;4.32;18.21
06/01/2033;108.78;6.33;21.89
07/01/2033;106.49;3.55;22.2
2033-01;107.23;6.23;14.79
   2033-01   ;112.14;NA;19.81
2033-01;109.45;3.43;21.74
2033-01;100.46;3.28;16.07
2033-01;116.96;3.65;18.79
2033-01;101.96;4.68;22.05
2033-01;108.57;3.83;22.31
2033-01;101.92;4.66;15.55
2033-01;104.33;3.98;16.86
2033-01;107.55;4.79;22.98
   2033-01   ;105.65;4.01;15.11
2033-01;99.18;3.82;20.31
20/01/2033;102.45;4.9;20.5
21/01/2033;104.78;4.89;22.13
2033-01;112.68;6.75;19.6
23/01/2033;100.53;3.39;15.89
2033-01;100.17;6.7;15.96
   2033-01   ;106.65;4.81;22.18
26/01/2033;102.57;5.65;22.9
2033-01;102.07;4.48;19.48
2033-01;104.97;NA;20.09
2033-01;104.64;5.28;22.35
30/01/2033;101.54;5.76;20.99
2033-01;100.38;6.57;21.24
2033-02;103.21;6.78;17.42
2033-02;107.92;6.5;20.34
03/02/2033;103.53;4.17;20.05
2033-02;105.39;6;16.79
2033-02;104.93;4.92;22.34
2033-02;103.42;3.78;15.17
2033-02;95.35;6.15;15.27
2033-02;98.42;3.53;16.51
2033-02;110.73;4.19;21.27
2033-02;95.58;5.89;20.82
11/02/2033;107.31;3.62;15.93
2033-02;108.27;NA;19.2
2033-02;103.28;5.8;15.07
2033-02;105.51;6.01;22.59
2033-02;104.94;NA;15.36
2033-02;110.07;4.42;15.59
2033-02;98.66;3.29;22.33
2033-02;102.61;4;22.26
19/02/2033;105;6.06;20.77
2033-02;109.25;6.28;14.81
2033-02;104.5;3.21;16.95
2033-02;104.71;4.03;19.53
2033-02;104.64;4.64;22.77
2033-02;106.04;5.83;22.23
2033-02;97.89;5.12;15.46
2033-02;102.56;4.07;15.15
2033-02;101.39;5.63;22.41
2033-02;103.39;4.29;15.11
2033-03;103.34;3.74;21.09
2033-03;106.18;3.42;20.73
2033-03;105.53;3.47;15.01
2033-03;108.31;3.54;17.4
2033-03;109.37;4.07;18.56
2033-03;98.83;5.21;17.28
2033-03;99.91;NA;19.42
2033-03;107.63;4.02;19.99
2033-03;104.56;4.63;21.22
   2033-03   ;110.8;6.75;20.1
11/03/2033;106.1;6.35;16.89
12/03/2033;100.16;6.13;18.12
2033-03;105.27;4.58;19.4
2033-03;105.67;4.43;15.97
2033-03;98.59;5.83;20.44
2033-03;103.66;3.58;21.24
17/03/2033;99.62;4.58;16.85
2033-03;104.11;5.97;15.56
2033-03;100.38;5.31;15.08
2033-03;107.43;4.97;17.55
2033-03;99.84;6.29;20.36
2033-03;103.96;NA;22.25
2033-03;109.2;4.12;19.44
24/03/2033;104.64;6.42;20.05
   2033-03   ;111.27;3.91;18.27
26/03/2033;99.38;4.64;17.87
2033-03;105.79;3.59;21.5
2033-03;104.47;5.87;20.31
2033-03;100.03;4.45;22.33
2033-03;110.61;5.57;20.71
2033-03;99.43;5.53;16.02
2033-04;98.6;5.38;15.08
2033-04;110.33;6.53;21.75
2033-04;114.14;5.91;17.65
2033-04;101.56;4.87;19.49
2033-04;105.38;4.38;22.01
2033-04;109.76;4.09;19.53
2033-04;111.54;NA;18.73
2033-04;117.52;4.48;22.56
09/04/2033;98.31;6.2;18.28
2033-04;101.39;3.21;21.36
2033-04;102.49;6.76;22.34
2033-04;104.96;3.52;22.61
2033-04;102.87;3.49;16.73
2033-04;100.98;4.51;14.79
2033-04;104.24;NA;20.98
16/04/2033;103.71;5.14;16.94
2033-04;106.37;5.99;20.71
2033-04;95.87;4.92;19.5
2033-04;103.86;NA;22.51
2033-04;109.29;4.76;21.8
2033-04;101.07;6.03;19.5
2033-04;108.25;5.55;14.95
2033-04;102.99;6.19;17.49
   2033-04   ;105.99;5.72;16.89
   2033-04   ;105.51;5.07;21.8
2033-04;110.91;4.11;15.99
2033-04;106.43;4.21;16.37
2033-04;104.51;6.77;20.73
2033-04;109.4;5.93;21.45
2033-04;105.08;5.17;15.75
2033-05;109.59;5.17;22.79
2033-05;104.98;6.35;21.85
2033-05;107.78;5.33;18.02
2033-05;107.21;4.99;21.61
2033-05;101.75;4.57;22.55
   2033-05   ;109.01;6.2;15.03
2033-05;99.2;4.19;17.74
2033-05;105.49;6.48;16.06
2033-05;104.95;3.5;19.47
   2033-05   ;112.16;NA;22.73
2033-05;99.83;5.17;15.8
   2033-05   ;108.67;6.31;19.4
2033-05;97.05;3.68;17.44
   2033-05   ;107.53;NA;20.03
2033-05;108.06;5.36;22.6
2033-05;104.91;6.11;16.12
   2033-05   ;114.62;6.59;21.24
2033-05;104.12;6.42;19.01
2033-05;105.73;4.16;17.43
20/05/2033;100.83;4.85;19.3
2033-05;100.97;4.91;18.75
2033-05;100.37;5.76;17.85
2033-05;108.8;6.39;16.57
   2033-05   ;110.85;5.02;19.26
   2033-05   ;105.28;5.12;14.82
   2033-05   ;106.28;5.46;21.95
2033-05;109.27;3.89;14.94
28/05/2033;99.62;5.19;18.1
2033-05;100.16;5.62;17.47
2033-05;103.23;4.38;17.99
2033-05;105.37;3.94;20.25
2033-06;101.01;NA;21.34
2033-06;108.14;4.2;16.72
2033-06;100.59;6.59;21.3
2033-06;103.74;6.13;17.32
2033-06;105.76;4.56;16.78
2033-06;109.78;4.53;18.4
   2033-06   ;102.92;5.54;16.12
2033-06;110.44;5.69;14.69
09/06/2033;101.62;NA;21.24
   2033-06   ;111.95;5.22;22.4
2033-06;106.4;3.53;16.19
2033-06;104.39;6.2;15.44
2033-06;103.05;6.09;16.18
14/06/2033;110.13;3.35;20.11
2033-06;110.4;4.38;22.43
2033-06;105.67;5.25;16.06
17/06/2033;108.04;5.35;19.19
2033-06;101.76;5.82;15.44
2033-06;110.47;3.57;19.67
2033-06;98.28;3.88;20.52
2033-06;108.31;6.09;20.13
2033-06;112.41;4.07;14.95
   2033-06   ;101.62;6.64;17.89
2033-06;107.74;6.19;17.21
2033-06;102.59;6.09;16.86
2033-06;103.17;6.33;19
27/06/2033;104.93;5.11;19.61
2033-06;105.12;6.15;20.51
29/06/2033;108.95;6.02;16.26
2033-06;101.76;4.2;15.6
2033-07;101.54;4.01;18.17
2033-07;114.79;3.26;19.71
03/07/2033;106.49;3.59;14.57
2033-07;102.67;3.73;17.84
2033-07;101.92;6.41;20.38
06/07/2033;107.28;3.35;17.69
   2033-07   ;104.44;4.17;21.79
2033-07;99.2;4.73;21.02
2033-07;104.31;5.46;20.7
2033-07;97.44;4.6;20.1
2033-07;102.42;6.29;21.77
12/07/2033;100.08;6.23;16.63
2033-07;107.57;5.99;16.14
2033-07;108.58;4.03;19.09
2033-07;95.89;6.12;20.35
2033-07;108.31;5.47;16.32
2033-07;100.86;6.66;17.5
2033-07;110.47;5.12;15.53
2033-07;104.33;6.35;18.26
2033-07;102.45;6.37;16.04
   2033-07   ;100.63;5.51;18.41
2033-07;101.28;6.18;18.36
23/07/2033;105.3;6.71;19.52
24/07/2033;109.95;3.87;22.9
2033-07;111.36;3.98;21.34
2033-07;98.01;6.21;20.05
2033-07;102.72;5.34;19.98
2033-07;100.74;5.9;20.6
2033-07;108.67;5.21;19.06
2033-07;98.33;3.43;14.58
   2033-07   ;100.19;6.66;17.03
2033-08;102.87;5.17;17.67
2033-08;102.71;6.66;20.79
2033-08;107.45;3.26;20.16
2033-08;109.47;6.78;20.79
2033-08;109.02;NA;15.55
2033-08;107.23;4.75;15.08
2033-08;105.97;6.18;17.25
2033-08;103.56;NA;15.5
2033-08;99.5;4.85;16.04
2033-08;103.87;NA;17.82
   2033-08   ;97.37;5.54;16.76
2033-08;105.87;5.82;17.15
2033-08;107.08;4.02;21.97
   2033-08   ;104.97;6.73;15.21
2033-08;95.94;6.12;17.43
   2033-08   ;99.87;3.76;21.61
2033-08;99.06;4.04;18.45
2033-08;106.13;3.87;19.98
2033-08;102.31;NA;20.43
2033-08;106.24;5.43;17.47
   2033-08   ;108.01;5.99;19.31
2033-08;107.76;3.31;21.89
2033-08;101.48;5.57;17.14
2033-08;102.55;6.6;19.77
2033-08;104.43;5.39;19.15
2033-08;101.12;3.45;22.11
   2033-08   ;102.69;5.77;16.25
2033-08;104.11;5.76;21.83
29/08/2033;104.43;6.4;19.79
30/08/2033;108.06;5.94;20.45
2033-08;110.67;4.57;18.06
2033-09;105.11;3.82;19.78
2033-09;103.11;3.88;20.64
2033-09;100.65;3.52;15.86
2033-09;111.39;NA;19.51
2033-09;109.22;3.36;18.93
2033-09;101.64;3.25;15.74
2033-09;103.5;3.47;22.65
2033-09;108.6;3.5;18.36
09/09/2033;101.47;5.61;14.75
   2033-09   ;110.61;6.57;17.35
2033-09;104.53;5.57;21.15
2033-09;107.35;4.57;20.22
2033-09;109.15;3.44;16.59
2033-09;108.91;NA;21.87
15/09/2033;107.82;5.96;22.91
16/09/2033;108.01;4.74;20.06
2033-09;104.35;4;15.47
2033-09;107.45;6.6;21.42
2033-09;106.36;4.13;21.67
2033-09;105.01;4.89;15.54
2033-09;105.71;5.27;18.1
2033-09;99.69;5.01;18.49
2033-09;107.37;4.32;15.43
2033-09;111.4;3.75;16.45
2033-09;109.38;3.24;20.49
2033-09;112.08;3.63;16.77
2033-09;105.7;3.7;20.29
2033-09;107.99;5.98;18.9
2033-09;106;5.98;14.93
2033-09;103.83;5.79;19.9
   2033-10   ;98.73;6.13;21.9
2033-10;103.21;4.79;15.72
2033-10;103.75;6.75;20.85
04/10/2033;108.22;3.5;19.75
2033-10;99.85;6.39;18.77
2033-10;111.68;3.41;17.81
2033-10;110.91;5.15;14.88
2033-10;102.97;5.01;17.01
2033-10;104.86;3.89;18.54
2033-10;116.85;5.81;19.23
2033-10;96.38;3.64;21.79
2033-10;107.36;4.32;15.05
2033-10;100.3;4.54;18.33
14/10/2033;102.02;3.91;17.04
2033-10;108.83;4.35;15.34
2033-10;106.75;4.84;21.41
   2033-10   ;101;3.65;14.78
2033-10;112.34;4.07;17.5
2033-10;100.54;4.28;22.33
2033-10;103;5.4;21.41
   2033-10   ;106.3;5.3;16.32
2033-10;103.89;5.61;18.54
2033-10;105.67;4.29;16.72
2033-10;107.85;5.27;15.69
   2033-10   ;105.57;3.31;15.07
2033-10;107.98;4.37;20.83
2033-10;98.54;6.49;16.26
   2033-10   ;105.25;4.03;21.99
2033-10;99.9;5.09;20.87
2033-10;103.55;5.78;19.27
2033-10;108.79;NA;16.92
2033-11;97.54;4.93;21.8
02/11/2033;113.49;4.58;22
2033-11;100.36;NA;17.37
2033-11;103.23;4.98;17.68
2033-11;104.88;5.86;22.23
2033-11;108.8;3.87;17.48
2033-11;102.95;3.87;15.94
2033-11;105.35;4.64;16.11
2033-11;104.43;3.48;19.09
10/11/2033;107.64;6.57;18.48
2033-11;108.57;6.35;21.87
12/11/2033;110.1;5.79;20.71
2033-11;98.22;6.74;20.72
14/11/2033;107.55;3.88;15.77
2033-11;105.78;5.08;15.78
2033-11;105.2;3.23;21.27
2033-11;101.45;6.5;20.81
2033-11;102.84;4.84;17.5
2033-11;102.92;5.86;15.53
   2033-11   ;107.94;3.39;22.09
2033-11;101.82;4.28;20.14
2033-11;107.53;5.92;19.87
   2033-11   ;102.16;4.1;20.2
24/11/2033;103.42;4.39;17.38
2033-11;109.18;6.54;15.62
2033-11;110.44;3.32;21.27
2033-11;111.16;3.89;19.94
2033-11;105.52;5.11;19.75
   2033-11   ;102.48;4.7;21.96
2033-11;105.3;4.31;20.83
2033-12;99.24;4.85;15.53
2033-12;96.84;6.53;22.42
2033-12;104.75;4.96;21.8
   2033-12   ;100.88;5.52;22.41
2033-12;104.1;4.11;21.75
2033-12;105.32;5.47;14.53
2033-12;103.01;6.64;14.54
2033-12;112.47;5.94;19.66
2033-12;100.54;NA;17.85
10/12/2033;106.41;5.77;18.8
2033-12;106.35;5.36;19.2
12/12/2033;100.64;6.47;19.98
2033-12;104.05;3.83;22.08
2033-12;103.95;4.49;17.51
2033-12;111.24;3.27;20.06
2033-12;104.41;5.54;14.85
2033-12;117.21;5.51;21.58
2033-12;111.27;3.97;18.3
2033-12;101.5;4.48;22.31
2033-12;107.69;6.46;22.12
2033-12;109.59;3.67;14.54
2033-12;100.17;6.53;19.72
   2033-12   ;108.57;6.25;19.29
2033-12;101.74;4.91;20.59
25/12/2033;100.71;5.91;22.66
2033-12;103.26;6.07;15.71
2033-12;105.01;4.29;22.67
2033-12;101.64;3.34;20.15
2033-12;109.09;4.53;16.79
2033-12;102.52;3.85;17
2033-12;105.56;6.04;22.25
2034-01;109.7;6.49;19.62
2034-01;105.35;5.48;17.47
03/01/2034;110.53;6.66;22.82
2034-01;107.03;6.78;19.99
2034-01;98.76;3.26;16.35
2034-01;96.26;4.49;21.55
2034-01;103.31;NA;22.54
08/01/2034;101.88;5.41;17.7
09/01/2034;105.08;NA;19.86
2034-01;111.34;4.69;22.16
2034-01;103.92;3.33;20.75
2034-01;100.71;NA;21.48
2034-01;107.77;3.53;20.73
2034-01;96.36;6.53;16.59
2034-01;102.82;5.01;20.96
2034-01;100.98;5.89;22.01
   2034-01   ;106.02;5.16;18.68
2034-01;102.54;4.8;18.83
   2034-01   ;107.54;3.41;18.39
2034-01;110.89;4.6;15.43
2034-01;107.04;3.62;22.71
   2034-01   ;108.4;6.12;15.65
   2034-01   ;104.76;3.27;19.87
2034-01;103.15;5.77;21.37
25/01/2034;110.63;NA;16.77
26/01/2034;100.99;5.66;16.75
   2034-01   ;104.84;6.23;19.5
2034-01;107.27;4.07;21.16
2034-01;106.28;6.56;14.63
2034-01;101.62;6.01;14.88
2034-01;102.25;5.09;20.27
2034-02;103.21;3.9;19.39
2034-02;100.59;3.4;15.61
2034-02;103.71;6.1;21.31
2034-02;108.19;6.71;21.26
2034-02;97.56;4.34;17.61
2034-02;99.77;5.68;16.99
07/02/2034;104.07;5.09;15.59
2034-02;105.98;4.42;16.13
2034-02;111.61;5.83;18.56
2034-02;107.91;6.22;20.32
2034-02;106.76;5.35;20.04
2034-02;104.22;6.34;19.21
2034-02;101.86;4.76;17.05
2034-02;103.54;6.13;20.3
2034-02;110.7;5.88;19.57
2034-02;99.2;5.7;18.27
2034-02;98.67;5.17;16.87
18/02/2034;104.4;6.53;16.07
2034-02;103.88;4.38;22.16
   2034-02   ;103.88;4.23;16.36
2034-02;98.84;4.44;15.01
2034-02;106.39;6.66;18.04
2034-02;104.79;3.68;22.9
2034-02;109.09;6.31;21.89
2034-02;98.22;5.85;21.82
2034-02;101.68;5.09;16.65
27/02/2034;104.64;6.14;14.89
2034-02;104.09;4.03;19.89
2034-03;102.22;NA;21.17
2034-03;95.46;4.88;17
2034-03;104;3.38;22.36
2034-03;106.28;3.55;16.53
2034-03;102.18;6.54;15.18
2034-03;104.75;3.31;20.58
2034-03;106.54;6.56;17.94
2034-03;109.89;5.66;15.77
2034-03;101.39;3.83;21.43
10/03/2034;108.86;3.22;19.23
2034-03;106.12;3.33;18.22
2034-03;111.98;6.17;16.44
2034-03;99.97;4.28;20.59
2034-03;104.13;5.69;16.84
2034-03;98.26;5.45;19.12
16/03/2034;113.32;3.91;16.37
2034-03;105.53;4.43;15.94
2034-03;104.08;4.36;19.43
19/03/2034;107.83;5.94;20.56
2034-03;101.25;5.02;22.19
2034-03;106.49;3.3;19.05
2034-03;105.86;5.08;16.27
23/03/2034;108.22;5.41;22.8
2034-03;103.47;4.77;17.49
2034-03;106.22;4.52;20.72
2034-03;105.82;4.43;20.13
2034-03;102.79;4.29;18.63
2034-03;105.09;5.46;22.85
29/03/2034;107.35;5.05;17.64
30/03/2034;106.25;3.9;14.51
   2034-03   ;107.31;3.65;21.58
2034-04;102.59;6.15;16.97
2034-04;98.33;3.22;21.26
03/04/2034;105.35;6.03;20.63
2034-04;102.07;3.89;15.68
2034-04;100.63;5.8;21.94
2034-04;111.28;3.62;20.05
2034-04;110.41;3.72;17.85
2034-04;108.33;4.33;19.85
   2034-04   ;106.18;4.75;22.58
2034-04;105.1;3.61;22.28
2034-04;105.94;3.43;20.63
12/04/2034;107.3;6.1;19.63
2034-04;103.8;5.85;16.13
2034-04;106.74;NA;20.24
2034-04;100.89;5.14;18.65
2034-04;104.82;6.1;14.88
2034-04;103.11;5.52;17.35
2034-04;104.2;5.58;20.18
2034-04;104.11;6.05;18.65
2034-04;108.02;3.66;22.16
2034-04;102.69;4.57;18.4
   2034-04   ;106.53;5.38;17.94
2034-04;108.85;NA;19.41
2034-04;110.7;4.46;15.5
2034-04;105.68;6.2;20.96
2034-04;104.24;6.06;20.89
   2034-04   ;97.14;3.72;16.58
2034-04;105.73;4.37;22.67
2034-04;107.67;3.46;15.11
2034-04;105.82;6.26;15.6
2034-05;101.58;6.64;16.47
   2034-05   ;107.82;5.25;17.14
03/05/2034;105.44;NA;18
2034-05;102.84;3.7;17.95
05/05/2034;103.69;4.18;17.93
   2034-05   ;110.15;5.14;21.95
2034-05;104.05;4.18;17.81
2034-05;105.21;5.11;16.38
2034-05;100.82;3.39;17.64
2034-05;107.6;4.07;21.19
11/05/2034;99.15;5.44;20.19
2034-05;97.91;4.47;21.98
2034-05;101.95;6.4;19.33
2034-05;101.62;4.26;18.99
2034-05;104.33;4.04;16.04
2034-05;103.42;5.77;20.9
2034-05;101.65;3.77;19.69
2034-05;105.16;6.73;21.51
2034-05;102.86;6.68;18.13
2034-05;108.06;5.06;17.96
2034-05;105.6;5;17.35
22/05/2034;101.55;4.6;17.34
2034-05;107.25;5.03;20.02
2034-05;104.55;NA;22.96
2034-05;105.79;6.58;17.07
   2034-05   ;105.19;3.77;21.03
27/05/2034;105.28;4.42;15.9
28/05/2034;105.97;5.2;17.26
2034-05;110.21;6.3;18.05
2034-05;112.52;3.85;17.07
   2034-05   ;105.25;4.56;18.25
01/06/2034;102.18;3.35;19.57
2034-06;103.46;6.13;15.15
2034-06;104.4;3.56;17.98
2034-06;99.13;3.79;19.04
05/06/2034;101.34;5.7;17.42
2034-06;106.44;3.96;20.76
07/06/2034;104.58;4.77;17.92
08/06/2034;107.74;3.6;18.02
2034-06;108.04;4.18;19.05
2034-06;110.21;4.8;22.38
   2034-06   ;101.96;3.54;18.95
2034-06;94.35;NA;21.76
13/06/2034;100.33;3.96;16.46
14/06/2034;104.33;4.43;22.47
2034-06;98.54;6.29;18.74
2034-06;101.41;5.15;22.89
2034-06;99.72;3.37;17.32
2034-06;103.7;5.63;19.67
2034-06;108.37;3.23;15.12
20/06/2034;106.1;4.35;21.76
   2034-06   ;103.96;4.83;20.58
   2034-06   ;104.59;4.3;15.61
2034-06;103.56;5.08;22.25
2034-06;110.46;5.67;15.58
2034-06;104.13;5.09;17.52
2034-06;97.98;5.27;19.55
2034-06;104.15;5.48;17.8
2034-06;107.5;5.82;18.88
2034-06;102.48;4.74;22.36
   2034-06   ;106.87;5.67;18.45
2034-07;107.22;6.33;15.2
2034-07;103.63;6.4;20.09
   2034-07   ;105.1;3.42;21
2034-07;97.76;4.48;16.13
05/07/2034;107.87;6.6;19.49
2034-07;107.7;5.2;19.85
2034-07;106.17;6.16;20.17
2034-07;111.75;4.48;15.93
2034-07;111.97;3.23;18.77
2034-07;102.69;4.99;21.86
2034-07;109.01;4.64;17.93
2034-07;108.47;3.62;17.37
2034-07;111.52;3.89;18.79
2034-07;109.53;3.72;15.47
2034-07;107.01;6.02;19.16
   2034-07   ;101;5.09;16.63
2034-07;109.38;3.22;20.02
18/07/2034;105.97;6.62;21.43
2034-07;108.03;4.93;19.52
   2034-07   ;103.22;3.8;17.85
2034-07;107.53;4.59;16.12
2034-07;106.05;4.81;21.26
2034-07;104.93;6.37;22.96
2034-07;109.04;3.66;20.2
2034-07;104.07;5.99;21.94
2034-07;108.03;6.64;21.05
2034-07;108.99;5.41;20.88
28/07/2034;101.05;5.06;18.03
29/07/2034;101.42;3.7;18.48
2034-07;113.57;6.07;15.12
2034-07;110.51;3.73;20.45
   2034-08   ;110.85;5.25;22.39
2034-08;102.25;3.65;20.76
2034-08;104.5;6.79;15.99
2034-08;109.88;4.6;19.36
2034-08;101.14;6.48;15.02
2034-08;105.26;6.45;21.66
2034-08;108.01;6.37;16.86
2034-08;106.71;4.18;17.18
09/08/2034;105.38;4.85;17.61
2034-08;105.91;6.17;19.71
   2034-08   ;98.07;4.88;15.91
2034-08;99.45;3.23;15.79
2034-08;100.63;4.33;15.28
2034-08;109.53;4.26;21.25
2034-08;103.21;5.3;16.13
   2034-08   ;105.97;5.5;17.46
2034-08;106.37;4.59;18.25
2034-08;104.21;6.15;14.7
2034-08;108.78;6.36;22.64
2034-08;107.21;5.39;15.04
21/08/2034;107.25;4.1;22.88
22/08/2034;107.57;5.35;19.7
2034-08;108.82;3.31;14.99
2034-08;108.52;3.55;16.69
25/08/2034;108.07;4.67;16.76
   2034-08   ;106.34;3.9;17.41
2034-08;100.43;6.26;19.15
2034-08;110.84;5.11;19.68
29/08/2034;103.15;4.84;14.53
2034-08;102.51;4.69;17.85
2034-08;99.18;4.8;16.75
01/09/2034;109.27;6.12;14.92
2034-09;104.49;5.36;17.12
03/09/2034;100.83;3.38;22.99
2034-09;108;6.08;18.95
2034-09;106.65;3.68;15.93
2034-09;103.51;3.93;20.74
07/09/2034;96.91;NA;15.27
2034-09;106.25;6.51;22.7
2034-09;114.85;6.66;16.74
2034-09;105.78;4.33;16.38
11/09/2034;95.23;6.78;17.19
2034-09;102.39;4.23;16.89
2034-09;103.62;4.03;19.01
   2034-09   ;102.11;4;19.16
2034-09;102.67;6.57;16.36
   2034-09   ;107.29;4.96;15.62
2034-09;109.15;3.73;15.63
18/09/2034;104.21;4.71;17.78
2034-09;110.32;6.19;22.57
2034-09;97.81;4.49;21.38
21/09/2034;103.11;5.83;20.91
2034-09;104.53;5.4;20.53
2034-09;104.26;3.24;21.26
2034-09;102.32;5.21;21.01
25/09/2034;102.95;3.89;19.39
2034-09;98.6;4.58;19.74
2034-09;106.33;6.38;22.36
   2034-09   ;100.08;4.51;16.23
2034-09;108.66;6.66;19.83
2034-09;106.84;5.05;19.34
2034-10;106.63;4.13;16.22
2034-10;102.59;5.9;21.11
2034-10;117.64;5.61;18.9
   2034-10   ;100.06;5.03;16.7
   2034-10   ;107.29;4.52;16.65
2034-10;105.37;4.31;20.17
2034-10;104.12;6.62;22.08
   2034-10   ;106.26;5.14;16.47
2034-10;102.83;3.32;22.39
2034-10;102.12;5.07;17.27
2034-10;105.88;NA;22.8
2034-10;105.57;5.56;18.36
13/10/2034;105.35;6.5;15.69
2034-10;102.25;3.54;16.62
2034-10;96.54;6.67;14.96
   2034-10   ;103.64;4.76;20.07
2034-10;102.66;6.04;16.35
2034-10;112.12;4.94;14.91
2034-10;110.87;NA;15.42
20/10/2034;112.21;3.31;15
2034-10;99.03;6.46;20.98
2034-10;107.79;4.13;21.86
2034-10;99.3;4.15;22.12
   2034-10   ;106.95;6.2;14.91
2034-10;110.93;3.33;22.23
26/10/2034;101.71;3.66;22.8
2034-10;96.37;3.86;15.34
2034-10;104.47;6.66;17.31
   2034-10   ;103.62;6.04;16.53
2034-10;103.27;4.69;22.21
2034-10;110.3;3.58;15.83
2034-11;105.89;5.68;14.51
2034-11;111.04;3.77;22.38
2034-11;98.46;6.21;17.57
2034-11;94.43;5.44;18.02
2034-11;108.6;4.09;20.77
   2034-11   ;101.26;5.27;17.44
2034-11;98.98;5.41;21
2034-11;105.62;4.27;16.7
2034-11;107.99;5.97;16.43
10/11/2034;102.66;3.22;15.07
2034-11;109.72;6.69;22.32
2034-11;113.08;5.84;18.56
13/11/2034;110.32;3.62;18.05
2034-11;103.54;3.33;17.03
2034-11;114.73;3.75;15.58
   2034-11   ;102.68;3.68;18.03
   2034-11   ;109.68;5.84;20.24
2034-11;106.05;6.66;21.39
2034-11;103.19;4.5;21.66
2034-11;110.72;3.52;20.9
2034-11;104.68;6.5;15.31
2034-11;101.33;NA;21.13
2034-11;102.63;5.78;15.37
2034-11;103.55;6.45;18.79
   2034-11   ;95.62;5.79;21.72
   2034-11   ;99.38;4.19;18.38
2034-11;105.51;5.88;16.58
2034-11;106.52;3.39;18.39
2034-11;111.64;4.16;22.8
   2034-11   ;105.59;3.99;19.43
   2034-12   ;107.18;3.84;16.48
02/12/2034;109.64;NA;18.8
2034-12;102.32;4.22;15.86
2034-12;103.76;4.95;20.36
2034-12;103.48;4.09;15.42
2034-12;103.68;3.69;19.72
   2034-12   ;110.03;5.52;22.09
   2034-12   ;102.88;4.57;21.9
2034-12;108.8;4.9;21.59
2034-12;108.1;3.9;16.98
   2034-12   ;103.59;3.69;17.88
   2034-12   ;99.26;6.42;18.05
13/12/2034;107.01;6.58;17.13
2034-12;106.57;6.58;20.18
   2034-12   ;112.42;5.5;19.43
2034-12;99.95;5.53;17.74
   2034-12   ;104.33;5.41;20.58
2034-12;98.15;6.68;22.55
2034-12;105.86;5.1;17.26
20/12/2034;101.42;4.39;16.48
2034-12;106.09;5.58;17.93
2034-12;104.64;4.43;18.36
2034-12;101.29;4.24;15.06
   2034-12   ;105.63;4.48;16.28
2034-12;103.64;3.75;16.54
2034-12;105.5;3.66;22.04
2034-12;107.47;5.79;22.89
2034-12;107.56;6.6;18.85
29/12/2034;107;5.58;22.05
30/12/2034;113.9;6.37;20.87
2034-12;107.75;3.85;19.87
   2035-01   ;107.22;4.77;22.16
02/01/2035;106.82;5.38;17.3
2035-01;100.41;4.63;15.03
2035-01;104.41;5.76;18.55
2035-01;98.47;6.06;16.81
06/01/2035;105.88;6.09;14.95
2035-01;103.74;6.64;20.1
2035-01;100.39;4.38;18.19
2035-01;103.99;5.52;17.44
   2035-01   ;108.43;4.17;21.93
2035-01;103.5;4.58;16.12
2035-01;108.43;6.67;19.43
   2035-01   ;102.19;4.83;15.39
2035-01;102.08;3.33;20.06
   2035-01   ;99.51;5.87;19.07
2035-01;109.51;5.88;22.6
2035-01;96.78;5.9;22.68
2035-01;103.95;4.01;16.04
2035-01;105.99;3.73;22.82
20/01/2035;108.15;4.41;16.85
2035-01;108.74;4.83;21.18
   2035-01   ;109.54;6.11;15.17
2035-01;103.79;5.02;22.52
   2035-01   ;103.49;5.32;17
2035-01;96.51;6.07;19.64
2035-01;102.46;3.33;20.57
2035-01;108.94;4.56;21.57
2035-01;98.86;5.11;16.75
2035-01;104.34;5.91;18
2035-01;105.53;5.73;14.77
2035-01;108.86;5.1;20.72
2035-02;103.77;6.21;18.64
2035-02;108.6;3.48;14.82
2035-02;103.6;6.5;22.8
2035-02;104.82;3.89;17
2035-02;103.09;4.45;18.52
2035-02;108.31;4.33;22.52
   2035-02   ;107.81;NA;22.81
2035-02;105.81;6.47;18.2
2035-02;104.19;4.14;18.79
10/02/2035;100.8;3.53;16.63
2035-02;105.08;6.15;20.3
2035-02;106.36;6.72;22.78
2035-02;103.38;6.16;16.59
   2035-02   ;106.08;5.85;17.16
2035-02;107.03;4.26;22.74
2035-02;107.05;5.52;22.81
2035-02;106.71;6.06;18.08
2035-02;109.61;4.75;22.47
2035-02;105.32;6.38;16.32
2035-02;108.83;5.89;20.57
2035-02;112.7;5.39;22.53
2035-02;110.08;6.68;20.76
23/02/2035;109.2;6.42;15.14
2035-02;108.57;4.32;15.86
25/02/2035;102.5;4.62;18.24
26/02/2035;102.69;5.33;19.52
2035-02;105.69;3.57;15.68
2035-02;114.33;3.26;22.67
01/03/2035;106.86;6.35;19.97
2035-03;104.12;6.75;22.27
2035-03;102.62;6.02;14.56
2035-03;103.59;6.38;18.54
2035-03;106.69;NA;15.43
   2035-03   ;101.45;5.48;22.74
2035-03;106.28;4.91;16.97
08/03/2035;107.11;6.72;17.61
2035-03;110.68;5.04;21.84
2035-03;102.9;4.31;18.12
2035-03;98.77;5.49;22.18
12/03/2035;111.57;4.35;15.29
2035-03;108.12;5.3;21.51
14/03/2035;111.09;6.18;19.8
15/03/2035;110.86;3.38;19.66
2035-03;101.37;5.68;20.5
2035-03;101.33;5.18;16.86
18/03/2035;104.56;4.58;22.31
2035-03;107.84;4.57;21.82
2035-03;94.78;4.21;16.92
21/03/2035;104.25;3.9;21.95
2035-03;98.61;3.9;18.94
2035-03;112.6;6.74;21.76
2035-03;109.72;3.25;19.99
2035-03;105.15;5.53;15.07
2035-03;108.4;4.8;17.81
2035-03;99.68;3.36;17.2
2035-03;99.31;4.54;15.59
2035-03;101.56;4.07;20.46
30/03/2035;103.26;5.14;15.34
2035-03;108.32;3.21;18.77
2035-04;102.81;4.26;16.28
2035-04;105.13;6.26;19.01
2035-04;105.13;6.19;20.78
04/04/2035;103.62;6.66;15.07
05/04/2035;108.9;3.51;14.96
2035-04;103.73;3.51;14.87
2035-04;100.97;3.35;18.41
   2035-04   ;110.53;4.22;15.78
2035-04;108.41;4.59;15.94
2035-04;111.31;4.71;15.9
11/04/2035;102.68;4.45;15.11
12/04/2035;101.43;4.48;16.37
2035-04;98.09;4.68;15.46
14/04/2035;112.68;5.97;20.35
2035-04;100.95;5.48;15.01
   2035-04   ;110.47;4.16;20.67
2035-04;106.33;5.1;19.87
2035-04;102.59;4.38;16.21
19/04/2035;109.04;6.29;19.51
20/04/2035;103.25;4.02;18.89
21/04/2035;97.52;5.96;17.54
   2035-04   ;104.81;4.51;19.23
2035-04;107.94;6.34;22.86
2035-04;104.42;6.66;19.12
2035-04;105.16;4.4;16.84
2035-04;105.72;NA;16.02
27/04/2035;103.36;3.37;19.84
28/04/2035;115.52;6.8;20.96
29/04/2035;111.47;6.27;21.61
2035-04;110.79;4.65;16.23
2035-05;101.42;4.27;16.41
2035-05;105.79;4.02;21.8
2035-05;108.83;5.33;21.17
2035-05;113.53;3.45;16.48
05/05/2035;106.73;3.95;21.76
2035-05;109.95;4.44;22.94
2035-05;109.7;6.79;19.65
   2035-05   ;108.09;5.67;17.15
2035-05;105.6;4.28;22.25
   2035-05   ;107.05;3.27;18.48
2035-05;108.26;4.43;21.97
2035-05;104.08;3.85;16.41
13/05/2035;99.13;3.69;22.57
2035-05;103.57;5.81;18.05
   2035-05   ;104.41;NA;21.2
16/05/2035;101.11;5.93;18.46
2035-05;99.41;3.9;16.98
2035-05;100.77;4.04;20.45
   2035-05   ;104.22;4.32;21.77
2035-05;97.83;6.58;21.57
21/05/2035;106.4;5.5;15.56
2035-05;104.73;3.55;20.89
2035-05;110.53;6.54;20.09
2035-05;99.88;6.39;22.11
2035-05;104.65;6.33;21.56
26/05/2035;106.34;4.06;17.2
2035-05;107.93;4.9;19.88
2035-05;109.07;5.14;16.98
29/05/2035;108.18;4.63;18.9
2035-05;100.73;6.51;21.37
31/05/2035;107.85;6.24;22.79
2035-06;101.84;5.98;21.16
2035-06;109.33;4.75;20.98
2035-06;108.29;3.81;22.64
2035-06;105.74;5.13;22.04
2035-06;103.25;5.61;17.01
2035-06;101.07;5.2;21.57
   2035-06   ;106;3.9;20.83
2035-06;114.23;6.72;20.18
2035-06;107.93;4.67;17.21
2035-06;105.38;4.69;22.33
11/06/2035;98.25;6.59;19.81
   2035-06   ;104.96;6.43;21.65
2035-06;101.42;5.56;18.74
2035-06;104.37;4.94;22.57
2035-06;104.98;4.47;14.84
2035-06;107.59;5.63;21.48
2035-06;96.3;4.55;17.72
2035-06;110.26;3.6;19.81
19/06/2035;105.64;4.65;14.95
20/06/2035;105.01;3.89;14.95
   2035-06   ;106.18;5.7;15.86
2035-06;89.62;5.2;21.46
2035-06;104.17;5.71;19.28
2035-06;103.14;5.4;22.06
2035-06;103.26;4.84;17.25
2035-06;108.46;5.23;16.31
2035-06;105.51;3.69;15.08
2035-06;98.22;3.86;21.48
2035-06;101.15;4.63;22.23
   2035-06   ;109.43;4.73;16.41
2035-07;103.91;6.28;16.23
2035-07;102.81;5.63;21.27
2035-07;104.46;3.91;17.12
2035-07;102.61;3.5;15.49
05/07/2035;103.4;3.6;19.98
06/07/2035;107.93;NA;22.07
2035-07;106.18;5.63;19.03
2035-07;104.47;5.05;20.25
2035-07;104.32;5.23;17.24
2035-07;101.43;5.76;18.38
2035-07;103.04;4.62;19.82
12/07/2035;110.05;4.27;17.62
2035-07;105.52;3.51;21.9
14/07/2035;99.57;4.08;17.15
2035-07;109.01;4.33;17.83
2035-07;109.85;5.22;22.57
2035-07;105.85;4.07;19.81
   2035-07   ;104.89;3.29;20.78
2035-07;103.37;5.28;17.36
2035-07;105.63;5.11;15.15
2035-07;103.04;4.8;14.57
2035-07;106.96;3.79;17.85
23/07/2035;107.58;4.32;22.72
2035-07;104.72;3.31;16.6
2035-07;104.84;3.85;19.86
2035-07;99.29;3.93;18.18
2035-07;108.4;4.28;21.07
2035-07;101.33;4.16;19.26
2035-07;106.88;4;22.52
2035-07;103.83;4.32;22.98
2035-07;103.74;4.42;14.64
2035-08;108.98;3.84;14.52
2035-08;106.67;4.91;15.19
03/08/2035;104.04;6.21;21.51
2035-08;108.37;3.45;20.23
05/08/2035;101.1;3.45;18.07
2035-08;104.86;5.57;17.02
2035-08;101.95;5.06;19.7
   2035-08   ;109.45;6.51;18.26
2035-08;97.91;5.13;15.72
2035-08;101.07;4.53;20.67
2035-08;107.85;3.37;14.98
   2035-08   ;106.73;4.82;16.9
2035-08;111.29;5.7;17.3
2035-08;107.41;NA;14.65
2035-08;105.97;5.2;14.87
2035-08;104.67;3.51;18.75
   2035-08   ;104.53;4.95;17.3
2035-08;107.52;6.12;18.85
2035-08;108.77;4.45;18.74
2035-08;103.66;6.69;22.1
2035-08;109.09;NA;18.19
2035-08;108.97;5.5;21.97
2035-08;109.2;5.55;20.71
2035-08;104.34;5;16.79
25/08/2035;101.94;5.56;16.07
2035-08;107.04;4.04;15.12
2035-08;111.96;5.39;15.99
2035-08;107.93;3.72;15.07
29/08/2035;108.01;3.87;21.06
2035-08;104.98;5.74;22.91
2035-08;103.97;5.97;16.19
2035-09;104.26;4.1;15.74
2035-09;106.57;4.35;17.51
2035-09;111.2;4.89;20.99
   2035-09   ;114.03;NA;19.77
05/09/2035;105.2;5.04;21.68
2035-09;107.53;4.77;14.72
   2035-09   ;107.71;4.16;15.8
2035-09;106.54;4.45;16.3
2035-09;105.23;6;18.57
   2035-09   ;108.5;NA;16.1
2035-09;110.7;5.75;20.7
2035-09;110.9;5.09;19
2035-09;100.06;4.1;21.29
2035-09;94.37;5.39;16.49
2035-09;105.57;6.69;22.4
2035-09;104.49;3.91;16
2035-09;101.64;3.2;18.69
   2035-09   ;97.93;5.91;22.81
19/09/2035;98.92;3.48;16.03
2035-09;103.03;6.68;21.47
2035-09;106.75;5.79;16.71
2035-09;105.96;4.12;20.85
2035-09;106.71;5.56;15.24
2035-09;108.36;4.45;21.76
2035-09;111.03;6.52;20.89
26/09/2035;105.97;4.52;15.63
2035-09;109.99;5.05;17.12
2035-09;109.99;6.63;15.18
2035-09;110.72;5.17;18.76
2035-09;104.45;3.67;18.74
2035-10;105.33;3.76;20.35
2035-10;102.44;5.92;22.2
   2035-10   ;108.4;4.6;21.68
2035-10;110.9;5.1;15.23
2035-10;109.24;3.9;15.34
06/10/2035;105.58;4.17;14.66
2035-10;107.33;3.33;19.68
2035-10;97.79;3.93;20.88
   2035-10   ;102.45;4.1;14.83
2035-10;106.03;6.79;20.59
2035-10;102.32;6.6;21.7
   2035-10   ;108.26;3.54;17.44
2035-10;105.29;6.52;18.64
14/10/2035;105.05;6.61;18.26
2035-10;107;4.28;17.2
2035-10;99.47;3.72;16.31
2035-10;110.31;3.32;17.55
2035-10;105.1;6.68;15.16
2035-10;100.8;3.68;18.86
2035-10;102.34;3.94;21.5
   2035-10   ;106.77;5.07;20.45
   2035-10   ;109.6;3.24;14.93
2035-10;101.37;4.8;20.26
2035-10;107;5.38;14.93
2035-10;103.68;4.44;17.94
2035-10;105.52;5.33;19.45
2035-10;102.08;6.48;20.8
2035-10;103.55;3.82;15.92
2035-10;105.79;4.55;19.41
2035-10;102.92;5.24;17.38
2035-10;103;5.03;20.11
2035-11;102.04;6.25;20.79
2035-11;109.53;3.33;18.84
2035-11;99.85;6.73;17.1
04/11/2035;97.64;3.77;20.12
05/11/2035;104.47;6.63;21.18
06/11/2035;100.57;6.62;19.6
2035-11;104.08;3.9;21.12
   2035-11   ;106.7;3.48;20.02
2035-11;110.9;6;19.83
   2035-11   ;99.95;6.65;20.54
   2035-11   ;105.81;3.22;14.65
12/11/2035;98.62;3.81;22.52
13/11/2035;101.13;4.1;18.18
2035-11;110.01;4.94;16.09
2035-11;106.1;5.38;19.09
2035-11;105.99;4.94;19.78
2035-11;108.32;6.75;16.92
18/11/2035;106.65;5.04;22.98
19/11/2035;106.53;3.92;22.58
2035-11;103.27;6.09;19.25
2035-11;108.79;6.32;17.97
22/11/2035;103.03;3.84;20.46
23/11/2035;107.2;5.78;17.25
2035-11;111.12;5.93;19.42
25/11/2035;107.95;5.54;20.51
2035-11;105.19;NA;18.22
2035-11;101.17;5.77;21.26
28/11/2035;102.33;6;20.93
29/11/2035;105.09;4.35;19.24
2035-11;102.05;5.47;17.88
2035-12;109.58;NA;21.72
2035-12;114.7;3.82;16.45
2035-12;109.26;4.25;17.77
2035-12;106.54;6.56;22.74
2035-12;103.26;3.87;21.28
2035-12;94.97;3.87;18.47
07/12/2035;102.16;4.42;15.72
2035-12;101.05;6.5;22.27
2035-12;111.93;6.6;19.41
2035-12;109.19;4.76;20.9
11/12/2035;106.85;NA;18.43
2035-12;102.28;5.76;17.73
2035-12;110.08;6.22;20.31
   2035-12   ;103.05;5.61;21.4
2035-12;108.22;6.35;20.82
   2035-12   ;104.4;4.35;19.28
2035-12;100.29;6.15;14.55
2035-12;108.38;4.34;18.62
   2035-12   ;107.54;4.46;18.28
2035-12;98.73;6.67;20.19
2035-12;104.2;6.32;19.61
2035-12;103.7;6.67;14.98
   2035-12   ;94.82;5.25;15.42
2035-12;102.67;4.37;20.54
2035-12;94.58;3.76;15.53
2035-12;103.62;6.16;15.14
2035-12;107.8;4.51;20.16
   2035-12   ;106.52;5.7;19.89
29/12/2035;110.29;5.75;21.08
2035-12;114.27;3.86;17.36
2035-12;101.7;5.77;22.09
   2036-01   ;106.78;5.85;15.23
2036-01;99.23;4.41;16.5
2036-01;108.97;6;15.32
   2036-01   ;100.24;5.41;14.7
2036-01;106.81;6.59;17.15
2036-01;103.03;4.42;19.37
2036-01;103.85;3.2;21.54
2036-01;100.92;3.92;20.1
2036-01;100.08;6.67;20.7
2036-01;106.73;3.31;19.27
2036-01;110.61;4.96;17.9
2036-01;107.71;4.22;21.09
2036-01;101.76;5.22;14.84
2036-01;97.54;4.2;16.04
   2036-01   ;97.4;4.69;20.56
2036-01;111.23;3.3;17.94
   2036-01   ;93.18;4.16;21.6
2036-01;105.74;5.78;22.36
2036-01;106.24;3.77;18.81
2036-01;104.64;5.66;18.85
2036-01;102.98;5.97;20.09
2036-01;107.18;5.7;15.95
2036-01;105.38;4.99;16.5
2036-01;108.92;4.83;17.02
2036-01;97.12;5.58;20.81
2036-01;101.74;5.14;17.04
2036-01;100.43;5.88;15.65
2036-01;105.23;3.49;20.53
2036-01;102.01;6.29;21.37
2036-01;106.39;3.67;15.74
2036-01;97.51;6.45;22.99
2036-02;99.65;3.98;15.31
2036-02;102.29;6.42;19.65
2036-02;106.15;6.59;22.6
04/02/2036;103.33;4.21;20.51
2036-02;105.13;5.28;18.73
06/02/2036;98.96;5.53;17.58
2036-02;104.69;5.49;17.1
08/02/2036;101.62;4.47;18.05
2036-02;104.58;4.4;19.97
2036-02;101.3;5.91;17.67
2036-02;105.11;4.6;15.14
2036-02;100.24;6.22;18.49
   2036-02   ;106.43;5.68;15.89
14/02/2036;106.85;3.59;19.97
2036-02;106.67;5.46;16.45
2036-02;108.46;NA;21.26
2036-02;111.69;5.5;14.62
   2036-02   ;103.96;5.4;22.6
   2036-02   ;112.19;5.66;22.12
2036-02;102.19;6.31;21.29
   2036-02   ;108.82;5.65;19.4
2036-02;105.26;6.16;17.31
2036-02;107.46;4.88;20.78
2036-02;99.29;4.34;15.46
2036-02;101.15;6.48;15.97
2036-02;104.16;5.24;19.26
2036-02;105.77;3.75;21.51
2036-02;105.66;6.76;20.23
2036-02;115.4;4.63;22.95
2036-03;106.03;5.35;22.97
2036-03;101.5;3.6;19.76
2036-03;109.89;5.72;17.9
   2036-03   ;105.9;5.58;16.64
2036-03;111.52;5.78;21.51
2036-03;105.61;6.69;16.68
2036-03;109.35;5.79;21.23
2036-03;99.81;3.4;22.59
2036-03;107.45;3.95;19.82
2036-03;110.86;6.54;19.42
2036-03;107.19;3.86;19.26
   2036-03   ;104.44;6.05;20.75
   2036-03   ;98.13;4.7;21.82
2036-03;103.93;3.76;14.66
2036-03;102.82;5.32;19.12
2036-03;103.12;5.91;17.34
2036-03;102.07;6;15.36
18/03/2036;105.89;5.37;20.97
   2036-03   ;108.4;3.69;22.54
   2036-03   ;104.48;3.25;22.53
2036-03;100.06;3.86;17.39
22/03/2036;103.73;4.35;20.66
   2036-03   ;109.25;4.4;19.99
2036-03;99.05;6.73;17.18
2036-03;103.88;5.71;19.58
2036-03;102.36;6.35;21.11
   2036-03   ;110.95;3.46;21.08
2036-03;103.64;4.67;14.83
2036-03;109.63;6.28;20.6
2036-03;104.29;3.47;18.32
2036-03;97.38;4.54;18.46
   2036-04   ;106.24;3.36;20.86
2036-04;100.04;3.28;22.58
2036-04;101.18;6.46;14.6
04/04/2036;104.33;5.91;15.87
05/04/2036;105.6;6.42;17.8
06/04/2036;101.36;3.51;21.49
   2036-04   ;104.83;5.07;22.97
   2036-04   ;105.44;4.88;21.19
2036-04;102.14;5.74;16.83
10/04/2036;99.42;6.42;21.38
2036-04;97.8;3.9;18.88
2036-04;100.34;3.83;22.8
2036-04;108.48;6.35;21.77
2036-04;99.92;5.55;19.67
2036-04;106.27;6.16;21.59
2036-04;106.27;5.52;15.55
2036-04;99.1;5.65;20.62
2036-04;101.76;3.46;19.29
2036-04;103.1;6.57;22.65
2036-04;106.33;3.51;20.62
2036-04;108.5;3.56;17.11
2036-04;110.01;3.22;20.94
2036-04;104.3;4.98;16.67
2036-04;103.74;3.69;20.23
2036-04;110.36;3.38;18.71
2036-04;107.85;5.65;22.11
2036-04;101.08;3.64;18.64
2036-04;107.5;4.94;17.01
29/04/2036;114.62;4.85;19.44
2036-04;104.61;5.5;19.02
2036-05;104.26;NA;20.21
   2036-05   ;107.65;3.62;21.44
2036-05;103.82;5.82;22.68
2036-05;105.49;6.59;16.64
2036-05;108.09;4.27;17.76
2036-05;104.51;4.93;17.99
07/05/2036;106.11;3.92;20.86
2036-05;102.91;3.67;19.61
09/05/2036;103.81;6.62;19.77
2036-05;102.37;5.21;17.18
2036-05;108.91;5.97;16.2
2036-05;103.32;NA;19.69
2036-05;102.66;3.99;17.99
14/05/2036;103.06;6.68;19.76
2036-05;101.1;4.49;19.59
2036-05;100.94;4.01;18.29
2036-05;103.86;6.74;18.24
2036-05;110.76;4.99;19.94
2036-05;110.08;NA;22.71
2036-05;108.3;6.04;21.24
   2036-05   ;108.08;3.25;16.95
2036-05;103.3;3.44;21.95
   2036-05   ;106.27;6.05;14.52
2036-05;100.21;4.87;17.97
2036-05;102.1;5.27;18.57
2036-05;107.24;6.63;22.29
2036-05;102.45;4.35;15.64
   2036-05   ;103.92;3.49;15
29/05/2036;108.22;3.52;21.09
30/05/2036;101.8;6.32;17.7
2036-05;104.1;5.76;18.9
2036-06;97.11;4.57;19.57
2036-06;99.51;5.53;15.39
2036-06;108.22;6.39;17.67
2036-06;102.89;4.23;22.96
05/06/2036;103.06;5.47;21.12
2036-06;101.6;5.83;22.93
2036-06;96.45;NA;21.43
2036-06;104.48;3.56;21.52
2036-06;108.8;3.7;20.27
   2036-06   ;103.83;4.91;20.65
2036-06;111.71;6.07;21.01
12/06/2036;100.98;5.94;15.01
13/06/2036;104.3;3.46;17.69
2036-06;106.92;3.83;17.76
2036-06;102.74;5.03;17.83
   2036-06   ;108.86;3.3;21.9
2036-06;101.72;4.56;22.91
   2036-06   ;108.92;6.57;21.94
2036-06;110.82;3.64;18
2036-06;101.64;5.94;16.5
2036-06;106.17;4.03;20.11
2036-06;103.07;6.74;20.03
   2036-06   ;106.5;3.82;19.36
24/06/2036;107.48;6.32;22.24
2036-06;109.27;5.97;20.55
   2036-06   ;100.48;NA;15.23
2036-06;108.34;6.14;18.63
2036-06;97.25;6.11;15.92
2036-06;98.84;5.81;22.53
2036-06;100.83;6.19;19.1
2036-07;106.43;3.39;17.79
2036-07;109.01;6.61;14.85
2036-07;108.82;3.68;18.92
   2036-07   ;108.59;5.74;20.89
   2036-07   ;105.55;4.2;22.28
   2036-07   ;108.43;4.51;20.44
   2036-07   ;110.36;5.11;18.91
2036-07;102.71;5.32;14.54
2036-07;103.19;5.69;16.42
2036-07;102.83;4.55;17.98
2036-07;108.4;4.33;15.3
2036-07;104.71;5.7;17.68
13/07/2036;99.81;3.73;15.82
2036-07;101.13;4.85;21.77
2036-07;105.84;5.62;22.6
2036-07;101.43;3.52;17.18
   2036-07   ;99.28;4.01;18.22
2036-07;107.41;3.94;16.64
2036-07;104.28;NA;16.2
2036-07;103.88;6.58;17.67
21/07/2036;104.53;NA;21.48
2036-07;107.1;5.39;15.67
2036-07;112.97;3.84;20.47
2036-07;106.43;4.45;15.37
2036-07;105.84;NA;18.82
2036-07;106.99;6.68;15.76
2036-07;114.67;NA;16.34
2036-07;110.05;5.01;15.8
   2036-07   ;104.44;5.3;15.96
2036-07;100.26;5.71;15.78
   2036-07   ;106.3;3.86;14.99
   2036-08   ;104.1;5.07;22.72
02/08/2036;102.7;3.82;21.46
03/08/2036;117.82;5.97;17.05
2036-08;109.14;4.22;20.64
2036-08;102.27;3.43;17.02
2036-08;105.35;NA;20.02
07/08/2036;106.87;NA;20.57
2036-08;108.93;6.09;18.18
2036-08;100.05;4.83;15.49
2036-08;107.66;5.59;14.91
2036-08;105.89;4.98;16.41
2036-08;104.91;3.7;20.13
   2036-08   ;106.3;4.96;21.83
2036-08;102.88;4.78;21.5
2036-08;112.4;6.63;21.42
2036-08;104.47;4.87;18.83
17/08/2036;107.04;6.17;17.88
   2036-08   ;105.11;4.1;19.57
2036-08;100.76;5.82;22.34
2036-08;108.79;4.53;16.66
2036-08;101.78;5.41;20.38
2036-08;102.19;3.45;15.67
2036-08;101.84;4.29;14.76
2036-08;97.12;6.44;19.59
2036-08;100.59;5.55;17.29
2036-08;99.95;3.94;17.8
2036-08;104.09;5.15;20.51
2036-08;106.5;6.62;21.17
29/08/2036;106.68;6.75;18.55
2036-08;106.62;6.25;21.04
31/08/2036;106.77;4.09;16.24
2036-09;107.01;5.17;21.36
2036-09;104.79;5.55;22.67
2036-09;105.03;6.58;19.91
2036-09;105.18;4.29;16.88
05/09/2036;108.35;5.5;20.42
2036-09;106.75;3.74;15.14
2036-09;97.19;6.65;20.36
2036-09;100.72;5.73;20.14
2036-09;105.27;5.85;16.1
   2036-09   ;108.76;NA;20.67
2036-09;99.63;3.58;22.01
2036-09;110.13;5.6;20.87
   2036-09   ;98.83;5.26;22.95
2036-09;103.23;4.17;19.39
2036-09;108.89;5.26;20.62
2036-09;112.69;3.84;22.84
17/09/2036;98.98;4.15;19.98
2036-09;106.68;3.78;22.89
19/09/2036;102.61;4.54;17.97
2036-09;99.75;6.43;19.16
2036-09;102.02;3.73;19.73
2036-09;103.49;6.55;16.27
   2036-09   ;101.36;4.33;19.25
2036-09;102.72;4.08;20.34
2036-09;103.08;3.33;22.21
   2036-09   ;103.03;4.9;21.69
2036-09;106.38;3.81;17.82
2036-09;107.4;4.78;17.63
2036-09;104.55;6.6;17.72
2036-09;107.35;NA;21.28
01/10/2036;100.14;4.71;18.39
2036-10;104.33;6.49;17.91
2036-10;97.68;3.68;21.44
2036-10;105.13;3.43;18.43
2036-10;111.62;3.2;16.7
2036-10;97.08;6.26;17.59
07/10/2036;101.78;6.49;21.68
08/10/2036;106.41;6;15.26
2036-10;101.02;NA;16.42
   2036-10   ;98.8;3.77;15.07
2036-10;110.69;4.39;15.51
2036-10;101.97;3.32;21.09
2036-10;106.46;3.57;16.03
2036-10;101.61;4.17;15.41
2036-10;111.54;6.62;21.55
2036-10;99.2;5.18;17.26
2036-10;110.32;3.67;17.36
18/10/2036;105.17;4.23;19.44
19/10/2036;103.46;6.49;18.93
20/10/2036;100.21;6.47;17.84
2036-10;99.5;6.67;16.46
2036-10;100.15;4.44;20.76
2036-10;102.28;5.06;22.57
24/10/2036;100.72;6.15;22.23
2036-10;103.74;5.28;21.24
2036-10;110.04;6.15;22.89
2036-10;110.77;6.64;15.96
   2036-10   ;105.14;3.59;20.12
   2036-10   ;103.13;4;18.77
2036-10;107.02;5.08;21.9
2036-10;108.06;6.39;19.63
2036-11;108.95;4.36;17.67
2036-11;100.85;3.31;16.1
2036-11;100.3;6.16;21.01
2036-11;104.62;3.57;20.56
2036-11;100.47;4.07;16.45
2036-11;101.28;4.01;21.54
   2036-11   ;93.48;3.83;15.87
08/11/2036;109.42;4.9;20.01
2036-11;102.72;5.76;21.67
2036-11;103.03;5.52;18.65
2036-11;95.04;5;14.68
2036-11;104.41;5.94;17.32
13/11/2036;109.37;6.56;21.82
14/11/2036;107.3;4.69;21.08
2036-11;106.65;5.73;21.59
2036-11;111.52;4.05;22.88
2036-11;107.14;5.82;19.83
2036-11;105.27;5.49;16.5
2036-11;100.55;6.03;17.68
2036-11;105.35;5.92;20.72
2036-11;103.85;6.45;15.04
2036-11;104.84;4.18;16.08
2036-11;104.22;4.13;15.06
2036-11;111.61;5.79;18.82
2036-11;107.31;6.72;20.42
2036-11;102.54;3.6;14.57
2036-11;106.89;3.55;16.67
2036-11;104.98;4.59;21.23
2036-11;101.83;6.14;18.84
2036-11;105.48;3.55;19.42
2036-12;101.8;4.7;20.51
2036-12;99.63;6.16;21.37
2036-12;101.62;3.26;15.14
2036-12;102;4.43;14.55
   2036-12   ;112.27;6.74;21.71
06/12/2036;105.81;3.73;18.1
2036-12;104.02;5.82;21.03
2036-12;98.3;3.34;15.33
2036-12;104.1;3.69;18.36
2036-12;107.81;5.52;22.23
2036-12;108.83;6.25;16.9
2036-12;107.48;4.56;19.46
   2036-12   ;107.25;6.13;18.87
2036-12;104.12;6.54;18.33
2036-12;99.28;6.55;21.8
16/12/2036;106.8;5.64;18.89
17/12/2036;99.02;5.84;15.54
   2036-12   ;108.29;5.05;15.36
2036-12;106.14;5.01;21.88
2036-12;103.32;4.08;22.83
2036-12;105.27;5.21;20.07
2036-12;100.48;4.38;21.22
2036-12;104.42;3.82;21.44
2036-12;107.51;3.81;22.67
   2036-12   ;106.99;3.32;15.72
26/12/2036;109.4;3.36;21.46
2036-12;105.71;6.78;17.86
28/12/2036;104.88;5.56;15.89
2036-12;100.85;4.9;20.07
2036-12;113.02;4.36;17.7
2036-12;106.97;5.04;20.82
2037-01;107.61;5.8;21.67
2037-01;105.5;5.31;15.54
2037-01;102.79;5.71;14.55
2037-01;110.11;3.78;17.4
   2037-01   ;102.24;3.81;16.45
   2037-01   ;106.2;4.76;17.21
2037-01;109.08;6.37;18.82
   2037-01   ;104.7;5.9;20.21
2037-01;98.5;5.28;18.64
10/01/2037;110.07;5.36;15.7
2037-01;113.31;6.77;18.04
12/01/2037;104.51;5.43;14.61
2037-01;97.31;4.55;17.82
2037-01;103.54;4.65;21.39
2037-01;105.84;3.55;20.94
2037-01;109.23;5.12;21.91
2037-01;110.15;4.25;16.91
   2037-01   ;105.31;6.64;17.67
2037-01;109.54;5.25;21.09
2037-01;108.33;3.43;18.36
2037-01;104.23;5.45;17.63
2037-01;99.85;4.63;20.65
2037-01;98.35;6.24;17.15
2037-01;107.24;4.6;18.36
25/01/2037;102.54;6.17;19.16
2037-01;105.75;6.02;17.95
27/01/2037;102.7;3.59;21.36
   2037-01   ;105.28;5.33;14.9
2037-01;107.13;6.62;22.86
2037-01;99.38;5.58;21.79
2037-01;103.95;3.21;21.24
2037-02;108.42;4.9;22.63
2037-02;107.44;3.99;16.66
2037-02;96.44;5.36;15.84
2037-02;113.96;4.86;15.94
2037-02;99.97;4.68;17.75
2037-02;107.67;3.35;20.02
2037-02;104.07;6.7;19.11
2037-02;101.72;3.33;17.44
09/02/2037;103.25;4.44;21.69
   2037-02   ;106.98;4.8;22.46
2037-02;103.74;6.58;17.43
12/02/2037;99.84;6.64;22.67
2037-02;106.19;4.47;20.46
2037-02;99.85;4.08;16.31
2037-02;105.19;6.2;14.6
2037-02;102.38;4.35;16.92
2037-02;99.71;3.73;18.3
18/02/2037;100.85;6.21;19.86
2037-02;104.8;4.45;22.96
2037-02;106.03;NA;16.71
2037-02;102.94;3.68;18.16
2037-02;102.03;5.49;20.98
2037-02;110.47;4.68;16.3
2037-02;103.26;NA;16.86
2037-02;103.43;6.08;20.18
2037-02;107.98;5.87;17.04
2037-02;104.47;4.3;20.38
2037-02;109.83;NA;15.29
2037-03;103.49;5.76;22.59
02/03/2037;102.43;6.1;20.76
03/03/2037;101.13;5.64;17.74
2037-03;103.94;5.95;21.73
2037-03;111.87;5.33;21.86
2037-03;99.6;6.26;20.51
07/03/2037;106.17;5.75;17.96
   2037-03   ;112.17;4.57;17.55
2037-03;101.53;4.34;15.07
2037-03;105.6;4.85;16.18
2037-03;105.18;5.77;15.69
12/03/2037;111.86;6.57;16.6
13/03/2037;109;6.41;17.53
2037-03;107.9;6.69;17.4
15/03/2037;103.92;5.95;15.62
16/03/2037;102.31;4.13;19.21
2037-03;105.46;3.23;20.49
   2037-03   ;104.06;5.43;20.1
2037-03;107.74;3.57;22.64
2037-03;107.88;3.65;16.68
2037-03;104.08;5.88;18.81
2037-03;107.52;5.12;14.9
2037-03;104.88;5.87;17.59
2037-03;103.62;3.22;20.52
2037-03;107.34;3.23;22.41
2037-03;105.82;4.12;22.35
2037-03;100.52;6.15;19.34
2037-03;90.78;6.5;16.52
2037-03;105.94;6.42;16.67
2037-03;108.22;5.19;19.68
31/03/2037;105.5;6.22;16.28
2037-04;105.05;5.43;17.3
2037-04;106.27;4.16;22.34
2037-04;105.73;4.19;21.43
   2037-04   ;108.02;6.75;15.2
2037-04;101.26;3.39;15.3
2037-04;112.69;5.31;20.74
2037-04;103.08;4.69;21.23
2037-04;105.1;3.88;15.02
09/04/2037;107.91;5.92;19.29
2037-04;107.74;4.23;19.38
   2037-04   ;108.4;4.45;19.12
2037-04;113.47;6.34;16.45
2037-04;108.89;5.14;22.65
14/04/2037;97.86;6.77;15.91
2037-04;104.89;NA;21.73
2037-04;104.69;6.45;20.62
2037-04;111.33;4.05;21.03
   2037-04   ;106.54;4.24;17.07
2037-04;105.35;3.97;15.27
2037-04;103.63;6.6;22.42
2037-04;105.37;3.35;18.73
2037-04;110.26;4.63;22.94
2037-04;104.78;6.79;16.66
2037-04;100.86;6.35;15.55
2037-04;103.3;5.13;21.3
   2037-04   ;107.6;3.88;22.25
27/04/2037;105;4.62;16.99
2037-04;108.04;5.54;16.58
   2037-04   ;105.49;4.35;22.15
   2037-04   ;98.49;6.62;22.09
2037-05;108.63;6.22;21.78
2037-05;107.09;NA;20.65
2037-05;103.12;6.78;17.98
2037-05;99.24;6.67;20.64
2037-05;101.4;5.43;17.02
2037-05;105.37;6.02;15.56
2037-05;103.13;3.62;21.23
2037-05;102.15;4;15.95
   2037-05   ;108.58;5.58;14.56
2037-05;106.13;5.11;20.39
2037-05;107.84;6.44;21.06
12/05/2037;101.44;5.02;22.41
2037-05;96.78;6.23;21.81
2037-05;103.18;4.09;17
15/05/2037;110.95;6.39;17.45
16/05/2037;102.27;6.24;21.93
2037-05;99.73;4.91;21.63
   2037-05   ;104.94;6.69;18.64
2037-05;107.79;5.07;17.59
2037-05;107.58;3.43;16.34
2037-05;106.55;6.11;16.68
2037-05;105.22;5.96;14.85
2037-05;106.09;5.01;19.06
2037-05;102.4;4.48;15.22
2037-05;108.41;6.8;15.66
2037-05;101.77;4.68;14.79
2037-05;103.59;3.69;21.06
2037-05;103.87;6.39;22.39
2037-05;108.51;4.47;22.46
30/05/2037;104.99;4.69;19.87
2037-05;102.85;3.85;14.65
   2037-06   ;107.65;4.96;16.13
2037-06;108.09;6;17.53
   2037-06   ;96.52;5.04;21.83
2037-06;105.64;6.2;17.52
05/06/2037;105.07;5.98;19.13
2037-06;102.91;5.38;15.09
2037-06;102.86;3.31;14.59
2037-06;102.12;NA;22.32
09/06/2037;103.16;6.29;20.52
2037-06;106.33;5.32;16.15
2037-06;109.6;4.46;21.02
12/06/2037;98.85;3.98;22.37
2037-06;111.71;5.31;19.26
2037-06;104.43;5.5;19.11
2037-06;104.69;6.09;22.43
2037-06;109.57;4.83;22.77
2037-06;101.99;5.67;14.87
18/06/2037;102.99;3.83;19.07
2037-06;103.44;6.01;20.31
20/06/2037;104.78;5.6;15.61
21/06/2037;110.78;5.1;18.57
22/06/2037;109.54;5.63;19.59
2037-06;105.03;6.31;20
2037-06;103.36;5.51;16.75
2037-06;106.64;3.65;19.36
2037-06;105.61;5.84;18.48
   2037-06   ;101.67;3.55;21.45
2037-06;105.59;3.23;15.71
2037-06;103.78;4.64;15.23
2037-06;110.24;4.17;19.44
2037-07;111.72;3.98;17.95
2037-07;99.24;4.23;22.66
03/07/2037;117.46;3.22;21.57
2037-07;109.79;5.68;22.1
2037-07;106.4;6.12;15.95
2037-07;98.15;3.96;20.25
2037-07;105.81;5.07;16.56
2037-07;100.86;6.01;17.75
   2037-07   ;101.94;5.36;14.69
2037-07;109.3;3.88;22.7
11/07/2037;107.55;6.05;21.14
2037-07;108.05;4.11;16.65
2037-07;109.68;3.7;22.64
   2037-07   ;108.21;5.03;14.88
2037-07;111.08;5.01;17.27
2037-07;109.82;6.44;22.47
2037-07;109.36;3.43;22.42
2037-07;105.8;3.27;20.88
2037-07;103.91;6.79;20.71
2037-07;108.24;6;15.81
2037-07;97.14;6.29;22.07
2037-07;105.56;3.52;18.91
2037-07;99.78;4.96;22.52
2037-07;106.39;4.53;22.64
2037-07;101.96;6.67;22.89
2037-07;108.08;5.74;18.28
2037-07;104.73;4.23;20.03
2037-07;108.11;5.96;22.34
2037-07;106.39;5.84;16.12
   2037-07   ;111.94;4.98;15.28
2037-07;99.46;6.64;18.69
2037-08;105.22;5.43;21.82
2037-08;101.36;6.03;22.77
2037-08;100.62;4.53;14.89
   2037-08   ;105.83;6.47;19.09
2037-08;104.53;6.74;21.77
2037-08;109.35;4.63;14.66
07/08/2037;106.5;3.57;17.5
2037-08;107.11;5.04;20.55
2037-08;99.84;4.78;18.62
2037-08;103.58;4.21;20.1
2037-08;105.35;6.29;21.97
12/08/2037;107.2;6.54;14.72
2037-08;103.11;4.01;16.13
2037-08;105.95;6.68;21.1
2037-08;110.12;5.84;21.57
16/08/2037;107.24;5.34;18.49
2037-08;105.19;5.25;18.21
2037-08;106.13;6.2;21.49
2037-08;98.83;6.04;17.37
2037-08;98.18;NA;17.83
   2037-08   ;103.56;3.89;20.91
2037-08;102.78;6.03;22.74
2037-08;108.11;4.69;17.6
2037-08;106.77;4.31;22.12
2037-08;100.95;3.33;16.77
2037-08;103.21;6.66;15.68
2037-08;104.27;6.78;17.49
2037-08;106.59;4.75;15.66
   2037-08   ;103.63;5.06;21.24
2037-08;106.63;3.41;17.46
2037-08;100.3;5.95;14.88
2037-09;103.23;6.74;21.68
02/09/2037;110.56;4.59;19.71
2037-09;106.22;4.87;20.02
   2037-09   ;104.83;3.83;17.95
2037-09;99.69;4.57;22.66
2037-09;101.53;4.93;21.72
2037-09;102.05;4.51;22.16
2037-09;103.34;6.23;19.62
2037-09;104.41;6.28;15.34
2037-09;104.99;5.33;22.98
   2037-09   ;104.97;5.7;22.89
12/09/2037;106.66;4.26;18.67
2037-09;108.74;3.48;22.98
   2037-09   ;114.27;NA;22.34
2037-09;107.52;6.3;19.49
   2037-09   ;104.66;6.3;22.37
2037-09;98.35;6.58;21.08
2037-09;107.56;5.02;15.77
2037-09;111.85;4.33;19.77
20/09/2037;108.98;6.11;17.99
2037-09;106.71;4.41;22.23
22/09/2037;110.06;5.27;15.67
23/09/2037;106.22;3.74;18.1
2037-09;103.06;4.74;17.02
2037-09;100.13;6.37;18.77
   2037-09   ;99.95;6.73;21.07
2037-09;102.46;NA;21.66
   2037-09   ;108.7;4.84;18.7
2037-09;103.53;6.62;19.76
30/09/2037;105;6.53;14.76
2037-10;102.39;5.04;22.13
2037-10;110.09;6.56;18.26
2037-10;99.59;4.44;16.96
2037-10;102.96;4.69;16.52
05/10/2037;104.67;6.65;16.1
2037-10;101.54;3.21;15.23
2037-10;100.8;6.62;17.08
2037-10;103.86;4.82;18.23
2037-10;105.91;4.89;18.78
2037-10;106.16;3.92;18.48
2037-10;106.07;3.72;21.54
2037-10;101.24;5.31;22.54
2037-10;104.52;4.17;14.77
2037-10;98.58;6.61;20.86
   2037-10   ;106.58;3.22;19.13
16/10/2037;104.66;3.6;21.96
2037-10;108.39;4.08;17.01
2037-10;109.48;6.06;17.6
2037-10;108.06;4.02;19.25
2037-10;106.13;5.79;19.05
2037-10;101.08;4.25;21.28
2037-10;105.82;5.77;15.93
2037-10;111.2;3.79;20.72
2037-10;110.56;6.52;17.48
2037-10;108.53;5.87;17.33
   2037-10   ;107.26;6.7;22.19
2037-10;110.08;3.79;21.46
28/10/2037;96.82;3.84;16.99
   2037-10   ;107.19;3.83;16.71
2037-10;106.03;4.71;16.07
2037-10;105.32;5.39;17.18
2037-11;102.49;5.07;21.47
2037-11;110.96;4.83;21.77
2037-11;98.04;5.56;19.74
04/11/2037;106.91;4.35;18.67
   2037-11   ;105.01;4.16;20.95
2037-11;106.53;3.93;21.28
07/11/2037;110.86;4.28;20.51
08/11/2037;103.52;3.84;21.12
2037-11;103.2;4.6;16.6
2037-11;106.71;6.47;17.33
2037-11;101.28;3.7;18.92
2037-11;101.54;6.64;17.16
2037-11;113.95;3.48;14.5
2037-11;105.54;5.43;17.78
2037-11;107;4.84;20.15
16/11/2037;101.03;6.47;19.95
2037-11;102.59;5.21;20.82
2037-11;101.52;4.47;18.99
2037-11;101.91;4.97;17.63
2037-11;101.99;3.62;21.09
21/11/2037;104.15;4.84;17.64
2037-11;100.65;6.48;22.15
2037-11;107.3;5.44;20.57
2037-11;104.34;5.7;16.88
2037-11;106.61;6.02;20.94
26/11/2037;107.77;3.87;18.2
2037-11;110.8;3.3;17
2037-11;105.01;4.87;21.75
2037-11;107.43;5.89;20
   2037-11   ;106.73;3.94;20.31
2037-12;104.76;5.28;15.55
2037-12;107.2;6.33;20.88
   2037-12   ;104.9;4.06;16.09
2037-12;102.19;6.78;22.42
2037-12;105.05;4.75;15.33
2037-12;107.48;6.57;21.29
2037-12;103.2;3.48;19.95
08/12/2037;109.64;4.4;18.99
09/12/2037;110.44;3.36;20.63
2037-12;103.6;5.38;17.5
2037-12;104.43;6.23;16.65
2037-12;103.86;6.32;20.15
2037-12;106.28;NA;21.41
14/12/2037;106.89;4.34;22.16
2037-12;102.07;6.44;15.75
2037-12;106.54;3.49;21.63
2037-12;103.68;5.36;19.51
   2037-12   ;112.72;6.08;19.75
2037-12;108.63;4.05;22.39
2037-12;108.72;5.44;21.6
2037-12;97.47;5.38;15.76
2037-12;111.46;4.87;21.79
2037-12;105.97;3.33;21.62
2037-12;103.44;6.54;17.03
25/12/2037;101.19;4.72;22.57
26/12/2037;108.49;5.61;16.92
   2037-12   ;107.45;5.58;15.3
2037-12;109.65;3.39;22.68
2037-12;104.36;4.4;22.54
2037-12;107.21;3.96;16.48
2037-12;105.47;4.18;15.87
01/01/2038;106.65;5.68;15.79
02/01/2038;104.7;5.09;14.81
   2038-01   ;102.85;5.67;15.21
2038-01;100.51;4.75;22.01
2038-01;103.58;3.67;21.74
2038-01;107.05;4.77;18.62
07/01/2038;101.97;3.64;22.3
2038-01;107.14;3.44;16.83
2038-01;98.86;5.53;18.53
   2038-01   ;101.02;5.6;19.76
11/01/2038;100.72;6.74;21.38
2038-01;109.04;6.11;19.07
2038-01;107.76;5.79;19.22
2038-01;106.8;5.98;16.18
15/01/2038;113.69;NA;15.91
2038-01;107.12;6.51;21.19
17/01/2038;101.65;3.52;18.34
2038-01;105.13;4.94;20.38
19/01/2038;110.04;3.77;20.3
2038-01;103.6;5.39;15.34
2038-01;105.57;6.04;20.72
2038-01;108.32;5.1;16.58
2038-01;113.33;6.77;15.03
2038-01;107.46;4.55;14.98
2038-01;110.85;5.63;21.48
2038-01;105.43;5.85;20.89
2038-01;104.48;6.26;20.45
28/01/2038;103.38;3.85;19.71
2038-01;104.7;5.89;22.55
2038-01;107.84;3.61;21.61
2038-01;109.17;6.27;19.71
2038-02;108.68;6.04;19.14
02/02/2038;100.07;6.27;15.79
2038-02;101.32;6.14;17.59
2038-02;102.92;3.46;18.33
   2038-02   ;103.35;6.22;17.39
2038-02;104.65;NA;16.45
07/02/2038;100.47;4.02;16.2
2038-02;103.07;4.35;15.29
2038-02;102.95;3.37;19.58
10/02/2038;104.38;5.95;17.48
2038-02;106.56;5.49;20.55
2038-02;101.93;3.76;20.51
2038-02;102.42;4.04;22.98
14/02/2038;110.42;3.72;20.37
15/02/2038;104.58;6.55;14.82
2038-02;99.93;3.54;22.44
2038-02;101.11;4.92;22.74
2038-02;103.67;4.7;21.9
2038-02;101.42;NA;15.93
2038-02;107.68;3.29;15.41
2038-02;103.65;4.27;17.65
2038-02;108.11;3.21;21.57
2038-02;101.89;3.85;15.6
2038-02;103.55;6.43;21.66
2038-02;103.78;6.68;16.59
2038-02;100.04;4.13;19.39
   2038-02   ;102.63;3.41;14.53
2038-02;103.34;5.79;18.4
2038-03;100.55;NA;15.12
2038-03;109.59;4.97;21.3
2038-03;106.19;NA;22.08
04/03/2038;104.79;6.3;19.79
2038-03;99.26;3.37;14.64
2038-03;101.13;5.54;21.83
2038-03;107.72;3.93;18.02
2038-03;118.78;4.84;20.78
   2038-03   ;98.56;5.55;17.86
2038-03;98.73;6.75;17.93
2038-03;105.17;4.85;15.89
2038-03;105.45;3.31;16.48
   2038-03   ;102.87;4.9;21.48
2038-03;104.61;5.08;18.02
2038-03;112.45;5.91;16.87
2038-03;103.43;6.29;18.77
2038-03;109.83;NA;19.66
2038-03;105.96;6.05;21.21
2038-03;103.55;6.26;18.47
2038-03;106.6;4.37;14.56
2038-03;103.86;3.3;17.65
22/03/2038;104.96;5.8;22.05
2038-03;97.87;5.22;17.48
2038-03;103.74;3.52;15.18
   2038-03   ;97.75;3.48;17.14
2038-03;109.27;4.41;19.4
2038-03;100.94;6.64;17.34
2038-03;112.23;5.72;21.69
29/03/2038;110.78;6.59;19.15
   2038-03   ;108.31;6.04;16.04
2038-03;104.04;4.63;17.4
2038-04;104.34;5.86;21.29
2038-04;103.05;NA;14.94
2038-04;104.96;3.78;18.56
2038-04;106.77;4.34;17.96
2038-04;103.75;4.66;20.13
2038-04;106.51;4.75;22.76
2038-04;106.41;3.96;20.51
2038-04;107.96;3.48;19.63
2038-04;107.62;5.54;17.98
2038-04;102.14;5.16;18.32
2038-04;110.18;4.19;20.19
2038-04;106.49;3.35;19.4
2038-04;107.15;4.38;20.37
2038-04;98.47;4.58;17.44
2038-04;104.12;3.74;20.82
2038-04;107.06;5.87;19.83
   2038-04   ;111.22;6.37;21.54
18/04/2038;99.25;4.57;18.45
19/04/2038;109.33;4.88;15.69
2038-04;98.49;3.33;19.26
2038-04;104.49;3.54;21.77
2038-04;104.87;3.37;22.15
23/04/2038;102.03;3.32;22.2
2038-04;108.81;6.78;15.46
2038-04;107.21;4.01;16.98
26/04/2038;103.25;6.63;19.97
2038-04;110.04;3.83;16.12
2038-04;106.47;6.2;15.31
2038-04;102.9;NA;20.91
30/04/2038;100.47;4.86;15.12
2038-05;102.98;3.94;19.12
2038-05;99.8;6.15;18.99
03/05/2038;101.67;5.01;22.38
   2038-05   ;109.65;4.4;18.59
   2038-05   ;102.71;5.78;15.38
2038-05;108.36;NA;21.81
2038-05;102.49;5.86;16.1
2038-05;107.11;4.46;18.23
2038-05;96.7;6.42;14.71
2038-05;100.8;6.6;16.39
2038-05;101.16;NA;20.77
2038-05;105.8;5.4;22.02
   2038-05   ;107.27;5.3;18.15
   2038-05   ;103.77;6.1;19.12
2038-05;105.31;5.02;19.06
2038-05;102.83;4.38;14.96
2038-05;104.42;4.69;14.94
2038-05;105.07;4.92;21.75
2038-05;105.98;5.67;22.27
2038-05;101.27;6.35;17.96
2038-05;97.39;4.94;16.99
22/05/2038;108.21;4.16;19.69
   2038-05   ;106.89;6.21;21.78
2038-05;105.05;3.9;22.15
   2038-05   ;103.82;3.54;21.02
2038-05;107.99;6.21;19.87
2038-05;111.8;5.15;17.12
   2038-05   ;103.17;4.35;22.66
29/05/2038;104.1;3.31;22.95
2038-05;99.45;4.13;16.17
31/05/2038;102.84;4.87;19.98
01/06/2038;114.24;5.57;20.2
2038-06;111.22;4.42;20.6
2038-06;104.66;5.83;20.75
2038-06;103.27;4.22;20.31
05/06/2038;102.88;4.93;18.68
2038-06;102.87;3.97;14.82
2038-06;104.89;6.14;19.11
2038-06;109.1;6.78;15.81
2038-06;106.3;5.03;16.23
2038-06;102.67;5.56;15.69
11/06/2038;101.58;3.64;17.78
2038-06;102.25;5.74;18.13
2038-06;103.98;NA;15.67
2038-06;107.43;5.97;19.51
2038-06;103.03;4.71;19.86
   2038-06   ;106.79;5.9;21.75
2038-06;107.92;3.72;18.92
2038-06;105.04;4.9;22.23
2038-06;97.19;5.32;18.68
2038-06;102.15;5.75;21.81
2038-06;100.57;6.25;17.76
2038-06;111.77;4.07;19.81
2038-06;102.5;3.3;21.73
2038-06;100.99;6.5;19.14
2038-06;101.41;3.89;14.94
2038-06;106.54;4.94;15.84
2038-06;106.95;6.36;14.9
28/06/2038;99.68;4.77;19.71
2038-06;105.1;5.5;16.92
2038-06;101.6;6.28;16.44
2038-07;106.58;3.69;18.06
2038-07;106.04;6.19;19.87
2038-07;106.34;3.4;19.52
2038-07;102.84;5.38;14.94
   2038-07   ;110.11;4.28;17.09
2038-07;100.67;4.03;20.79
2038-07;105.28;5.04;15.88
   2038-07   ;105.31;4.93;21.04
2038-07;97.2;5.69;17.37
2038-07;106.48;3.21;22.69
11/07/2038;104.64;5.97;14.61
12/07/2038;102.73;4.43;21.46
2038-07;106.16;3.3;15.04
2038-07;105.51;5.58;15.93
2038-07;96.36;4.25;22.19
16/07/2038;111.94;6.55;16.47
2038-07;103.31;6.19;15.72
2038-07;110.18;NA;16.45
2038-07;107.38;3.26;16.1
2038-07;113.02;6.25;22.06
2038-07;103.95;4.19;14.52
   2038-07   ;103.51;5.69;20.83
23/07/2038;109.45;5.97;18.25
2038-07;111.48;6.39;19.51
2038-07;104.67;6.1;19.43
   2038-07   ;104.62;NA;21.05
2038-07;108.18;6.74;15.99
2038-07;111.19;4.52;17.25
   2038-07   ;101.93;6.11;20.74
30/07/2038;112.19;3.42;14.73
2038-07;103.79;6.26;20.6
2038-08;105.64;4.84;19.02
   2038-08   ;99.62;3.91;19.71
2038-08;107.66;5.19;21.22
04/08/2038;107.24;6.09;22.35
2038-08;103.27;6.5;16.46
2038-08;100.72;6.63;19.18
2038-08;107.07;3.78;16.45
2038-08;108.34;4.68;21.21
2038-08;102.57;4.28;22.44
2038-08;107.92;3.61;21.11
2038-08;106.1;5.89;16.49
12/08/2038;104.67;6.53;20.86
2038-08;103.71;6.68;18.31
2038-08;104.01;5.72;17.96
15/08/2038;110.2;4.22;22.82
2038-08;111.04;NA;22.38
2038-08;101.94;5.33;20.33
2038-08;99.92;4.3;20.8
2038-08;100.88;5.22;18.55
2038-08;107.49;3.5;14.61
2038-08;112.47;5.4;19.33
2038-08;103.44;6.4;19.11
2038-08;110.25;4.01;15.49
2038-08;94.79;4.55;18.02
2038-08;103.88;3.69;15.55
2038-08;108.62;4;17.86
2038-08;104.37;5.57;18.95
2038-08;107.83;6.02;17.81
2038-08;102.35;3.5;19.51
   2038-08   ;105.8;3.54;14.79
2038-08;105.79;4.98;19.28
2038-09;111.1;NA;19.74
2038-09;107.44;4.13;17.18
2038-09;104.66;6.4;18.41
2038-09;101.46;5.43;16.37
05/09/2038;111.24;4.41;17.26
2038-09;103.46;5.44;20.02
2038-09;100.87;6.63;16.85
   2038-09   ;105.52;3.92;17.81
2038-09;112.17;5.54;16.32
2038-09;101.88;5.49;22.84
   2038-09   ;107.18;5.76;15.39
2038-09;98.57;5.71;21.74
2038-09;93.78;3.68;16.78
2038-09;107.17;3.89;16.52
15/09/2038;98.32;3.73;22.9
2038-09;113.55;6.78;14.58
2038-09;107;6.18;21.43
2038-09;106.45;6.15;19.27
2038-09;107.64;5.12;20.93
2038-09;107.99;5.64;19.98
21/09/2038;104.65;3.31;22.6
2038-09;106.42;6.15;22.59
2038-09;107.15;3.21;22.34
2038-09;103.11;3.86;15.53
2038-09;107.34;4.26;17.6
26/09/2038;98.71;6.4;21.95
2038-09;103.47;3.93;15.17
28/09/2038;114.6;5.98;19.48
2038-09;104.16;4.53;16.77
2038-09;105.7;4.52;15.58
2038-10;101.51;4.97;21.41
2038-10;103.54;5.34;17.67
2038-10;97.6;4.48;22.24
2038-10;106.73;3.88;15.69
2038-10;96.15;6.71;22.93
06/10/2038;107.18;6.22;18.38
07/10/2038;105.44;3.76;14.94
2038-10;107.75;6.74;19.76
2038-10;107.93;5.52;14.91
2038-10;106.38;3.4;22.84
   2038-10   ;108.15;NA;15.14
2038-10;108.44;3.43;19.92
2038-10;103.26;5.54;16.89
2038-10;107.33;6.51;18.38
2038-10;101.34;4.67;16.71
2038-10;106.77;5.94;22.6
2038-10;103.12;3.26;15.69
2038-10;105.07;4.85;14.79
   2038-10   ;105.93;3.63;19.81
20/10/2038;108.89;3.77;18.79
2038-10;96.81;5.64;19.48
   2038-10   ;97.3;5.64;22.27
   2038-10   ;102.19;3.91;14.57
2038-10;105.6;4.96;19.85
2038-10;102.74;5.41;21.71
2038-10;108.55;3.24;16.42
2038-10;104.61;5.41;20.93
28/10/2038;110.29;3.8;14.85
2038-10;104.76;3.92;17.28
2038-10;108.13;3.62;21.35
2038-10;98.7;5.54;18.46
2038-11;110.1;5.82;21.32
02/11/2038;102.83;5.88;18.58
2038-11;115.3;5.41;19.1
2038-11;103.85;5.01;16.77
2038-11;100.75;5.66;16.75
06/11/2038;108.02;6.15;17.27
2038-11;107.14;3.71;18.26
2038-11;94.89;6.43;22.01
2038-11;102.86;4.94;20.59
   2038-11   ;112.3;5.19;18.93
2038-11;111.06;4.1;21.77
2038-11;98.46;4.94;17.5
   2038-11   ;106.1;5.59;19.27
2038-11;108.15;3.45;21.54
2038-11;113.79;6.25;16.35
2038-11;106.89;5.09;19.14
17/11/2038;114.36;6.72;20.66
2038-11;106.14;4.93;20.11
2038-11;103.77;5.98;15.77
2038-11;101.41;5.97;15.05
2038-11;100.3;4.27;20.65
2038-11;105.12;5.84;19.37
2038-11;106.98;5.6;20.57
2038-11;103.26;3.62;18.35
25/11/2038;102.72;6.02;21.34
2038-11;110.79;4.19;19.87
27/11/2038;106.61;4.35;16.29
2038-11;106.5;NA;14.62
2038-11;106.76;5.88;21.8
2038-11;105.76;4.46;19.52
2038-12;103.34;3.35;21.04
   2038-12   ;110;6.47;19.89
2038-12;106.24;NA;15.97
   2038-12   ;99.09;3.73;20.49
2038-12;108.91;6.21;21.02
   2038-12   ;107.08;4.48;16.93
2038-12;96.32;4.62;17.15
2038-12;104.24;3.84;20.9
2038-12;107.96;3.36;20.66
   2038-12   ;100.51;5.13;15.89
2038-12;98.66;4.32;15.57
12/12/2038;108.21;5.15;17.98
2038-12;108.39;4.57;14.66
2038-12;107.98;5.44;17.92
2038-12;109.36;3.73;20.1
2038-12;108.17;3.82;22.89
2038-12;101.24;5.19;21.65
2038-12;104.18;5.98;16.08
2038-12;106.39;5.67;20.45
2038-12;99.55;4.03;16.22
2038-12;110.54;5.96;19.16
22/12/2038;106.3;6.76;17.44
2038-12;100.49;4.02;17.45
24/12/2038;103.87;4.49;20.08
2038-12;103.31;6.15;19.57
2038-12;102.99;4.81;21.07
2038-12;100.55;4.16;18.94
2038-12;109.35;4.49;15.05
2038-12;95.66;4.86;21.47
2038-12;103.1;4.78;20.3
2038-12;107.13;6.51;22.05
2039-01;104.29;NA;16.38
2039-01;99.9;NA;22.78
   2039-01   ;100.83;5.8;16.87
2039-01;109.55;6.67;21.24
05/01/2039;104.74;4.68;19.52
2039-01;101.75;3.46;18.95
07/01/2039;103.17;5.03;17.99
2039-01;103.93;4.4;20.95
09/01/2039;100.32;4.35;22.61
2039-01;100.06;5.08;21.87
2039-01;102.56;3.71;20.99
2039-01;103.26;4.02;15.73
13/01/2039;98.64;6.63;20.84
14/01/2039;107.85;3.43;22.31
2039-01;92.81;5.88;20.23
2039-01;108.15;6.68;20.86
2039-01;104.4;5.56;21.87
18/01/2039;98.79;4.07;18.26
2039-01;108.86;6.13;18.74
2039-01;107.14;3.2;21.76
2039-01;95.25;3.56;21.08
2039-01;111.1;4.55;21.62
2039-01;114.04;5.84;15.18
24/01/2039;107.58;5.84;18.14
2039-01;105.6;4.86;17.56
2039-01;109.45;4.85;21.31
2039-01;104.86;4.5;21.93
28/01/2039;100.18;4.81;20.36
2039-01;110.64;3.39;20.28
2039-01;102.43;3.7;19.06
   2039-01   ;104.49;6.37;16.65
01/02/2039;106.99;5.87;20.46
   2039-02   ;104.01;3.4;16.97
2039-02;110.68;6.2;20.89
   2039-02   ;101.9;5.14;20.62
2039-02;110.62;4.12;17
2039-02;100.78;6.44;16.14
2039-02;97.98;6.34;22.16
2039-02;107.49;5.59;19.23
2039-02;106.37;5;16.48
10/02/2039;104.33;5.91;19.69
2039-02;108.15;6.26;19.1
   2039-02   ;108.78;3.53;18.76
13/02/2039;105.07;3.95;18.19
2039-02;101.29;5;16.89
2039-02;102.36;3.41;20.4
2039-02;108.47;6;19.98
2039-02;101.18;4.95;18.19
2039-02;107.85;3.62;15.56
2039-02;107.13;6.65;22.25
20/02/2039;104.94;5.7;20.22
2039-02;105.55;3.58;18.26
2039-02;105.31;6.5;20.78
2039-02;100.06;5.08;15.88
2039-02;105.44;6.69;18.03
2039-02;110.13;4.52;22.12
2039-02;100.39;5.77;14.63
2039-02;110.32;6.49;16.6
28/02/2039;109.57;6.65;15.49
2039-03;96.06;3.82;15.23
2039-03;98.21;5.3;19.26
2039-03;106.38;4.43;19.76
2039-03;111.08;5.44;18.82
2039-03;107.32;NA;17.36
2039-03;108.22;NA;20.58
   2039-03   ;104.48;3.92;17.2
2039-03;99.27;5.12;16.67
2039-03;111.36;5.24;17.12
2039-03;99.78;3.62;20.64
2039-03;107.64;4.28;21.53
2039-03;104.07;6.59;19.21
2039-03;110.21;6.08;16.26
14/03/2039;104.86;5.07;20.76
2039-03;105.97;6.41;17.72
   2039-03   ;103.61;6.43;17.59
2039-03;102.39;5.25;17.81
2039-03;102.44;4.21;20.46
2039-03;104.46;5.53;21.95
2039-03;108.63;5.5;21.24
2039-03;100.52;4.26;18.28
22/03/2039;110;6.17;18.62
23/03/2039;112.32;5.47;15.97
2039-03;102.7;4.54;22.64
2039-03;94.53;3.9;14.95
2039-03;99.15;5.04;19.62
2039-03;101.49;3.23;14.92
   2039-03   ;105.74;5.47;17.28
2039-03;107.1;6.8;18.97
2039-03;113.34;5.63;21.13
   2039-03   ;99.27;5.87;17.84
2039-04;112.52;4.42;15.27
   2039-04   ;110.64;6.52;18.47
2039-04;110.57;6.75;16.47
2039-04;98.98;3.51;17.16
2039-04;106.24;3.9;20.17
2039-04;107.39;4.78;21.55
2039-04;101.48;5.79;17.5
   2039-04   ;104.46;4.22;21.6
2039-04;107.19;5.02;18.72
10/04/2039;102.67;5.92;22.96
2039-04;105.37;5.04;19.65
2039-04;118.21;4.04;17.12
2039-04;99.83;3.89;21.58
2039-04;106.93;3.96;18.01
2039-04;108.34;5.37;21.2
2039-04;101.44;3.69;20.99
17/04/2039;108.06;3.67;17.3
2039-04;107.74;3.89;22.48
2039-04;96.68;5.48;20.46
20/04/2039;111.1;5.95;22.11
2039-04;97.63;5.82;20.56
2039-04;105.6;6.69;16.28
2039-04;104.92;3.32;19.33
2039-04;107.4;4.67;19.09
2039-04;106.31;6.27;19.75
2039-04;103.49;3.27;20.47
   2039-04   ;102.17;6.45;19.41
28/04/2039;108.43;5.36;18.68
2039-04;104.55;5.61;20.4
2039-04;101.84;3.35;17.27
2039-05;112.37;3.8;18.72
02/05/2039;103.14;4.22;15.46
2039-05;102.44;5;21.57
2039-05;105.21;3.43;22.02
2039-05;99.58;3.46;15.42
2039-05;104.12;6.08;17.37
2039-05;106.21;5.53;20.46
08/05/2039;103.11;4.5;20.31
09/05/2039;104.77;4.32;21.35
2039-05;103.86;5.88;14.92
   2039-05   ;103.56;5.16;21.85
2039-05;108.23;3.36;21.18
2039-05;111.55;5.68;16.98
2039-05;104.54;6.59;21.4
2039-05;112.03;6.08;19.89
2039-05;103.53;4.97;15.53
17/05/2039;105.62;3.82;20.81
2039-05;101.79;5.65;21.88
2039-05;107.41;6.63;15.59
2039-05;107.47;4.34;18.19
2039-05;109.32;4.33;20.26
2039-05;103.01;5.72;14.65
   2039-05   ;105.43;4.07;19.22
2039-05;105.18;6.06;17.69
2039-05;110.72;5.58;18.06
2039-05;105.97;5.72;20.83
   2039-05   ;106.68;4.74;15.87
2039-05;102.46;3.68;22.86
   2039-05   ;103.96;4.67;15.43
2039-05;105.04;4.72;18.47
31/05/2039;107.7;5.4;14.72
2039-06;105.02;NA;22.53
2039-06;97.88;5.12;21.86
2039-06;97.62;3.27;15.55
2039-06;99.54;4.97;15.65
   2039-06   ;99.9;6.17;21.87
2039-06;98.76;6.16;17
2039-06;100.9;NA;16.24
2039-06;98.6;3.63;15.81
2039-06;106.9;4.15;18.96
2039-06;105.23;4.28;18.61
2039-06;103.49;3.49;17.95
2039-06;104.31;5.75;22.15
13/06/2039;98.59;NA;17.96
2039-06;110.1;4.83;18.49
2039-06;107.64;4.4;17.72
   2039-06   ;103.08;3.99;17.05
2039-06;109.65;6.43;22.12
2039-06;94.82;6.45;17.21
2039-06;109.24;NA;19.24
2039-06;104.59;4.13;17.32
   2039-06   ;103.98;5.42;22.8
22/06/2039;99.39;5.85;20.63
2039-06;110.76;3.67;15.58
2039-06;105.89;4.03;16.49
2039-06;110.01;6.65;18.94
2039-06;101.87;4.81;18.76
2039-06;109.81;3.88;18.88
2039-06;110.77;3.69;21.71
   2039-06   ;103.87;5.41;21.98
2039-06;116.8;3.3;16.34
2039-07;105.92;6.45;18.67
2039-07;104.6;6.35;15.65
   2039-07   ;99.73;3.95;20.57
2039-07;106.31;6.64;22.87
2039-07;99.89;3.66;18.04
2039-07;106.18;3.81;21.22
2039-07;110.39;5.07;17.33
2039-07;100.2;5.3;20.89
   2039-07   ;101.72;3.91;18.64
2039-07;110.32;3.75;18.81
   2039-07   ;106.44;5.01;15.24
2039-07;115.61;NA;18.96
2039-07;109.33;6.08;18.07
2039-07;106.84;6.55;22.8
2039-07;107.86;NA;17.8
16/07/2039;105.32;4.99;20.46
2039-07;102.81;4.15;16.48
2039-07;101.82;5.98;20.58
2039-07;106.4;6.8;22.29
2039-07;102.57;3.71;17.16
2039-07;100.69;4.23;16.19
22/07/2039;105.83;6.31;16.06
2039-07;106.13;5.89;22.75
2039-07;110.13;5.88;19.4
25/07/2039;110.25;6.2;22.33
2039-07;112.4;3.38;15.88
2039-07;102.44;6.53;22.03
2039-07;107.35;6.61;16.4
2039-07;102.88;6.72;20.35
2039-07;109.04;5.07;14.67
2039-07;104.59;NA;18.17
   2039-08   ;102.59;4.4;19.96
2039-08;104.8;5.45;22.2
   2039-08   ;103.89;4.9;16.85
2039-08;104.52;3.23;18.9
2039-08;106.8;3.64;19.85
06/08/2039;109.67;3.29;17.24
2039-08;99.57;5.33;21.98
2039-08;107.09;6.26;21.17
09/08/2039;105.17;4.25;20.24
   2039-08   ;104.64;6.41;20.32
11/08/2039;105.21;4.91;19.23
2039-08;107.75;5.39;18.55
2039-08;104.83;5.97;17.8
2039-08;107.78;4.51;15.4
2039-08;111.94;3.74;18.73
2039-08;106.27;4.9;19.38
2039-08;103.48;4.92;21.98
2039-08;100.97;5.83;18.18
19/08/2039;105.39;3.4;15.65
2039-08;102.54;5.74;17.74
2039-08;106.64;4.69;20.6
2039-08;101.25;5.89;15.86
2039-08;105.88;5.32;17.38
24/08/2039;110.81;3.66;17.87
2039-08;99.76;5.36;15.58
2039-08;108.72;4.12;20.48
27/08/2039;101.37;3.3;18.33
2039-08;103.38;3.98;18.26
29/08/2039;100.25;4.98;19.91
30/08/2039;113.18;5.07;19.07
2039-08;108.51;4.62;16.8
01/09/2039;101.05;4.55;18.58
2039-09;110.66;4.35;20.08
2039-09;104.73;4.27;22.13
2039-09;101.51;4.87;15.41
2039-09;98.69;6.55;22.71
2039-09;102.73;6.02;20.61
2039-09;102.76;5.62;18.72
2039-09;111.32;6.1;16.65
2039-09;101.84;4.08;14.62
   2039-09   ;97.23;3.8;15.76
11/09/2039;103.24;6.33;22.12
12/09/2039;106.51;5.53;19.05
   2039-09   ;107.09;5.14;17.12
2039-09;101.41;5.59;15.54
2039-09;101.72;3.54;18.78
2039-09;112.11;3.48;19.91
   2039-09   ;96.49;4.28;17.45
2039-09;99.02;3.36;15.26
2039-09;102.18;5.82;18.21
2039-09;105.15;6.78;18.84
2039-09;102.08;4.85;21.46
2039-09;101.27;4.62;17.54
2039-09;103.62;6.04;16.44
24/09/2039;107.89;4.99;18.81
2039-09;105.32;6.6;15.02
26/09/2039;99.15;4.81;19.17
2039-09;100.43;3.21;18.69
2039-09;101.75;6.41;21.79
2039-09;104.77;4.24;16.85
2039-09;102.49;4.14;16.87
   2039-10   ;113.17;3.8;22.66
2039-10;103.32;6.65;19.31
2039-10;105.09;6.48;21.24
2039-10;106.42;5.18;16.55
2039-10;103.72;4.66;22.14
06/10/2039;103.53;3.26;21.29
07/10/2039;106.39;3.59;21.6
08/10/2039;101.29;NA;16.27
2039-10;101.9;6.4;16.45
2039-10;97.63;6;15.66
2039-10;101.45;5.32;17.25
2039-10;104.62;4.14;18.39
2039-10;102.75;5.54;22.45
2039-10;100.44;6.31;17.54
2039-10;105.09;3.74;19.99
2039-10;107.07;6.49;17.67
2039-10;99.46;4.76;16.64
18/10/2039;110.1;3.58;17.18
2039-10;107.46;6.48;15.33
2039-10;107.33;5.76;21.86
2039-10;99.29;4.33;15.83
2039-10;101.96;NA;22.72
2039-10;104.85;3.99;16.46
2039-10;94.24;6.18;20.84
2039-10;110.49;5.56;17.43
2039-10;105.03;3.77;18.68
2039-10;101.06;5.89;19.61
2039-10;106.11;4.82;17.28
   2039-10   ;109.4;6.38;21.14
2039-10;98.65;5.66;15.74
2039-10;105.54;3.39;17.29
2039-11;103.34;4.33;16.92
02/11/2039;105.28;3.84;16.72
2039-11;107.67;3.44;18.53
2039-11;106.37;3.68;21.35
2039-11;103.09;4.92;21.25
   2039-11   ;111.28;3.58;18.34
07/11/2039;107.14;4.79;21.78
2039-11;114.71;4.66;20.63
   2039-11   ;110.53;6.72;18.34
2039-11;99.43;3.24;16.23
2039-11;105.79;NA;18.53
2039-11;104.7;4.92;18.11
2039-11;107.95;6.71;18.42
14/11/2039;107.56;4.52;19.03
15/11/2039;106.63;6.42;15.57
2039-11;106.15;6.18;21.36
2039-11;108.18;4.21;16.02
18/11/2039;100.86;5.03;14.9
   2039-11   ;103.24;5.87;21.02
2039-11;108.05;6.67;19.44
21/11/2039;110.24;4.74;17.86
22/11/2039;110.36;5.51;21.08
   2039-11   ;106.7;5.05;18.37
   2039-11   ;106.89;5.03;19.04
   2039-11   ;106.45;5.46;15.38
2039-11;106.24;6.63;17.26
2039-11;108.36;3.62;16.96
2039-11;106.44;6.15;18.78
2039-11;108.48;NA;22.45
   2039-11   ;113.17;5.26;17.06
2039-12;103.5;4.35;17.76
   2039-12   ;110.06;5.69;18.12
03/12/2039;109.13;NA;22.76
2039-12;113.61;4.11;18.96
05/12/2039;96.74;6.36;17.98
2039-12;112.75;6.01;19.25
2039-12;105.5;3.49;20
2039-12;107.7;6.08;16.36
2039-12;102.09;5.99;21.85
2039-12;100.59;6.52;15.79
2039-12;101.41;5.88;22.11
12/12/2039;108.24;3.4;21.19
13/12/2039;103.74;4.21;18.89
2039-12;113.81;4.63;16.51
2039-12;105.4;3.88;15.62
2039-12;107.25;5.06;16.99
   2039-12   ;104.85;3.99;20.54
2039-12;107.68;3.52;14.65
   2039-12   ;111.1;5.38;19.26
2039-12;107.27;6.75;16.63
2039-12;104.08;3.83;21.3
2039-12;103.56;5.35;22.07
2039-12;102.41;5.02;21.41
24/12/2039;103.83;6.48;15.55
2039-12;113.91;3.27;17.27
   2039-12   ;102.01;4.66;21.06
2039-12;108.99;4.62;19.17
28/12/2039;108.22;3.85;17.44
   2039-12   ;103.33;4.91;17.03
   2039-12   ;95.91;5.01;16.8
2039-12;111.53;6.69;15.02
   2040-01   ;104.91;4.79;17.48
   2040-01   ;103.8;5.51;17.5
03/01/2040;103.97;NA;16.45
2040-01;106.95;4.29;16.67
2040-01;105.28;5.09;18.32
2040-01;104.7;3.71;20.27
2040-01;107.05;4.51;20.05
2040-01;105.84;3.42;17.48
09/01/2040;100.26;4.01;20.72
2040-01;103.41;4.41;16.54
2040-01;107.89;5.28;15.88
2040-01;98.4;3.64;18.7
13/01/2040;111.03;6.49;17.18
   2040-01   ;115;3.58;22.04
2040-01;107.11;6.41;19.29
2040-01;105.1;5.84;16.85
   2040-01   ;111.78;5.76;17.13
18/01/2040;106.17;3.97;22.81
2040-01;97.78;6.16;15.9
2040-01;104.83;3.35;20.59
   2040-01   ;100.06;6.64;16.68
2040-01;97.72;4.67;17.3
2040-01;104.83;5.45;21.72
2040-01;100.04;4.53;14.62
   2040-01   ;110.68;4.5;19.34
2040-01;90.59;3.63;18.72
2040-01;109.79;3.3;19.1
2040-01;103.95;6.37;22.08
2040-01;113.6;4.48;18.13
2040-01;111.84;6.41;22.91
2040-01;105.43;3.97;15.75
2040-02;101.41;5.51;18.18
2040-02;101.39;5.54;22.37
2040-02;98.81;6.07;20.84
2040-02;99.96;5.2;18.76
2040-02;103.53;6.49;16.97
   2040-02   ;107.51;5.51;20.56
07/02/2040;106.72;5.69;17.54
2040-02;94.08;4.54;16.33
2040-02;100.1;5.31;17.15
2040-02;111.76;5.61;16.83
2040-02;106.51;6.09;16.32
2040-02;101.15;4.95;15.03
   2040-02   ;104.13;6.32;22.92
2040-02;97.7;4.49;18.18
2040-02;107.75;4.98;21.97
2040-02;107.59;3.65;22.75
   2040-02   ;111.02;5.94;14.55
2040-02;104.23;4.4;18.78
19/02/2040;104.42;3.58;15.45
2040-02;103.24;4.18;16.88
2040-02;104.42;6.06;20.43
2040-02;110.62;5.91;19.01
2040-02;103.55;5.37;17.12
2040-02;102.94;4.95;18.32
25/02/2040;104.18;4.6;17.59
2040-02;99.86;5.46;15.59
2040-02;103.1;6.34;16.86
28/02/2040;104.05;5.59;17.93
2040-02;112.94;NA;19.41
2040-03;105.02;5.45;22.11
2040-03;99.42;5.19;15.48
   2040-03   ;107.05;6.28;20.38
2040-03;100.16;3.85;14.65
05/03/2040;101.55;5.58;19.33
2040-03;104.9;6.44;15.74
2040-03;98.34;6.68;17.14
2040-03;96.39;6.41;21.67
2040-03;110.11;5.53;14.89
2040-03;104.63;5.89;17.06
11/03/2040;101.41;6.61;17.67
2040-03;110.27;3.82;21.77
2040-03;97.74;5.07;15.88
14/03/2040;107.73;4.49;17.86
2040-03;109.06;NA;14.81
2040-03;110;6.04;18.92
2040-03;98.35;5.14;14.85
2040-03;101.84;NA;21.9
2040-03;110.37;5.32;16.01
20/03/2040;104.65;6.15;21.46
21/03/2040;108.01;5.83;18.13
2040-03;103.43;3.89;16.85
2040-03;107.52;NA;15.58
   2040-03   ;105.98;4.77;20.02
   2040-03   ;108.43;6.59;21.08
2040-03;106.19;5.74;15.95
2040-03;106.31;3.31;21.97
2040-03;102.66;6.73;19.33
2040-03;104.82;3.67;17.33
2040-03;111.64;6.08;17.35
2040-03;102.78;4.56;19.92
2040-04;104.32;3.71;18.72
2040-04;101.37;4.41;20.05
2040-04;105.56;6.48;21.67
2040-04;105.05;NA;16.02
2040-04;109.17;6.71;18.53
2040-04;106.66;4.85;16.16
2040-04;105;4.97;21.14
2040-04;110.49;4.59;19.88
2040-04;105.08;3.48;17.72
2040-04;104.03;6.26;15.96
2040-04;104.04;3.39;22.33
2040-04;99.02;5.79;15.24
2040-04;109.12;5.02;20.49
2040-04;103.73;5.28;18.82
15/04/2040;108.61;3.9;16.51
2040-04;102.84;4.54;21.23
2040-04;108.31;NA;17.67
18/04/2040;107.99;5.53;19.72
2040-04;106.05;6.63;20.78
2040-04;101.91;3.5;17.55
2040-04;103.67;5.96;14.63
   2040-04   ;104.26;6.24;17.13
2040-04;109.81;5.88;17
2040-04;99.49;3.28;16.45
2040-04;109.48;6.25;20.01
26/04/2040;103.92;6.57;21.36
   2040-04   ;101.61;4.64;22.88
2040-04;104.29;4.12;18.97
29/04/2040;96.66;3.93;19.84
30/04/2040;101.23;5.42;20.24
2040-05;106.73;6.01;14.97
2040-05;107.93;5.19;21.56
03/05/2040;110.03;5.64;21.88
2040-05;103.76;4.89;22.24
   2040-05   ;107.02;5.13;21.38
2040-05;98.66;6.43;15.59
07/05/2040;106.47;5.07;19.85
2040-05;111.79;5.31;19.19
2040-05;105.56;6.55;15.12
2040-05;106.83;6.2;19.89
11/05/2040;101.91;5.56;21.66
2040-05;108.88;6.3;15.33
2040-05;108.13;6.13;17.25
2040-05;100;5.35;19.23
2040-05;105.27;5.71;22.27
2040-05;104.2;6.39;19.08
2040-05;99.42;5.49;17.01
2040-05;105.63;5.85;22.21
2040-05;110.69;4.06;15.98
20/05/2040;107.5;3.33;18.56
   2040-05   ;103.13;6.7;16.83
2040-05;106.74;6.17;20.59
2040-05;106.48;4.94;19.99
2040-05;107.35;4.2;17.3
2040-05;107.44;3.57;19.41
2040-05;106.58;5.22;21.92
27/05/2040;105.31;6.52;15.78
2040-05;99.94;5.19;18.08
2040-05;108.26;5.21;18.92
2040-05;100.25;5.08;16.35
2040-05;109.95;5.83;16.24
2040-06;102.63;5.13;19.56
2040-06;107.82;3.64;20.89
2040-06;102.97;6.08;19.54
2040-06;102.86;6.76;22.47
2040-06;100.92;5.57;21.99
2040-06;111.45;4.23;15.6
2040-06;103.28;NA;22.01
08/06/2040;100.49;4.42;20.38
2040-06;106.25;3.7;17.54
2040-06;101.72;4.92;14.96
2040-06;100.99;5.93;19.49
2040-06;109.68;6.41;15.2
   2040-06   ;103.7;4.86;16.9
2040-06;106.54;4.47;21.29
2040-06;98.24;3.41;21.23
2040-06;104.83;NA;19.98
2040-06;107.93;6.09;19.91
2040-06;102.88;6.77;14.64
2040-06;103.91;3.91;15.97
20/06/2040;104.17;5.19;14.5
2040-06;105.73;6.65;14.67
2040-06;105.06;4.79;20.3
2040-06;107.74;4;19.77
2040-06;107.31;5.85;22.11
2040-06;100.96;4.71;18.44
2040-06;101.52;6.15;15.35
2040-06;105.09;3.22;16.54
2040-06;102.4;6.75;21
2040-06;102.64;3.38;16.56
2040-06;110.7;5.85;18.12
   2040-07   ;108.09;3.31;16.37
02/07/2040;107.38;6.47;20.07
2040-07;103.2;3.83;22.03
2040-07;106.41;4.85;20.92
2040-07;105.63;6.4;21.65
2040-07;106.84;5.22;19.8
2040-07;104.22;4.64;22.12
2040-07;108.72;4.89;19.85
2040-07;107.57;5.12;14.7
2040-07;105.81;4.01;22.87
   2040-07   ;102.79;6.03;16.43
2040-07;95.55;3.64;14.61
2040-07;107.17;4.11;21.66
2040-07;115.07;4.11;21.89
2040-07;106.98;6.41;17.75
2040-07;107.68;3.45;20.43
2040-07;109.43;5.1;14.79
2040-07;98.67;4.05;21.41
2040-07;98.43;5.43;16.46
2040-07;96.25;5.34;17.32
2040-07;104.94;4.33;18.26
   2040-07   ;110.32;6.35;22.95
2040-07;110.54;3.63;15.74
2040-07;95.89;5.36;22.46
25/07/2040;104.98;6.09;20.74
2040-07;103.88;5.46;15.15
2040-07;102.74;3.48;21.86
   2040-07   ;105.51;6.39;22.53
2040-07;108.31;3.82;15
2040-07;106.98;6.2;19.59
   2040-07   ;112.39;4.64;16.41
   2040-08   ;102.06;4.67;22.69
2040-08;103.06;3.8;20.89
2040-08;103.62;6.11;16.18
04/08/2040;109.6;4.34;18.24
2040-08;106.58;4.01;20.04
2040-08;108.18;5.62;22.46
2040-08;107.75;3.57;19.02
08/08/2040;110.59;3.93;14.92
2040-08;96.89;3.24;21.96
2040-08;109.26;6.01;22.86
11/08/2040;104.04;5.28;19.8
12/08/2040;111.13;3.93;16.53
2040-08;105.35;6.4;17.87
14/08/2040;108.42;6.28;21.01
2040-08;111.82;3.28;17.51
2040-08;99.98;3.73;17.63
2040-08;104.2;5.06;19.98
2040-08;96.95;4.75;19.5
2040-08;108.87;3.57;22.05
2040-08;108.2;5.32;22.81
2040-08;104.88;3.41;18.17
2040-08;105.31;5.79;18.56
2040-08;102.83;5.48;21.86
2040-08;103.99;4.31;21.72
   2040-08   ;104.29;4.57;14.56
2040-08;109.03;3.75;15.46
2040-08;110.47;5.16;16.19
2040-08;105.23;4.16;14.56
2040-08;110.03;5.34;21.71
2040-08;109.85;5.75;21.06
2040-08;104.72;5.42;14.9
   2040-09   ;102.7;6.56;19.27
2040-09;101.3;4.45;17.2
2040-09;107.26;3.5;18.59
2040-09;105.68;3.63;18.07
   2040-09   ;103.35;3.54;21.45
2040-09;107.55;3.92;18.68
2040-09;108.57;3.76;17.9
2040-09;99.22;5.52;19.29
2040-09;106.17;5.37;20.74
   2040-09   ;102.36;6.51;18.24
2040-09;107.48;4.24;16.83
2040-09;107.41;3.64;20.84
2040-09;100.45;4.95;16.39
2040-09;100.18;4.64;17.68
   2040-09   ;103.31;3.38;18.55
2040-09;111.5;5.83;18.93
2040-09;105.84;4.11;14.9
2040-09;96.88;4.69;15.42
19/09/2040;102.18;5.29;17.85
2040-09;107.79;5.72;19.4
2040-09;101.27;3.58;14.97
2040-09;102.18;3.63;16.65
2040-09;102.22;5.04;17.71
24/09/2040;100.04;6.8;23
2040-09;106.32;5.21;17.12
2040-09;101.35;4.48;17.05
27/09/2040;106.43;3.21;16.81
   2040-09   ;106.61;6.55;16.37
2040-09;109.42;6.43;15.27
2040-09;98.9;6.73;20.18
2040-10;104.21;4.18;16.85
   2040-10   ;102.88;5.24;21.28
03/10/2040;106.14;3.55;20.76
   2040-10   ;114.48;3.46;20.27
2040-10;105.47;5.69;17.22
2040-10;105.22;4.68;21.05
2040-10;99.95;5.16;19.48
08/10/2040;104.12;5.67;17.64
09/10/2040;102.23;3.32;17.44
   2040-10   ;108.52;5.15;19.95
11/10/2040;100.61;5.58;18.04
2040-10;106.05;5.46;18.76
2040-10;106.95;4.76;15.84
2040-10;105.67;3.91;19.08
2040-10;102.02;4.97;20.18
2040-10;102.51;3.29;17.73
17/10/2040;103.31;6.36;18.93
2040-10;97.6;6.27;17.92
2040-10;103.9;4.59;19
2040-10;108.95;4.09;19.41
2040-10;100.42;4.88;15.17
2040-10;107.25;4.01;21.62
2040-10;106.6;3.48;18.96
2040-10;108.85;NA;17.86
2040-10;104.43;5.91;20.32
2040-10;106.63;3.65;19.41
2040-10;113.71;NA;14.88
2040-10;106.21;4.09;16.32
2040-10;99.15;4.6;20.93
   2040-10   ;106.08;3.42;18.28
2040-10;106.13;3.79;22.07
01/11/2040;106.32;3.3;20.18
   2040-11   ;114.01;NA;18.85
2040-11;107.89;4.4;20.64
04/11/2040;105.25;NA;15.39
   2040-11   ;113.27;4.46;14.96
2040-11;102.35;3.76;22.92
2040-11;109.02;6.32;22.5
08/11/2040;104.91;3.9;18.48
2040-11;102.22;6.2;17.53
2040-11;108.44;3.53;15.18
2040-11;103.39;3.52;17.85
2040-11;100.83;4.3;19.75
2040-11;102.96;5.67;15.11
2040-11;101.4;6.05;22.38
15/11/2040;98.17;4.17;22.42
2040-11;102.01;5.33;18.86
   2040-11   ;104.12;6.59;18.28
2040-11;106.78;4.16;20.59
   2040-11   ;103.32;3.27;18.51
2040-11;103.14;3.89;16.3
2040-11;102.29;3.38;20.39
22/11/2040;116.46;5.81;16.26
2040-11;100.81;5.53;20.62
2040-11;109.26;6.67;14.98
   2040-11   ;99.81;6.56;20.99
2040-11;102.5;5.77;20.48
2040-11;109.22;NA;20.56
2040-11;102.84;6.69;15.76
2040-11;100.73;3.65;20.75
2040-11;102.13;4.62;19.52
2040-12;108.83;4.56;22.56
2040-12;108.55;4.34;18.93
2040-12;101.79;4.35;19.05
2040-12;111.47;6.45;20.82
05/12/2040;111.68;5.38;21.51
   2040-12   ;103.56;3.48;18.8
2040-12;110.33;4.36;19.57
2040-12;98.9;5.99;18.64
2040-12;109.9;5.6;20.76
2040-12;104.68;3.88;19.76
2040-12;111.15;5.44;14.95
12/12/2040;108.43;NA;15.42
2040-12;105.1;4.13;17.65
2040-12;105.3;4.26;18
2040-12;103.54;5.26;22.68
2040-12;103.39;6.27;15.3
2040-12;103.44;3.26;15.86
2040-12;104.66;4.7;17.53
2040-12;104.66;4.49;16.68
2040-12;97.38;6.11;20.06
21/12/2040;102.42;6.44;18.59
2040-12;111.44;3.34;20.31
2040-12;106.99;6.79;14.71
2040-12;105.98;5.11;22.81
2040-12;97.63;6.77;17.45
2040-12;108.85;5.88;19.95
2040-12;99.99;4.4;18.51
   2040-12   ;103.26;5.53;20.4
2040-12;101.47;5.78;15.14
30/12/2040;107.8;3.62;21.27
31/12/2040;102.21;5.42;19.69
01/01/2041;104.02;4.32;16.49
2041-01;108.21;6.7;17.02
2041-01;102.25;6.66;19.03
2041-01;107.3;4.1;22.44
   2041-01   ;108.43;3.32;17.02
2041-01;97.78;3.89;15.1
2041-01;101.91;3.69;21.32
08/01/2041;105.23;4.43;18.15
2041-01;108.74;6.11;20.54
2041-01;101.84;4.65;21.6
2041-01;110.54;5.25;20.12
   2041-01   ;100.75;4;16.4
13/01/2041;107.72;NA;20.21
14/01/2041;112.44;4.77;19.35
2041-01;100.05;6.05;15.19
   2041-01   ;105.17;3.25;22.03
2041-01;109.2;4.55;22
2041-01;97.59;4.49;19.02
2041-01;107.26;3.57;18.88
2041-01;104.39;4.32;17.31
21/01/2041;105.86;5.26;17.26
2041-01;98.89;5.58;20.18
2041-01;104.79;4.61;14.61
2041-01;107.3;5.73;14.99
2041-01;108.59;6.66;19.47
2041-01;99.37;5.41;19.72
2041-01;106.99;3.48;15.31
2041-01;101.43;3.23;15.33
29/01/2041;103.26;6;17.42
2041-01;115.19;4.93;16.15
   2041-01   ;106.2;NA;22.19
   2041-02   ;102.73;4;22.79
2041-02;105.6;5.09;19.93
2041-02;101.41;4.87;20.85
2041-02;102.13;3.83;18.89
2041-02;108.17;3.49;20.86
06/02/2041;103.69;NA;15.8
2041-02;104.52;6.73;20.16
2041-02;106.9;4.25;14.77
09/02/2041;103.83;4.1;22.71
2041-02;104.89;4.73;21.84
2041-02;101.79;6.2;18.3
   2041-02   ;106.4;6.05;22.37
   2041-02   ;102.78;5.85;16.32
2041-02;110.22;4.55;19.62
15/02/2041;106.08;3.85;16.04
2041-02;103.71;4.88;20.25
2041-02;105.08;3.65;20.52
2041-02;106.48;6.08;18.01
2041-02;103.12;5.84;15
2041-02;108.81;5.25;15.53
   2041-02   ;101;3.43;19.55
2041-02;106.54;3.89;15.11
23/02/2041;109.57;3.48;17.46
2041-02;104.61;6.61;16.11
2041-02;106.8;6.25;15.52
26/02/2041;110.81;5.91;19.49
27/02/2041;101.36;NA;18.87
   2041-02   ;107.88;4.14;18.3
2041-03;111.24;4.75;18.05
02/03/2041;107.12;4.13;22.71
2041-03;111.99;5.85;21.83
2041-03;105.21;4.82;19.57
2041-03;103.34;6.01;19.71
2041-03;97.21;5.91;17.02
2041-03;103.67;3.71;14.6
2041-03;104.2;5.9;21.47
2041-03;97.27;NA;16.53
2041-03;105.68;6.52;19.22
2041-03;110.02;3.21;19.41
2041-03;104.49;5.09;21.31
2041-03;108.23;5.21;19.4
2041-03;108.47;6.36;22.33
15/03/2041;106.75;3.28;16.37
2041-03;103.09;6.35;22.05
2041-03;109.15;5.68;15.24
2041-03;103.35;3.93;20.47
2041-03;103.42;5.78;20.57
20/03/2041;106.27;4.94;15.02
2041-03;111.96;4.24;18.08
22/03/2041;106.15;5.4;18.31
2041-03;99.25;4.63;19.45
2041-03;104.94;3.6;15
2041-03;109.24;4.42;16.38
26/03/2041;112.05;6.53;19.93
27/03/2041;105.81;6.65;16.74
2041-03;103.95;4.4;18.38
29/03/2041;107.53;6.15;15
   2041-03   ;99.08;4.16;22.73
2041-03;92.44;6.31;18.1
   2041-04   ;109.29;6.11;22.99
2041-04;105.16;5.27;21.87
2041-04;110.06;5.59;21.88
2041-04;103.88;3.58;17.3
05/04/2041;99.96;3.32;21.25
2041-04;107.69;6.12;15.35
2041-04;108.44;5.19;20.33
2041-04;106.78;NA;14.62
2041-04;107.85;5.09;18.21
2041-04;104.49;3.46;18.55
2041-04;104.01;3.92;19.39
2041-04;101.15;6.63;16.8
2041-04;107.54;5.97;15.89
   2041-04   ;108.39;4.45;22.42
2041-04;103.85;6;20.78
2041-04;99.51;5.58;15.72
2041-04;106.51;5.9;18.53
2041-04;108.66;4.84;21.21
2041-04;106.48;5.77;22.53
20/04/2041;100.71;4;20.22
2041-04;102.66;6.71;20.74
2041-04;109.79;3.24;15.12
2041-04;99.36;4.23;18.38
2041-04;112.37;4.58;20.54
2041-04;107.15;4.98;16.51
26/04/2041;101.35;NA;18.98
2041-04;111.49;6.28;22.36
   2041-04   ;104.38;4.34;21.26
2041-04;102.77;4.63;16.07
2041-04;108.57;4.26;21.03
2041-05;106.88;6.77;20.44
2041-05;105.61;6.07;14.54
2041-05;106.53;5.89;15.85
2041-05;104.83;6.27;21.98
2041-05;104.36;5.37;15.85
2041-05;105.67;6.54;17.69
2041-05;98.59;4.24;21.99
2041-05;106.49;3.86;17.63
2041-05;101.73;4.95;17.99
2041-05;103.51;4.08;17.45
2041-05;101.11;5.86;18.18
2041-05;100.7;3.43;15.86
13/05/2041;99.97;4.17;22.92
2041-05;108.38;5.19;22.76
2041-05;116.41;NA;14.57
2041-05;107.17;3.55;19.54
2041-05;103.38;6.27;20.42
2041-05;102.39;3.78;22.02
2041-05;97.62;5.16;19.45
2041-05;102.42;4.56;18.6
2041-05;108.49;3.56;14.9
22/05/2041;109.3;3.97;15.88
2041-05;103.64;3.28;21.42
2041-05;110.69;5.77;20.56
   2041-05   ;97.3;3.43;16.33
2041-05;104.73;4.66;21.21
2041-05;100.81;5.08;14.58
2041-05;106.25;5.54;22.17
2041-05;105.27;4.11;16.9
2041-05;107.76;3.42;21.21
31/05/2041;109.44;4.25;15.76
2041-06;113.92;4.05;20.69
2041-06;103.15;6.21;20.91
   2041-06   ;108.26;6.63;16.6
2041-06;108.89;3.62;14.69
05/06/2041;102.04;6.46;16.41
2041-06;106.82;4.35;21.74
2041-06;105.9;6.71;20.73
2041-06;104.14;6.6;19.59
2041-06;103.52;5.16;22.68
10/06/2041;99.89;3.28;15.82
2041-06;107.85;4.01;15.8
2041-06;104.49;5.39;14.62
2041-06;104.03;4.8;16.02
2041-06;104.07;6.62;20.37
2041-06;105.28;3.56;17.64
16/06/2041;105.54;6.36;17.67
2041-06;102.24;3.52;20
   2041-06   ;106.32;4.95;16
2041-06;103.74;3.63;19.15
2041-06;108.88;NA;17.29
21/06/2041;102.49;5.62;19.76
22/06/2041;105.45;3.8;19.96
2041-06;103.19;5.9;16.91
2041-06;107.67;4.51;16.54
2041-06;108.38;6.26;16.31
2041-06;104.4;6.71;19.08
2041-06;100.89;5.35;20.37
2041-06;101.83;4.44;21.21
29/06/2041;107.53;3.53;20.48
30/06/2041;108.03;6.49;21.11
2041-07;104.45;3.36;16.73
2041-07;99.79;6.52;15.76
   2041-07   ;107.27;5.64;15
2041-07;106.59;4.39;16.07
2041-07;101.79;5.74;16.09
2041-07;99.51;6.18;22.13
2041-07;106.27;5.21;14.72
   2041-07   ;106.28;6.63;15.51
2041-07;109.48;5.73;16.44
10/07/2041;106.78;6.68;19.59
2041-07;107.95;5.08;16.8
2041-07;102.19;6.66;20.91
2041-07;99.13;6.43;17.7
2041-07;103.41;5.1;21.91
2041-07;107.83;4.65;17.63
2041-07;99.79;5.61;15.89
2041-07;102.76;3.94;21.84
18/07/2041;103.24;5.58;20.28
2041-07;110.06;4.41;15.95
2041-07;104.6;4.5;20.65
2041-07;106.24;5.98;16.71
2041-07;105.03;3.64;18.03
   2041-07   ;98.94;6.25;15.55
2041-07;111.75;4.16;22.62
2041-07;107.73;4.93;16.25
2041-07;105.47;3.27;20.18
27/07/2041;103.16;4.14;18.24
2041-07;101.86;3.36;20.85
2041-07;104.31;3.55;14.89
2041-07;101.34;5.78;19.01
2041-07;103.85;3.72;16.61
2041-08;106.32;NA;17.74
2041-08;106.72;5.11;15.93
2041-08;114.8;5.58;22.29
2041-08;100.74;3.28;21.62
2041-08;99.46;5.97;14.8
2041-08;102.58;4.41;19.2
07/08/2041;105.44;5.82;17.36
2041-08;106.35;3.44;15.12
2041-08;98.67;5.76;18.85
2041-08;114.53;5.48;15.17
2041-08;114.07;5.52;16.79
2041-08;99.21;4.59;17.52
13/08/2041;105.53;4.04;20.56
2041-08;107.46;4.75;16.02
2041-08;112.44;6.6;22.56
2041-08;109.92;5.48;22.69
2041-08;103.47;3.62;22.06
   2041-08   ;108.71;3.7;18.55
2041-08;110.12;4.19;17.73
2041-08;101.85;3.32;15.99
2041-08;110.92;4.12;14.59
2041-08;104.95;6.44;21.9
2041-08;100.89;5.01;16.87
24/08/2041;102.04;5.23;15.97
2041-08;102.35;4.04;14.55
26/08/2041;108.27;NA;15.68
2041-08;103.81;5.85;21.22
2041-08;101.09;6.36;20.57
2041-08;96.31;4.06;21.88
   2041-08   ;102.82;6.54;17.69
31/08/2041;102.28;6.08;18.3
2041-09;101.16;4.93;16.98
2041-09;97.21;4.16;17.75
2041-09;105.16;5;19.25
2041-09;102.34;NA;21.28
2041-09;104.78;5.04;19.98
   2041-09   ;105;4.86;17.25
2041-09;102.23;3.61;22.19
   2041-09   ;108.03;4.7;16.26
2041-09;104.63;3.63;16.92
2041-09;106.75;5.74;21.49
2041-09;107.61;5.7;22.24
2041-09;109.63;5.96;18.58
2041-09;105.91;6.55;16.11
2041-09;103.58;4.99;21.69
2041-09;110.59;5.56;18.95
   2041-09   ;105.54;3.81;17.95
2041-09;106.43;5.65;17.83
2041-09;105.01;5.58;17.76
2041-09;104.7;4.69;21.88
2041-09;108.53;6.12;15.2
2041-09;102.61;3.83;17.08
   2041-09   ;107.6;3.96;17.16
2041-09;107.57;4.3;16.57
2041-09;102.19;6.28;15.28
2041-09;97.83;6.53;19.85
26/09/2041;112.13;6.65;15.12
2041-09;107.65;4.06;14.56
2041-09;106.84;6.49;19.42
   2041-09   ;104.7;3.69;22.58
2041-09;101.89;5.08;14.99
2041-10;101.38;4.42;16.08
2041-10;101.73;4.19;18.32
2041-10;111.79;3.21;19.76
2041-10;106.12;4.95;17.85
2041-10;99.97;5.77;21.97
2041-10;101.37;4.33;19.67
2041-10;106.65;6.12;21.94
2041-10;101.31;5.29;17.66
2041-10;101.61;5.32;21.62
2041-10;109.77;6.67;20.97
2041-10;103.06;4.18;15.71
2041-10;109.32;4.63;16.32
2041-10;103.69;6.26;14.93
2041-10;105.78;5.55;21.83
2041-10;111.33;6.33;22.06
16/10/2041;107.17;4.49;21.98
2041-10;110.44;NA;18.31
2041-10;99.57;5.05;19.98
2041-10;107.5;4.61;16.13
2041-10;110.44;NA;22.65
2041-10;110.18;4.76;22.7
   2041-10   ;101.9;4.71;15.51
2041-10;98.96;4.57;21.2
2041-10;105.96;NA;20.18
2041-10;111.36;4.73;17.15
2041-10;106.34;4.43;20.08
2041-10;105.63;5.63;21.43
28/10/2041;99.01;5.82;14.95
2041-10;100.55;6.42;17.72
2041-10;109.56;5.5;18.98
2041-10;104.04;4.41;15.86
2041-11;105.24;6.65;17.15
2041-11;100.33;4.14;17.71
2041-11;104.86;6.75;19.34
04/11/2041;110.28;5.71;17.34
2041-11;105.03;4.64;16.77
06/11/2041;106.67;6.1;20.42
2041-11;104.89;5.72;17.7
2041-11;102.22;3.54;20.89
2041-11;108.25;4.4;20.79
2041-11;106.57;6.3;20.8
2041-11;98.88;6.07;15.91
12/11/2041;107.76;5.17;16.97
2041-11;103.4;5.35;16.58
2041-11;107.88;5.26;21.94
2041-11;108.68;NA;18.31
2041-11;107.56;5.04;19.46
   2041-11   ;106.49;3.35;21.38
2041-11;104.47;3.53;16.93
   2041-11   ;105.04;6.14;20.89
2041-11;99.26;6.71;18.28
2041-11;106.64;3.78;19.42
2041-11;103.35;NA;16.32
2041-11;103.4;3.8;17.34
   2041-11   ;109.92;5.28;19.62
25/11/2041;99.46;6.26;17.19
2041-11;103.55;4.33;16.74
2041-11;108.2;3.3;15.97
28/11/2041;100.35;4.23;22.25
2041-11;94.27;4.8;16
2041-11;103.88;3.59;21.9
2041-12;106.43;4.16;17.97
2041-12;103.74;4.97;22.98
2041-12;98.06;6.19;21.44
2041-12;109.91;6;17.85
2041-12;105.72;5.7;20.43
2041-12;106.71;5.54;20.81
2041-12;103.14;4.95;20.39
2041-12;105.31;4.39;20.08
   2041-12   ;107.64;4.62;18.67
2041-12;111.65;6.43;18.87
2041-12;99.32;NA;20.33
12/12/2041;107.93;6.4;19.84
2041-12;106.51;4.97;18.48
14/12/2041;103.29;3.27;19.2
2041-12;102.93;4.17;18.93
   2041-12   ;102.21;3.69;14.87
2041-12;101.5;5.13;18.99
2041-12;111.88;5.99;16.45
2041-12;106.49;6.66;18.35
2041-12;107.34;5.8;16.12
2041-12;107;6.12;21.18
2041-12;105.22;3.46;18.24
   2041-12   ;108.1;6.64;20.48
   2041-12   ;105.52;5.43;20.42
25/12/2041;104.65;6.63;16.96
2041-12;99.41;5.67;16.93
27/12/2041;111.93;5.24;16.8
28/12/2041;104.74;6.61;20.13
2041-12;101.16;3.79;20.43
2041-12;106.48;5.42;19.8
2041-12;105.58;3.2;15.15
2042-01;105.93;3.9;19.15
2042-01;109.51;4.25;21.27
2042-01;103.98;6.51;21.63
2042-01;109.56;4.65;21.22
2042-01;108.08;NA;22.04
2042-01;105.32;3.42;20.23
2042-01;108.94;NA;17.71
2042-01;110.2;5.07;21.51
2042-01;100.88;4.54;21.66
2042-01;102.56;3.47;14.57
2042-01;102.84;3.21;22.34
2042-01;101.8;3.73;16.48
2042-01;109.03;6.17;20.95
2042-01;107.61;6.22;19.76
15/01/2042;111.21;3.65;17.67
2042-01;102.4;4.04;15.78
2042-01;113.1;5.58;22.17
2042-01;107;4.98;22.96
19/01/2042;105.03;3.23;17.44
2042-01;107.38;6.37;18.14
2042-01;100.39;3.83;22.01
   2042-01   ;103.54;4.22;18.55
2042-01;96.34;4.43;22.8
2042-01;100.56;5.41;19.71
25/01/2042;108.59;6.06;15.03
   2042-01   ;108.62;5.36;20.27
2042-01;100.24;5.44;20.8
2042-01;111.22;6.12;15.94
2042-01;102.12;5.96;18.63
   2042-01   ;111.47;3.21;21.1
2042-01;107.05;3.38;15.16
2042-02;106.34;4.36;21.36
2042-02;98.54;4.18;18.25
2042-02;116.75;6.6;17.48
2042-02;110.31;6.4;17.96
2042-02;104.14;5.63;22.82
2042-02;101.27;3.33;20.83
2042-02;95.67;5.15;21.88
   2042-02   ;101.9;5.29;18.18
2042-02;103.51;3.49;21.39
2042-02;105.28;3.88;18.97
2042-02;106.16;5.45;22.06
2042-02;100.9;4.64;22.51
2042-02;104.28;6.46;20.42
2042-02;112;3.89;15.27
2042-02;103.87;4.21;15.94
2042-02;100.29;6.6;22.32
2042-02;106.43;5.63;22.88
   2042-02   ;93.92;5.55;15.99
2042-02;99.66;4.95;16.92
2042-02;109.12;6.18;19.02
   2042-02   ;101.25;4.13;18.87
22/02/2042;107.5;6.46;22.55
2042-02;108.26;4.39;22.72
2042-02;100.22;4.87;18.42
2042-02;102.21;5.53;16.7
2042-02;108.46;6.1;21.17
27/02/2042;112.31;3.88;14.57
2042-02;103.07;5.31;15.2
   2042-03   ;108.44;3.89;15.23
2042-03;100.99;4.9;19.56
2042-03;102.77;3.26;20.96
2042-03;107.07;3.25;14.77
2042-03;115.74;6.07;22.72
2042-03;104.07;5.07;21.43
07/03/2042;96.66;5.8;17.59
2042-03;103.9;4.87;16.94
2042-03;97.81;4.17;19.1
2042-03;110.44;4.71;19.11
2042-03;105.98;5.76;20.29
   2042-03   ;110.41;4.7;16.75
2042-03;107.04;4.19;19.95
2042-03;104.51;NA;21.78
2042-03;101.46;3.98;20.83
2042-03;101.41;5.98;16.6
2042-03;104.15;5.35;16.26
2042-03;104.79;4.29;19.41
2042-03;106.88;6.27;21.64
2042-03;101.15;6.05;16.23
2042-03;98.8;5.72;15.11
   2042-03   ;112.94;3.26;22.49
2042-03;104.77;4.78;21.89
2042-03;97.41;4.73;18.68
2042-03;109.22;4.84;14.58
2042-03;101.83;3.7;14.83
2042-03;104.94;5.88;15.8
28/03/2042;105.48;NA;22.61
2042-03;101.02;4.84;16.11
30/03/2042;105.74;5.03;17
31/03/2042;110.11;6.03;19.41
01/04/2042;110.43;3.93;19.42
2042-04;104.22;4.87;15.36
2042-04;97.82;5.94;22.84
   2042-04   ;95.54;NA;19.16
2042-04;101.15;NA;15.14
2042-04;113.3;4.5;17.23
2042-04;105.39;5.61;20.82
2042-04;100.33;6.37;20.17
   2042-04   ;98.85;3.92;22.96
2042-04;107.95;3.73;15.26
2042-04;100.35;4.74;19.98
12/04/2042;109.18;4.64;16.1
2042-04;108.84;5.36;20.02
2042-04;105.37;5.41;16.91
2042-04;110.72;4.94;19.18
   2042-04   ;107.4;4.44;15.32
   2042-04   ;108.08;6.2;14.71
2042-04;100.2;5.26;16.78
2042-04;108.77;5.01;17.34
2042-04;107.37;4.08;22.66
   2042-04   ;109.97;4.39;22.84
2042-04;102.97;5.49;15.32
23/04/2042;109.89;3.73;22.63
2042-04;107.36;6.06;21.28
25/04/2042;101.94;4.62;15.34
2042-04;99.35;5.08;22.26
2042-04;102.33;3.64;15.62
2042-04;100.39;5.52;19.78
2042-04;111.37;6.68;20.79
2042-04;102.24;3.46;22.28
2042-05;108.72;6.39;21.59
2042-05;104.26;3.63;21.86
2042-05;102.71;4.31;17.76
04/05/2042;114.08;4.89;14.8
05/05/2042;103.63;3.76;17.63
2042-05;101;4.88;15.43
2042-05;108.7;4.17;16.6
2042-05;99.59;5.39;19.71
2042-05;108.98;5.06;15.48
2042-05;102.14;6.47;14.93
2042-05;105.08;4.83;18.69
2042-05;105.15;6.12;21.23
13/05/2042;108.52;3.23;22.84
2042-05;112.77;4.13;21.98
2042-05;102.37;6.22;16.86
2042-05;102.57;NA;18.34
17/05/2042;103.09;6.79;15.32
2042-05;104.75;3.94;17.6
2042-05;113.06;4.31;19.89
20/05/2042;110.27;5.99;22.57
2042-05;104.2;3.81;15.19
2042-05;108.59;5.3;22.24
23/05/2042;105;3.41;16.53
2042-05;99.12;3.58;22.43
   2042-05   ;110.77;4.8;17.52
2042-05;104.74;6.33;22.14
2042-05;102.46;3.21;21.57
2042-05;98.98;6.55;14.76
2042-05;108.74;3.57;16.36
2042-05;106.12;4.68;20.87
2042-05;104.62;5.49;19.31
2042-06;110.85;3.91;14.55
2042-06;106.19;5.62;18.38
   2042-06   ;105.21;4.9;17.43
2042-06;103.29;3.35;15.42
2042-06;104.23;6.57;18.57
06/06/2042;106.72;4.09;18.88
2042-06;103.6;3.42;16.15
08/06/2042;108.63;6.33;15.96
2042-06;105.19;6.65;14.76
2042-06;108.25;3.79;18.31
2042-06;97.39;4.37;15.23
2042-06;98.6;5.85;16.35
2042-06;104.57;4.64;18.41
2042-06;110.42;NA;17
2042-06;98.08;3.76;15.79
2042-06;108.8;6.49;17.33
17/06/2042;107.13;6.16;21.71
   2042-06   ;104.83;5.6;21.54
2042-06;92.56;6.48;20.3
20/06/2042;99.88;3.39;15.72
2042-06;100.72;5.94;20.56
2042-06;101.59;3.91;15.71
2042-06;102.24;4.16;16.88
24/06/2042;106.04;5.83;17.71
2042-06;104.87;4.54;14.66
   2042-06   ;106.65;5.56;21.26
27/06/2042;110.92;3.32;20.56
2042-06;110.67;4.58;17.19
2042-06;111.28;3.35;19.31
2042-06;104.74;3.87;21.7
2042-07;109.58;4.19;19.51
2042-07;101.37;3.6;18.75
03/07/2042;103.14;5.18;19.76
2042-07;103.67;3.76;22.84
2042-07;106.84;6.4;18.25
2042-07;105.76;4.74;21.67
2042-07;107.98;4.73;18.9
2042-07;108.39;5.87;21.06
2042-07;103.22;5.11;22.51
2042-07;100.4;5.96;22.59
11/07/2042;108.42;4.36;21.72
12/07/2042;102.24;NA;20.28
2042-07;103.85;4.84;15.29
2042-07;107.77;4.3;19.66
2042-07;98.37;3.8;17.47
16/07/2042;111;6.28;18.86
2042-07;97.63;4.73;21.84
2042-07;107.61;6.32;16.2
2042-07;109.29;6.79;15.38
2042-07;104.84;5.63;19.71
2042-07;106.36;4.27;15.97
2042-07;112.48;3.87;16.58
2042-07;100.12;5.47;18.29
   2042-07   ;106.92;4.72;20.12
2042-07;113.95;3.56;18.44
2042-07;109.59;6.45;19.2
2042-07;106.94;6.71;20.41
2042-07;102.66;5.46;19.98
   2042-07   ;110.48;6.56;14.52
2042-07;106.44;6.59;22.59
   2042-07   ;110.99;5.89;19.08
2042-08;104.92;5.8;21.57
2042-08;102.81;3.89;17.81
2042-08;102.29;3.69;18.52
2042-08;101.77;4.72;22.63
2042-08;105;5.06;18.34
2042-08;100.89;4.58;19.84
07/08/2042;106.56;5.38;22.11
08/08/2042;105.1;6.03;17.71
2042-08;113.56;5.35;21.23
2042-08;107.82;5.03;22.74
   2042-08   ;99.73;5.15;15.16
2042-08;111.25;6.04;22.36
2042-08;106.34;5.11;18.89
2042-08;106.49;3.65;18.36
2042-08;99.2;5.65;14.87
2042-08;103.64;6.05;20.04
2042-08;108.85;4.48;19.15
2042-08;107.95;5.96;15.38
19/08/2042;102.03;4.1;15.48
2042-08;107.79;6.2;22.82
2042-08;105.71;5.83;21.01
2042-08;105.63;3.21;22.16
   2042-08   ;106.83;4.14;21.35
2042-08;105.21;4.47;20.88
2042-08;101.19;3.81;15.02
   2042-08   ;104.46;4.07;22.59
2042-08;103.56;5.69;15.17
2042-08;109.75;5.7;21.81
2042-08;105.37;5.54;21.65
2042-08;98.52;5.97;19.63
2042-08;104.39;5.85;21.32
2042-09;99.6;5.4;18.21
   2042-09   ;107.48;4.76;18.08
2042-09;110.43;3.34;15.58
2042-09;97.46;5.57;19.96
2042-09;110.01;6.64;19.54
2042-09;106.33;6.1;20.76
07/09/2042;106.41;5.84;19.11
08/09/2042;102.31;4.75;22.76
2042-09;103.99;5.41;21.14
2042-09;105.99;3.34;16.09
11/09/2042;100.77;4.14;22.77
2042-09;100.95;5.81;17.51
2042-09;102.28;4.61;18.57
2042-09;104.88;4.1;17.12
2042-09;105.63;6.14;14.99
2042-09;100.77;4.65;17.1
2042-09;114.55;5.21;22.8
2042-09;104.89;3.21;17.88
2042-09;104.02;NA;18.15
20/09/2042;104.05;6.49;17.19
   2042-09   ;101.88;4.81;18.28
2042-09;99.94;5.76;16.31
2042-09;100.82;4.17;22.16
2042-09;102.78;4.77;22.37
25/09/2042;104.87;6.04;19.83
2042-09;104.11;3.47;16.81
2042-09;104.91;3.99;20.63
   2042-09   ;109.95;5.44;22.29
2042-09;98.24;3.59;20.29
2042-09;102.88;3.82;20.19
01/10/2042;103.98;4.01;18.32
2042-10;97.78;4.59;22.79
2042-10;104.14;5.35;20.39
04/10/2042;106.48;4.49;21.74
05/10/2042;104.49;3.37;16.04
2042-10;109.8;4.9;17.16
2042-10;104.47;3.84;20.84
2042-10;111.42;5.18;17.32
2042-10;100.99;6.44;22.36
   2042-10   ;110.68;4.68;20.44
2042-10;103.52;3.72;18.76
2042-10;98.56;5.23;14.68
2042-10;105.52;4.62;21.07
2042-10;108.75;6.61;16.25
   2042-10   ;105.44;3.35;14.62
2042-10;110.48;4.77;19.73
2042-10;110.02;5.55;15.77
2042-10;106.22;6.47;19.41
2042-10;104.35;4.1;20.34
2042-10;106.96;6.1;17.68
2042-10;105.72;6.47;19.94
2042-10;106.22;4.15;21.18
23/10/2042;102.36;5.48;18.61
24/10/2042;106.58;3.27;15.64
2042-10;107.62;6.51;16.42
2042-10;105.43;4.37;18.89
2042-10;106.07;5.9;21.69
2042-10;109.6;5.04;19.94
2042-10;103.76;5.26;22.75
2042-10;107.59;NA;21.71
2042-10;104.02;6.67;20.84
2042-11;102.79;6.43;17.56
02/11/2042;109.21;4.43;17.36
2042-11;101.25;NA;15.74
2042-11;109.3;4.53;18.15
2042-11;102.92;3.47;16.77
2042-11;100.12;4.09;21.35
   2042-11   ;106.3;4.35;20.67
2042-11;107.35;4.63;17.56
2042-11;102.37;4.47;20.26
   2042-11   ;112.87;3.32;19.9
11/11/2042;104.34;6.11;16.64
12/11/2042;95.41;5.95;19.91
2042-11;105.87;6.33;16.51
   2042-11   ;108.7;3.79;14.52
2042-11;105.45;4.27;21.16
2042-11;105.64;3.54;17.09
2042-11;110.95;4.1;21.34
2042-11;101.54;3.33;19.29
19/11/2042;104.62;5.22;22.68
2042-11;104.52;NA;18.7
2042-11;107.01;5.17;17.22
2042-11;94.65;6.09;19.87
2042-11;106.61;4.29;15.05
2042-11;104.82;3.64;16.08
2042-11;105.49;4.29;19.38
2042-11;106.63;3.76;17.99
2042-11;111.9;5.46;16.28
2042-11;100.52;4.1;19.07
2042-11;108.64;5.08;15.17
2042-11;104.92;6.31;16.39
2042-12;102.58;3.44;22.2
02/12/2042;109.45;3.96;21.17
   2042-12   ;98.28;6.56;14.77
2042-12;109.34;6.56;20.74
2042-12;101.54;5.54;14.86
2042-12;105.53;4.88;15.9
2042-12;104.26;3.67;15.87
2042-12;108.22;3.94;22.93
2042-12;109.09;4.77;15.94
2042-12;99.71;4.56;21.42
11/12/2042;106.5;4.92;18.05
2042-12;104.78;5.47;18.41
13/12/2042;99.92;6.72;19.6
2042-12;110.96;6.09;19.11
2042-12;104.44;3.52;20.56
2042-12;101.19;3.62;19.96
2042-12;104.26;5.56;21.99
18/12/2042;100.7;5.3;22.06
2042-12;101.28;6.03;20.27
2042-12;104.52;5.47;18.95
2042-12;105.54;4.63;17.26
2042-12;104.2;3.37;19.45
2042-12;101.49;4.56;18.7
2042-12;106.24;5.54;15.95
2042-12;101.9;6.52;22.8
26/12/2042;104.71;4.56;16.64
2042-12;95.31;6.35;21.5
2042-12;109.75;5.4;18.04
2042-12;100.36;3.81;16.08
2042-12;101.9;5.88;14.98
2042-12;102.5;5.08;14.51
2043-01;102.93;4.19;20.48
02/01/2043;102.53;6.73;15.21
2043-01;104.36;6.61;21.01
2043-01;110.55;3.7;19.86
05/01/2043;106.25;4.06;18.22
2043-01;108.35;5.39;18.74
2043-01;100.08;3.44;16.05
08/01/2043;112.16;6.57;15.15
   2043-01   ;104.23;6.72;21.29
2043-01;107.15;3.79;17.97
11/01/2043;109.77;4.13;21.03
2043-01;99.2;4.39;22.64
2043-01;106.98;6.54;15.41
2043-01;108.47;4.36;16.76
2043-01;101.67;4.57;18.05
2043-01;100.78;3.73;16.38
   2043-01   ;106.23;5.16;22.39
2043-01;104.34;3.75;20.92
2043-01;101;4.02;17.21
2043-01;103.44;3.53;17.09
21/01/2043;102.95;4.43;16.83
2043-01;106.51;3.8;20.18
2043-01;109.74;6.38;17.48
2043-01;100.54;6.41;15.13
25/01/2043;110.26;3.79;16.03
2043-01;97.63;5.28;22.98
2043-01;108.65;4.93;14.89
28/01/2043;109.41;5.39;19.18
   2043-01   ;103.99;6.13;17.74
30/01/2043;113.04;5.43;22.39
2043-01;102.07;5.28;19.15
01/02/2043;96.04;6.56;19.6
2043-02;101.01;6.34;22.91
2043-02;110.28;4.43;18.61
2043-02;107.92;6.47;19.38
2043-02;110.66;3.75;16.25
2043-02;109.96;6.3;21.91
2043-02;107.97;6.07;16.4
2043-02;105.3;NA;20.73
2043-02;101.37;4.14;20.96
2043-02;106.08;4.02;18.41
2043-02;101.68;5.4;20.45
12/02/2043;107.65;4.09;15.79
2043-02;98.57;4.86;16.5
14/02/2043;105.39;6.7;16.64
2043-02;99.12;6.24;19.21
16/02/2043;106.61;5.47;15.58
2043-02;111.89;6.14;17.67
2043-02;102.89;5.47;15.48
2043-02;102.92;4.39;20.61
2043-02;104.2;6.5;16.61
2043-02;97.32;3.51;20.47
2043-02;97.61;5.1;21.89
2043-02;100.11;4.16;21.86
2043-02;103.24;3.51;18.61
2043-02;108.42;3.89;17.87
2043-02;108.8;4.49;21.31
27/02/2043;108.92;5.17;20.21
2043-02;99.65;3.93;19.31
2043-03;107.43;5.12;17.02
   2043-03   ;106.7;5.12;22.44
2043-03;102.4;5.78;17.67
2043-03;103.64;3.34;19.64
05/03/2043;102.01;5.19;14.82
2043-03;103.21;6.27;15.41
07/03/2043;100.68;NA;20.06
2043-03;95.45;3.64;17.46
2043-03;103.21;6.49;16.15
2043-03;106.12;3.58;17.6
2043-03;102.68;NA;21.51
2043-03;105.09;4.5;15.58
2043-03;108.72;5.21;21.51
2043-03;108.71;5.98;17.5
2043-03;114.35;3.92;16.85
2043-03;104.99;3.42;18.95
2043-03;100.15;4.8;21.7
   2043-03   ;105.55;3.51;16.94
2043-03;100.36;6.79;15.04
2043-03;114.1;5.82;14.63
2043-03;112.04;4.88;19.78
2043-03;107.17;6.14;20.94
23/03/2043;100.9;4.12;19.04
   2043-03   ;107.96;3.33;19.24
2043-03;101.06;6.68;15.38
2043-03;112.02;5.28;22.68
2043-03;104.9;4;22.36
2043-03;102.43;6.52;21.81
2043-03;97.88;4.79;20.79
2043-03;103.8;3.67;21.54
2043-03;106.23;4.9;19.67
2043-04;100.68;NA;21.88
2043-04;108.03;6.05;17.88
   2043-04   ;106.18;6;17.38
2043-04;103.09;5.69;20.67
2043-04;101.93;4.37;14.52
2043-04;100.19;6.67;18.73
07/04/2043;103.69;4.82;17.28
2043-04;102.82;4.23;17.79
2043-04;104.56;5.37;20.24
2043-04;106.81;5.57;19.68
2043-04;113.47;3.39;18.26
12/04/2043;110.43;3.65;18.22
2043-04;109.24;3.87;19.11
2043-04;108.13;4.09;16.81
2043-04;97.49;5.65;22.5
2043-04;101.69;4.96;15.77
2043-04;104.32;6.35;22.47
2043-04;109.5;5.55;22.62
2043-04;104.78;5.52;20.14
2043-04;105.41;5.51;18.8
2043-04;106.19;3.63;20.72
2043-04;106.1;5.28;17.53
   2043-04   ;103.9;3.3;16.31
   2043-04   ;107.76;3.39;15.48
2043-04;102.66;3.98;19.62
2043-04;105.03;5.62;19.3
27/04/2043;109.84;4.77;18.16
2043-04;107.08;3.67;22.91
2043-04;99.42;NA;22.23
2043-04;101.03;4.56;14.96
2043-05;103.38;3.26;16.51
   2043-05   ;98.75;4.54;19.24
2043-05;110.53;5.78;15.55
2043-05;96.86;3.62;15.54
2043-05;100.98;3.95;17.85
2043-05;104.56;5.47;20.27
2043-05;108.66;4.89;15.02
2043-05;103.36;6.75;18.99
2043-05;102.22;3.5;14.66
2043-05;107.76;4.47;19.83
2043-05;109.67;3.98;20.74
2043-05;103.31;5.58;17.13
2043-05;100.87;3.2;16.42
2043-05;109.39;3.57;15.72
15/05/2043;103.42;3.39;20.66
2043-05;102.82;5.46;22.1
2043-05;106.14;3.4;20.76
2043-05;97.39;4.82;16.8
2042-05;102.37;6.22;16.86
2020-03;106.91;5.98;15.91
2038-11;103.26;3.62;18.35
2016-06;96.83;3.85;17.37
2023-07;105.96;4.42;19.94
03/08/2021;101.2;5.35;19.82
2030-08;105.08;3.98;18.62
2022-07;109.55;6.45;15.95
2028-04;110.92;3.83;19.03
2031-12;102.64;6.43;15.8
2020-06;108.64;3.52;17.99
2022-03;103.4;4.21;15.6
03/08/2017;101.41;4.93;21.33
   2037-10   ;106.58;3.22;19.13
2024-11;98.49;NA;22.65
2023-10;103.96;3.23;21.53
   2028-11   ;110.2;6.17;16.76
2017-11;108.04;6.76;20.84
2042-07;109.29;6.79;15.38
2038-07;103.79;6.26;20.6
2016-04;106.6;4.3;17.84
2032-12;106.79;5.38;18.12
   2016-06   ;113.16;4.16;20.25
2022-10;102.6;5.67;16.39
2038-12;106.39;5.67;20.45
2035-06;109.33;4.75;20.98
2030-01;109.16;5.35;18.71
2031-05;111.89;3.4;20.99
   2036-10   ;105.14;3.59;20.12
2026-02;107.28;5.95;22.44
2027-08;107.14;4.3;15.05
2027-02;99.66;3.49;20.34
11/07/2042;108.42;4.36;21.72
2032-09;102.5;6.69;18.69
2016-03;100.59;3.26;16.03
2017-01;104.49;5.27;16.79
2019-06;106.84;3.35;22.33
   2036-02   ;106.43;5.68;15.89
21/11/2024;100.39;5.26;17.65
2035-01;104.34;5.91;18
2023-07;112.96;3.65;17.05
2021-09;98.95;3.79;18.56
   2023-02   ;106.55;3.27;17
2039-12;108.99;4.62;19.17
2018-04;96.33;5.29;19.47
2028-01;104.06;4.11;15.23
2021-08;105.76;3.41;20.88
2021-07;105.86;4.35;17.43
10/04/2039;102.67;5.92;22.96
2037-07;109.79;5.68;22.1
2030-01;108.62;5.02;17.25
2026-12;113.36;6.21;22.58
2035-09;108.36;4.45;21.76
2030-06;105.37;3.51;16.41
2024-02;108.4;6.3;15.86
2019-04;112.03;4.57;19.85
2022-09;106.03;4.03;16.41
2024-06;109.76;4.44;19.06
2019-03;107.4;3.26;19.45
   2035-10   ;106.77;5.07;20.45
08/01/2043;112.16;6.57;15.15
04/11/2037;106.91;4.35;18.67
2017-07;105.07;5.05;20.61
13/03/2027;103.72;3.79;16.06
2030-05;109.08;4;16.92
2034-01;106.28;6.56;14.63
2040-08;103.06;3.8;20.89
   2022-12   ;97.57;4.08;21.88
2020-05;105.79;4.36;18.3
28/12/2022;101.34;3.32;21.68
2031-02;111.69;6.04;19.26
2021-11;104.37;5.09;15.1
08/02/2016;100.75;4.79;16.47
2022-06;99.95;3.65;20.83
2030-01;102.93;4.02;21.95
2022-12;105.15;4.18;20.51
2022-01;107.69;3.6;17.32
2026-07;110.92;6.1;16.53
27/12/2018;108.8;6.79;15.09
2038-12;103.1;4.78;20.3
2021-08;98.11;6.18;20.57
2016-12;104.52;5.65;17.32
2039-09;102.49;4.14;16.87
2030-01;102.23;4.81;19.36
2039-02;110.68;6.2;20.89
2018-04;104.03;5.8;21.09
   2028-10   ;104.71;3.61;16.09
2018-09;103.1;NA;20.79
2030-10;107.44;3.87;20.21
2034-02;108.19;6.71;21.26
   2040-07   ;105.51;6.39;22.53
12/05/2018;109.77;4.75;19.95
2025-04;103.52;5.69;22.6
   2042-04   ;109.97;4.39;22.84
2040-06;102.63;5.13;19.56
06/09/2027;107.76;6.07;15.12
2023-12;108.68;NA;17.63
2034-08;105.91;6.17;19.71
2037-03;105.18;5.77;15.69
2031-03;104.42;3.31;19.18
2022-06;104.85;4.31;19.82
2022-04;108.79;6.68;15.57
2037-09;102.46;NA;21.66
2018-12;105.21;6.1;16.16
   2022-04   ;102.16;4.88;18.95
2025-12;108.33;3.47;17.57
2030-08;110.59;6.62;16.05
22/12/2027;108.63;4.18;18.97
13/08/2041;105.53;4.04;20.56
2033-04;109.29;4.76;21.8
30/04/2017;106.91;5.3;18.65
2037-06;105.59;3.23;15.71
   2042-04   ;98.85;3.92;22.96
2028-05;110.06;4.08;18.07
2028-02;108.35;4.73;22.49
2043-02;105.3;NA;20.73
2020-10;105.52;6.52;19.23
2042-10;108.75;6.61;16.25
2029-09;105.68;4.29;19.66
2040-01;113.6;4.48;18.13
2040-08;110.47;5.16;16.19
2021-08;106.55;4.79;22.05
2017-03;104.34;4.2;15.48
2033-09;106;5.98;14.93
   2024-12   ;112.51;4.1;21.82
2037-03;104.88;5.87;17.59
2033-07;101.54;4.01;18.17
2038-11;106.98;5.6;20.57
16/05/2035;101.11;5.93;18.46
2038-10;103.54;5.34;17.67
2026-02;105.38;5.6;14.81
2027-07;104.23;3.33;14.6
2017-10;104.64;6.67;16.72
   2033-04   ;105.99;5.72;16.89
2037-08;103.58;4.21;20.1
2020-09;104.01;4.79;22.62
2037-03;105.82;4.12;22.35
2026-02;98.5;4.6;18.68
2039-10;100.44;6.31;17.54
2036-07;108.82;3.68;18.92
2028-01;100.37;6.56;15.63
2038-07;102.84;5.38;14.94
22/05/2034;101.55;4.6;17.34
   2021-10   ;102.99;3.26;18.55
2019-07;99.84;3.99;18.25
2036-06;109.27;5.97;20.55
   2039-03   ;103.61;6.43;17.59
2025-05;106.55;3.49;22.12
2026-08;100.75;NA;17.02
2020-10;105.87;5.51;16.1
2038-10;108.44;3.43;19.92
2033-02;106.04;5.83;22.23
2039-02;107.49;5.59;19.23
2022-07;109.22;5.6;16.29
2041-05;108.38;5.19;22.76
2017-01;100.87;3.44;18.88
2036-06;106.92;3.83;17.76
23/11/2035;107.2;5.78;17.25
2026-06;103.83;4.39;16.53
22/09/2037;110.06;5.27;15.67
2041-07;106.27;5.21;14.72
2042-11;104.82;3.64;16.08
2039-11;105.79;NA;18.53
08/08/2042;105.1;6.03;17.71
2028-10;109.65;5.78;22.69
2024-11;99.74;4;17.1
25/07/2040;104.98;6.09;20.74
2030-05;103.67;4.44;21.24
2041-11;106.57;6.3;20.8
2039-11;103.09;4.92;21.25
2031-07;105.69;6.3;18.9
2030-12;103.69;5.86;17.03
2034-05;105.79;6.58;17.07
2039-05;101.79;5.65;21.88
2042-10;110.48;4.77;19.73
2041-01;106.99;3.48;15.31
2022-10;104.91;6.32;19.81
2030-02;100.04;4.13;19.97
2023-02;103.62;5.66;22.23
2034-04;102.07;3.89;15.68
2039-05;110.72;5.58;18.06
2024-02;108.78;4.38;19.58
2017-08;101.33;5.41;18.9
08/01/2041;105.23;4.43;18.15
2033-11;102.92;5.86;15.53
2042-03;100.99;4.9;19.56
27/01/2021;104.49;3.52;20.9
2020-12;105.92;3.49;14.85
2036-01;110.61;4.96;17.9
2029-03;104.94;6.79;20.85
11/01/2022;103.57;4.76;18.66
2022-06;101.52;3.84;19.02
2034-03;111.98;6.17;16.44
2016-01;102.43;3.49;14.57
29/05/2028;98.52;5.43;22.73
01/06/2027;97.61;5.12;20.57
   2020-09   ;101.42;5.09;22.29
2028-01;102.36;4.06;18.82
2016-03;103.26;6.36;22.85
2027-04;104.29;5.93;21.82
2018-05;107.68;6.13;18.23
2042-05;104.26;3.63;21.86
2041-05;105.61;6.07;14.54
2019-03;111.74;4.42;17.66
22/11/2040;116.46;5.81;16.26
06/08/2039;109.67;3.29;17.24
2031-08;108.23;3.96;15.13
2022-06;107.14;6.18;16.79
2037-12;103.68;5.36;19.51
2036-11;100.3;6.16;21.01
2023-09;103.24;6.3;18.73
   2022-03   ;104.82;6.79;17.24
2017-12;108.71;6.36;22.68
2026-07;105.56;6.41;19.93
2022-04;102.82;5.39;16.45
2020-02;108.36;3.25;20.57
2020-11;109.79;6.57;22.11
2025-05;103.43;6.75;21.86
2032-06;108.2;6.61;16.48
2021-09;104.25;3.91;20.11
2041-03;103.42;5.78;20.57
2032-12;103.57;4.81;14.65
2029-01;109.59;4.28;20.74
2026-10;100.22;6.39;19.44
2035-04;106.33;5.1;19.87
   2016-08   ;102.59;5.77;22.85
2032-12;106.08;4;17.66
2027-05;105.33;NA;15.38
2024-05;100.4;3.65;18.28
2036-07;102.71;5.32;14.54
2023-09;111.76;3.56;14.82
2038-08;105.79;4.98;19.28
29/03/2034;107.35;5.05;17.64
2018-10;106.17;3.39;20.56
2033-05;104.91;6.11;16.12
2021-01;102.9;3.6;21.08
2020-02;99.45;5.44;21.78
04/10/2025;103.12;4.82;15.46
   2038-03   ;108.31;6.04;16.04
20/10/2022;103.74;3.54;21.21
2040-05;105.27;5.71;22.27
2019-04;101.67;6.48;19.2
2032-10;114.62;3.67;22.24
2035-03;107.84;4.57;21.82
2042-03;101.41;5.98;16.6
2018-07;104.42;6.7;14.67
2024-01;102.32;6.37;20.45
2028-10;109.05;6.68;15.19
2019-12;105.75;4.16;19.27
   2028-04   ;99.93;6.75;22.48
2021-10;110.95;4.41;18.98
2036-01;97.51;6.45;22.99
2027-04;104.61;3.95;22.35
   2030-03   ;108.58;5.49;18.65
2026-05;98.87;4.79;17.25
23/06/2030;106.88;5.15;21.16
2041-09;110.59;5.56;18.95
   2029-07   ;103.94;6.73;19.43
2026-10;102.05;4.46;17.61
2027-11;106.8;5.66;21.32
2038-01;109.04;6.11;19.07
2018-06;102.47;3.55;22.73
2036-07;106.43;4.45;15.37
25/06/2029;100.72;5.81;20.7
2026-12;105.78;6.25;15.61
2035-03;109.72;3.25;19.99
03/07/2027;105.62;5.6;18.99
2018-11;104.58;5.72;15.96
05/02/2032;93.59;6.19;19.48
2038-09;107.17;3.89;16.52
2031-04;105.02;3.71;16.98
03/07/2033;106.49;3.59;14.57
2019-06;104.65;6.54;16.95
   2025-09   ;106.21;6.52;20.71
09/05/2039;104.77;4.32;21.35
20/02/2039;104.94;5.7;20.22
06/12/2036;105.81;3.73;18.1
2019-02;96.11;3.53;22.96
2026-06;103.2;4.58;16.32
2023-05;105.24;5.64;19.56
2033-11;111.16;3.89;19.94
2031-12;102.34;6.18;18.11
19/04/2038;109.33;4.88;15.69
2038-11;105.12;5.84;19.37
26/02/2035;102.69;5.33;19.52
2024-07;105.17;5.64;14.94
2026-10;106.86;5.63;18.44
2039-09;101.41;5.59;15.54
2024-03;105.77;5.95;22.66
2016-04;109.82;4.51;19.47
2039-11;108.05;6.67;19.44
2038-02;108.68;6.04;19.14
2035-08;101.95;5.06;19.7
   2021-05   ;103.26;4.3;15.19
2037-07;108.24;6;15.81
2019-11;102.4;NA;16.44
2024-04;107.49;4.79;21.62
2016-07;103.54;6.67;16.61
2018-03;94.73;4.18;17.89
2034-08;100.63;4.33;15.28
